model,method,target_class,stage_name,group_name,seed,output_dir,mixed_F1@0.5,mixed_F1@0.95,mixed_Precision@0.5,mixed_Precision@0.95,mixed_Recall@0.5,mixed_Recall@0.95,mixed_mAP@0.5,mixed_mAP@0.5:0.95,mixed_mAP@0.75,mixed_mAP@0.95,target_F1@0.5,target_F1@0.95,target_Precision@0.5,target_Precision@0.95,target_Recall@0.5,target_Recall@0.95,target_mAP@0.5,target_mAP@0.5:0.95,target_mAP@0.75,target_mAP@0.95,target_delta_F1@0.5,target_delta_F1@0.95,target_delta_Precision@0.5,target_delta_Precision@0.95,target_delta_Recall@0.5,target_delta_Recall@0.95,target_delta_mAP@0.5,target_delta_mAP@0.5:0.95,target_delta_mAP@0.75,target_delta_mAP@0.95,mixed_delta_F1@0.5,mixed_delta_F1@0.95,mixed_delta_Precision@0.5,mixed_delta_Precision@0.95,mixed_delta_Recall@0.5,mixed_delta_Recall@0.95,mixed_delta_mAP@0.5,mixed_delta_mAP@0.5:0.95,mixed_delta_mAP@0.75,mixed_delta_mAP@0.95,average_forgetting
base,det_lora_grow_freeze,military_aircraft,stage_1,base:det_lora_grow_freeze:military_aircraft:stage_1,42,experiments/suites/thesis_l40_main/extend/model_base/seed_42/det_lora_grow_freeze/military_aircraft/stage_1,0.08006338678646603,0.005863175519149072,0.043591010711263374,0.003204857113560907,0.911770470590629,0.08003263449026353,0.611192558946115,0.4030421971320104,0.4591350237990613,0.010764746052981862,0.026925746009715475,0.002498265093684941,0.013661971830985916,0.0012676056338028169,0.9238095238095239,0.08571428571428572,0.7310556786330357,0.45719247881914715,0.5510338258336243,0.012814990256029132,-0.00031160807588763786,-0.00028105675178476466,-0.00015836380573669082,-0.00014263269647500003,-0.00952380952380949,-0.009523809523809518,-0.023253451176875384,-0.014280290813018626,-0.0022971370086118936,-0.007991910390218423,0.043403649447984874,0.0031917882913444075,0.024780588058358803,0.0018380404657731347,-0.050005977880203445,-0.005830096480658353,-0.01449563408823229,-0.017447553082090117,-0.013741446776961375,-0.007318313837163299,
base,det_lora_grow_freeze,military_aircraft,stage_1,base:det_lora_grow_freeze:military_aircraft:stage_1,43,experiments/suites/thesis_l40_main/extend/model_base/seed_43/det_lora_grow_freeze/military_aircraft/stage_1,0.037376429070206135,0.0029661796655479702,0.019262619313616062,0.0015254225739563183,0.9353903254143683,0.0865093076053081,0.6121602162088559,0.40484303008926087,0.46263266727956304,0.00906615085947629,0.026925746009715475,0.0022206800832755033,0.013661971830985916,0.0011267605633802818,0.9238095238095239,0.0761904761904762,0.7408067701257628,0.453238914977068,0.5478078697617559,0.009971262813110027,0.0,-0.0005551700208188759,0.0,-0.00028169014084507044,0.0,-0.019047619047619035,-0.0035349057051096144,-0.018149344625967512,0.0012486593523526324,-0.009355473477618058,0.001101570301170092,-0.00010587684016121748,0.000622977038969616,-4.821557700321593e-05,-0.023823978463698103,-0.005572684709375358,-0.014384988813019639,-0.02096288242606359,-0.0171752143992403,-0.00418165013371069,
base,det_lora_grow_freeze,military_aircraft,stage_1,base:det_lora_grow_freeze:military_aircraft:stage_1,44,experiments/suites/thesis_l40_main/extend/model_base/seed_44/det_lora_grow_freeze/military_aircraft/stage_1,0.03421039178736429,0.003627090223912039,0.017494944941485638,0.001857491567164158,0.9554278630858586,0.09292510172836067,0.643231050709061,0.42054702210382916,0.47456374949506963,0.014122895807468025,0.027203331020124913,0.0019430950728660651,0.01380281690140845,0.0009859154929577464,0.9333333333333333,0.06666666666666667,0.7486559098829727,0.460080426828272,0.535556439468229,0.0055325846446894035,0.00027758501040943753,0.0,0.00014084507042253468,0.0,0.00952380952380949,0.0,-0.005835953139213701,-0.015255645275870477,-0.014863975992646439,-0.0009840099172251536,-0.001333730777563824,0.0009550855809497202,-0.0007573535261035207,0.0004924368820933551,-0.007383422839275622,0.004421538480905152,0.011392809717664543,-0.0060544837801777,-0.006547761470998836,-0.004624877249015011,
base,det_lora_grow_freeze,military_aircraft,stage_2,base:det_lora_grow_freeze:military_aircraft:stage_2,42,experiments/suites/thesis_l40_main/extend/model_base/seed_42/det_lora_grow_freeze/military_aircraft/stage_2,0.0581576066191054,0.004285011813413065,0.031470449476479014,0.002324376002250377,0.930106507441011,0.07685803131566034,0.6067573719512991,0.39755898475003404,0.45249903201295116,0.010057568853212684,0.027203331020124913,0.0019430950728660651,0.01380281690140845,0.0009859154929577464,0.9333333333333333,0.06666666666666667,0.7337625341303083,0.46214037559465504,0.5642206371815223,0.007963860902219256,0.00027758501040943753,-0.0005551700208188757,0.00014084507042253468,-0.00028169014084507044,0.00952380952380949,-0.01904761904761905,0.0027068554972726755,0.004947896775507887,0.013186811347898009,-0.004851129353809876,0.01352201316167391,0.0009427216117804164,0.0084137320692106,0.0006026949927773848,-0.030470900262435485,-0.005799275090613676,-0.01825933149681158,-0.022707973582255347,-0.02110199594319412,-0.007085454638957597,
base,det_lora_grow_freeze,military_aircraft,stage_2,base:det_lora_grow_freeze:military_aircraft:stage_2,43,experiments/suites/thesis_l40_main/extend/model_base/seed_43/det_lora_grow_freeze/military_aircraft/stage_2,0.04076896074312784,0.003391676866707851,0.021031194012424717,0.0017450798790269284,0.9397147095651445,0.09127121236721286,0.6074306553014471,0.40026318848791265,0.45790440568949614,0.008661454027578548,0.027203331020124913,0.0030534351145038168,0.01380281690140845,0.0015492957746478873,0.9333333333333333,0.10476190476190476,0.7456928176536057,0.45641780379295555,0.5671865061377315,0.0200892261454386,0.00027758501040943753,0.0008327550312283135,0.00014084507042253468,0.00042253521126760555,0.00952380952380949,0.028571428571428567,0.0048860475278429405,0.0031788888158875706,0.01937863637597559,0.010117963332328573,0.0007176519531919973,8.050444653878198e-05,0.0003958452224523401,4.4625710462064356e-05,-0.014740703134566324,0.004761904761904759,-0.02195494444751933,-0.026891602999148667,-0.027477125739396646,-0.003392486487691214,
base,det_lora_grow_freeze,military_aircraft,stage_2,base:det_lora_grow_freeze:military_aircraft:stage_2,44,experiments/suites/thesis_l40_main/extend/model_base/seed_44/det_lora_grow_freeze/military_aircraft/stage_2,0.04179447009267937,0.004357538592501427,0.02167538570196909,0.002266453651099624,0.9524957558192547,0.09117661041152404,0.646601773959131,0.421298864764887,0.47281440694361127,0.011352230223408524,0.026925746009715475,0.0022206800832755033,0.013661971830985916,0.0011267605633802818,0.9238095238095239,0.0761904761904762,0.7471866232817578,0.45338187043369665,0.5328264942451663,0.008279213048940854,-0.00027758501040943753,0.0002775850104094382,-0.00014084507042253468,0.00014084507042253533,-0.00952380952380949,0.009523809523809532,-0.0014692866012149253,-0.006698556394575339,-0.002729945223062691,0.00274662840425145,0.006456779332989174,0.0012798767370801804,0.0035488295067144446,0.0006910270918622425,-0.008762063492171901,-0.0030608272748418874,0.019547557089624634,-0.002112005101079284,-0.0044063362003673445,-0.010117241024618221,
base,det_lora_grow_freeze,military_helicopter,stage_1,base:det_lora_grow_freeze:military_helicopter:stage_1,42,experiments/suites/thesis_l40_main/extend/model_base/seed_42/det_lora_grow_freeze/military_helicopter/stage_1,0.051348616602036705,0.004159520487520673,0.027310721784868194,0.0022089609880618726,0.9454354567271138,0.08398327859555556,0.613097484810509,0.39945539077748027,0.45382937395908995,0.011157290225346039,0.02463991303560105,0.00036235166228825073,0.012477064220183486,0.0001834862385321101,0.9784172661870504,0.014388489208633094,0.7587640930404268,0.3774177072734195,0.37753607335267164,6.221760588208469e-05,0.00036235166228825236,-0.0005435274934323763,0.00018348623853210906,-0.00027522935779816516,0.014388489208633115,-0.021582733812949638,-0.031111370893233015,-0.06101172268577992,-0.07027374456127394,-0.0007217886370101856,0.014688879263555547,0.0014881332597160087,0.008500299131963623,0.0008421443402741003,-0.016340991743718614,-0.001879452375366325,-0.012590708223838343,-0.021034359436620242,-0.019047096616932713,-0.006925769664799122,
base,det_lora_grow_freeze,military_helicopter,stage_1,base:det_lora_grow_freeze:military_helicopter:stage_1,43,experiments/suites/thesis_l40_main/extend/model_base/seed_43/det_lora_grow_freeze/military_helicopter/stage_1,0.03650261232409698,0.003304630448438494,0.018776854537829495,0.0016981485576272762,0.9477313181829429,0.08743386345253999,0.6052044672929273,0.3973472219586757,0.4438367607462111,0.009640196359825234,0.024458737204456925,0.0010870549868647525,0.012385321100917432,0.0005504587155963303,0.9712230215827338,0.04316546762589928,0.827446741827615,0.45592267492457045,0.4847237107196088,0.002988094457506299,0.0005435274934323733,-0.0001811758311441251,0.0002752293577981662,-9.174311926605496e-05,0.021582733812949617,-0.007194244604316544,0.004041521911989143,-0.020659628451409173,-0.04227877595551449,-0.0007299106052601053,0.00022775355506093886,0.00023257394272930632,0.0001372122631830494,0.000124510406667742,-0.011482985695123515,-0.004648128862143469,-0.021340737728948178,-0.028458690556648736,-0.03597112093259225,-0.003607604633361747,
base,det_lora_grow_freeze,military_helicopter,stage_1,base:det_lora_grow_freeze:military_helicopter:stage_1,44,experiments/suites/thesis_l40_main/extend/model_base/seed_44/det_lora_grow_freeze/military_helicopter/stage_1,0.03249030872365287,0.0029757581911570683,0.016589332218491272,0.0015182052230443336,0.9550048632491613,0.0915780267535737,0.6476782063120481,0.4214511849413001,0.4648342093636124,0.015298336181994152,0.024277561373312797,0.0007247033245765015,0.012293577981651376,0.0003669724770642202,0.9640287769784173,0.02877697841726619,0.7911152142877169,0.3993162498563728,0.37463233390033923,0.0011648223645894002,-0.0001811758311441279,-0.00018117583114412553,-9.17431192660554e-05,-9.174311926605507e-05,-0.007194244604316502,-0.007194244604316544,-0.03167958237584878,-0.05013176109219586,-0.10278004004312535,2.5716422449963312e-05,-0.0030538138412752464,0.0003037535481947495,-0.0016629662490978865,0.00015315053797353064,-0.007806422675972868,0.0030744635061181746,0.015839965320651683,-0.005150320942706732,-0.01627730160245605,-0.0034494368744888843,
base,det_lora_grow_freeze,military_helicopter,stage_2,base:det_lora_grow_freeze:military_helicopter:stage_2,42,experiments/suites/thesis_l40_main/extend/model_base/seed_42/det_lora_grow_freeze/military_helicopter/stage_2,0.07226408121706297,0.005523067297601728,0.04106541070889267,0.00313287992188825,0.9296875459861084,0.08032388123514053,0.6058905640684803,0.3951051550339084,0.4472324596384589,0.012213853344640714,0.024277561373312797,0.00036235166228825073,0.012293577981651376,0.0001834862385321101,0.9640287769784173,0.014388489208633094,0.7631207145384392,0.38844947199104796,0.3872525138869957,6.187626093507075e-05,-0.00036235166228825236,0.0,-0.00018348623853210906,0.0,-0.014388489208633115,0.0,0.004356621498012414,0.011031764717628456,0.009716440534324078,-3.4134494701393465e-07,0.034236436075027715,0.0026024475404988015,0.021500977954435188,0.0016336182215255202,-0.032899682432194655,-0.003659397360415026,-0.00026508163318883504,-0.00825342691181824,-0.008625747487789603,-0.006172987245727573,
base,det_lora_grow_freeze,military_helicopter,stage_2,base:det_lora_grow_freeze:military_helicopter:stage_2,43,experiments/suites/thesis_l40_main/extend/model_base/seed_43/det_lora_grow_freeze/military_helicopter/stage_2,0.037610168240227955,0.0034933201284413954,0.019392231683142736,0.001799233548449599,0.9409643948760733,0.08712807643319896,0.5984521203854661,0.3897169156018603,0.4338399418780318,0.010305454951165164,0.024096385542168672,0.0010870549868647525,0.012201834862385321,0.0005504587155963303,0.9568345323741008,0.04316546762589928,0.8011706117969333,0.42998361813696706,0.4464099637171372,0.0026605205430722716,-0.00036235166228825236,0.0,-0.0001834862385321108,0.0,-0.014388489208633004,0.0,-0.026276130030681744,-0.025939056787603387,-0.03831374700247159,-0.00032757391443402747,0.004127158722592568,0.00038037991304378134,0.002216510551258634,0.0002044752479341118,-0.02084301523989429,-0.003754875114098402,-0.0030424018278178977,-0.019629308207164742,-0.02528405455056315,-0.002687110154510477,
base,det_lora_grow_freeze,military_helicopter,stage_2,base:det_lora_grow_freeze:military_helicopter:stage_2,44,experiments/suites/thesis_l40_main/extend/model_base/seed_44/det_lora_grow_freeze/military_helicopter/stage_2,0.035622285709585054,0.003414370105558225,0.01833298184219918,0.0017604529390961461,0.9526877669388346,0.08926167473131143,0.6458075145825539,0.42045178516217857,0.46392363738941084,0.014749979267437636,0.024096385542168672,0.0007247033245765015,0.012201834862385321,0.0003669724770642202,0.9568345323741008,0.02877697841726619,0.784920164051409,0.39613951578602086,0.37638216386547746,0.0010154861640010156,-0.00018117583114412444,0.0,-9.17431192660554e-05,0.0,-0.007194244604316502,0.0,-0.006195050236307953,-0.003176734070351961,0.0017498299651382276,-0.00014933620058838457,0.0062691548811862965,0.0007753903200080742,0.003393872139917164,0.000416927297510641,-0.010513568392557682,-0.002316352022262269,0.04326171472791007,0.013444172703361623,0.011276105894991395,-0.008631659510372524,
base,det_lora_grow_freeze,military_tank,stage_1,base:det_lora_grow_freeze:military_tank:stage_1,42,experiments/suites/thesis_l40_main/extend/model_base/seed_42/det_lora_grow_freeze/military_tank/stage_1,0.04010201148010722,0.0027088047426702742,0.020703825739056162,0.0013941325815824187,0.9318738127478357,0.07771716701115615,0.604548438705233,0.3919031924320673,0.4392201972218055,0.011109538422842407,0.029114148766199183,0.0014202023788389847,0.014774774774774775,0.0007207207207207207,0.9879518072289156,0.04819277108433735,0.8338793368865332,0.5132469132303259,0.5567598857636713,0.005308931415512663,0.0001775252973548712,-0.0007101011894194921,9.00900900900909e-05,-0.00036036036036036037,0.0060240963855421326,-0.02409638554216867,-0.04570149795625156,-0.05770536064159526,-0.07906316256324386,-0.008248654594159952,0.00344227414162606,3.7417514865609874e-05,0.0018934030861515912,2.7315933794646403e-05,-0.029902635722996784,-0.008145563959765734,-0.021139754329114302,-0.02858655778203323,-0.03365627335421717,-0.006973521467302754,
base,det_lora_grow_freeze,military_tank,stage_1,base:det_lora_grow_freeze:military_tank:stage_1,43,experiments/suites/thesis_l40_main/extend/model_base/seed_43/det_lora_grow_freeze/military_tank/stage_1,0.02900489474499478,0.0023902399889140615,0.014761300839445171,0.0012135436251746769,0.9449457201163197,0.08957061558929212,0.6219336104201633,0.40937257637283325,0.4605791847280117,0.008932076358807557,0.029114148766199183,0.0023078288656133497,0.014774774774774775,0.0011711711711711711,0.9879518072289156,0.0783132530120482,0.8549632053282107,0.5530553749277864,0.6260362287727487,0.01545029285369345,0.0001775252973548712,0.0,9.00900900900909e-05,0.0,0.0060240963855421326,0.0,-0.0102007962877817,-0.0070534494797054315,-0.005671213652297502,0.0001950745680912528,-0.007269964024041262,-0.0006818165167951262,-0.0038783414352012748,-0.0003600945257848573,-0.014268583761746667,-0.00251137672539134,-0.004611594601712232,-0.016433336142491206,-0.019228696950791657,-0.004315724634379424,
base,det_lora_grow_freeze,military_tank,stage_1,base:det_lora_grow_freeze:military_tank:stage_1,44,experiments/suites/thesis_l40_main/extend/model_base/seed_44/det_lora_grow_freeze/military_tank/stage_1,0.040542815964576644,0.0032597677073357765,0.021088327159413348,0.0016835487771694685,0.9452676762413441,0.08958930882422245,0.6467731656923787,0.4227075732084457,0.4728565671164778,0.014143128405639471,0.029291674063554058,0.0033729806497425885,0.014864864864864866,0.0017117117117117118,0.9939759036144579,0.1144578313253012,0.8599940808935576,0.5656360267739087,0.6479209498062863,0.03065626381717048,0.00017752529735487466,0.0,9.00900900900909e-05,0.0,0.006024096385542244,0.0,-0.017251892874739938,-0.006641578810999471,0.0014752385169302107,-0.00025115440137234504,0.004998693399648528,0.0005877630643734578,0.002836028691824189,0.0003184940920986656,-0.017543609683790096,0.001085745576766925,0.014934924700982344,-0.0038939326755611514,-0.00825494384959069,-0.0046046446508435646,
base,det_lora_grow_freeze,military_tank,stage_2,base:det_lora_grow_freeze:military_tank:stage_2,42,experiments/suites/thesis_l40_main/extend/model_base/seed_42/det_lora_grow_freeze/military_tank/stage_2,0.09834145242234865,0.005920529364121131,0.06440816881410814,0.003794943492919744,0.8936902866658653,0.07540081498889388,0.5975944882616734,0.3903733642582959,0.439810377525709,0.010788330864248352,0.029114148766199183,0.0012426770814841115,0.014774774774774775,0.0006306306306306306,0.9879518072289156,0.04216867469879518,0.837661262518188,0.5313380861782095,0.5890797406782385,0.0044561231139254864,0.0,-0.00017752529735487314,0.0,-9.009009009009015e-05,0.0,-0.006024096385542174,0.0037819256316548033,0.01809117294788365,0.032319854914567236,-0.0008528083015871763,0.06110603348372568,0.0035191407769586814,0.0452718035974561,0.002566716032598576,-0.06873273843935335,-0.002316352022262269,-0.03785343404847841,-0.029988141963156134,-0.02616041476722686,-0.006073067950296222,
base,det_lora_grow_freeze,military_tank,stage_2,base:det_lora_grow_freeze:military_tank:stage_2,43,experiments/suites/thesis_l40_main/extend/model_base/seed_43/det_lora_grow_freeze/military_tank/stage_2,0.03499094326861573,0.0029437261669425347,0.01793687388923988,0.0015090991366144035,0.949737965559127,0.0885665995250351,0.6051501303130568,0.3985628919161887,0.4494405626610675,0.009225896905544238,0.029114148766199183,0.002130303568258477,0.014774774774774775,0.001081081081081081,0.9879518072289156,0.07228915662650602,0.8600407660180874,0.5519454308849477,0.6191112680103593,0.014818890429869249,0.0,-0.00017752529735487292,0.0,-9.009009009009004e-05,0.0,-0.006024096385542174,0.005077560689876748,-0.0011099440428387064,-0.006924960762389354,-0.0006314024238242011,-0.0032467710877986944,-0.0002443412132147908,-0.0016926106167504881,-0.00012161925127190422,-0.010675238831235001,-0.0010040160642570267,-0.018611236116656715,-0.026205779632847648,-0.028827025954141106,-0.0041054544307979855,
base,det_lora_grow_freeze,military_tank,stage_2,base:det_lora_grow_freeze:military_tank:stage_2,44,experiments/suites/thesis_l40_main/extend/model_base/seed_44/det_lora_grow_freeze/military_tank/stage_2,0.030206697600955127,0.002635439633833781,0.015378839658655935,0.0013408631471833108,0.9516511408981901,0.09172606096097459,0.6403166345526106,0.4196938906151773,0.4691975751666155,0.013919864155347522,0.029114148766199183,0.0033729806497425885,0.014774774774774775,0.0017117117117117118,0.9879518072289156,0.1144578313253012,0.8582183777705179,0.5662909734038972,0.6513116400578874,0.030480866167963288,-0.00017752529735487466,0.0,-9.00900900900909e-05,0.0,-0.006024096385542244,0.0,-0.0017757031230396514,0.0006549466299885509,0.003390690251601103,-0.00017539764920719222,-0.016229079466280914,-0.0009013095206313743,-0.008632267187997056,-0.00048375382444832554,-0.014139723498418189,0.002136752136752143,0.010043221514128287,-0.004825214756678742,-0.005188749018826766,-0.005162078421057278,
base,det_lora_warm_start,military_aircraft,stage_1,base:det_lora_warm_start:military_aircraft:stage_1,42,experiments/suites/thesis_l40_main/extend/model_base/seed_42/det_lora_warm_start/military_aircraft/stage_1,0.04858354869222318,0.005613652773710821,0.02539915314159835,0.002938963570012854,0.9056157604901838,0.12005517945521808,0.5840921550333705,0.39797440833499187,0.46284674312765284,0.011316974562195327,0.026925746009715475,0.0036086051353226923,0.013661971830985916,0.0018309859154929577,0.9238095238095239,0.12380952380952381,0.689472064456942,0.42227909663848145,0.5076200775056111,0.01727095232801243,0.0,-0.00027758501040943797,0.0,-0.0001408450704225351,0.0,-0.009523809523809518,-0.04568189168858172,-0.04562123483547115,-0.052068294280553595,-0.00466261164501194,0.01753916378163712,0.0019888731508763964,0.009566776962165312,0.0010939409971727021,-0.05739055013807948,-0.00963558789310641,-0.022924263001793843,-0.021857989783173715,-0.0215477522206598,-0.007401079193795434,
base,det_lora_warm_start,military_aircraft,stage_1,base:det_lora_warm_start:military_aircraft:stage_1,43,experiments/suites/thesis_l40_main/extend/model_base/seed_43/det_lora_warm_start/military_aircraft/stage_1,0.039987211762470797,0.0046185001804717775,0.020873044993401795,0.0024007833592470727,0.9307922747663356,0.12090752450943425,0.5881528676555492,0.39632561988069687,0.45939512870831983,0.009461920197487142,0.026648160999306038,0.0030534351145038168,0.013521126760563381,0.0015492957746478873,0.9142857142857143,0.10476190476190476,0.6750646044256574,0.4145864710052213,0.5054692887397646,0.007879921186190929,-0.0008327550312283161,-0.00027758501040943797,-0.00042253521126760576,-0.00014084507042253533,-0.02857142857142858,-0.009523809523809518,-0.06468640957743721,-0.06308972960310016,-0.06273926350073622,-0.011608510246965385,0.009338119209204722,0.000800760609129,0.005243343607133209,0.0004555592107981707,-0.02745349635231986,-0.004613870554503893,-0.02177315517199352,-0.02910970930793999,-0.03148975497640544,-0.004143937738350348,
base,det_lora_warm_start,military_aircraft,stage_1,base:det_lora_warm_start:military_aircraft:stage_1,44,experiments/suites/thesis_l40_main/extend/model_base/seed_44/det_lora_warm_start/military_aircraft/stage_1,0.03681401418670276,0.004655281280957433,0.019000848163594042,0.002408959397130574,0.9341956256077646,0.11800419778154496,0.5983347813161987,0.4053121050827966,0.47061427914427756,0.014137017068104713,0.026648160999306038,0.0027758501040943792,0.013521126760563381,0.0014084507042253522,0.9142857142857143,0.09523809523809523,0.6569370339973731,0.41590728885289074,0.5034917124663854,0.00861548701246706,-0.00027758501040943753,0.0,-0.00014084507042253468,0.0,-0.009523809523809601,0.0,-0.08639390726418161,-0.0556956513942235,-0.048264499158162,0.0020743853028705487,0.005365563773964015,0.0011087600545683692,0.0029676761210674814,0.0006040356887208941,-0.024470876052103407,-0.0034128322566533975,-0.011532760800310626,-0.018688859717298667,-0.016390819297399217,-0.005093156045543978,
base,det_lora_warm_start,military_aircraft,stage_2,base:det_lora_warm_start:military_aircraft:stage_2,42,experiments/suites/thesis_l40_main/extend/model_base/seed_42/det_lora_warm_start/military_aircraft/stage_2,0.03744377351496284,0.003850018754511683,0.01926904788434924,0.0019732424471313992,0.953689109873594,0.11757627245112372,0.5906484934896926,0.4032152491145136,0.467802225461847,0.011254215508414996,0.026925746009715475,0.002498265093684941,0.013661971830985916,0.0012676056338028169,0.9238095238095239,0.08571428571428572,0.7016663309623548,0.4327967858466307,0.5207025309046875,0.015163087665466193,-0.00027758501040943753,-0.0011103400416377514,-0.00014084507042253468,-0.0005633802816901409,-0.00952380952380949,-0.0380952380952381,-0.03046968057134003,-0.02154490120784691,-0.014546948548043948,-0.0026348463201304895,0.0056778076116154805,0.00029878506837676755,0.0030669622855681554,0.00016451722747545133,-0.010904502341970823,-0.004438300305627946,-0.01600242930391471,-0.014509012175972225,-0.0145986937285148,-0.007144537751044521,
base,det_lora_warm_start,military_aircraft,stage_2,base:det_lora_warm_start:military_aircraft:stage_2,43,experiments/suites/thesis_l40_main/extend/model_base/seed_43/det_lora_warm_start/military_aircraft/stage_2,0.04433077704326568,0.005525580457956766,0.023402399691022053,0.0029135916524755862,0.9311142308913603,0.12633217501140873,0.5824270901384407,0.3922847689111542,0.4558802667842954,0.009164074757243896,0.026648160999306038,0.0030534351145038168,0.013521126760563381,0.0015492957746478873,0.9142857142857143,0.10476190476190476,0.6699695947542242,0.416187201541395,0.4987182800966129,0.009090531292447258,0.0,-0.00027758501040943797,0.0,-0.00014084507042253533,0.0,-0.009523809523809518,-0.05370860671419064,-0.037397367404015835,-0.06164492623507667,-0.010288842781084094,0.01374384586536486,0.0017114856567438858,0.007816358694080814,0.0009714838423467204,-0.028910852934176723,0.0,-0.027847728929387583,-0.03205982146941744,-0.03454208081943766,-0.005233095192952512,
base,det_lora_warm_start,military_aircraft,stage_2,base:det_lora_warm_start:military_aircraft:stage_2,44,experiments/suites/thesis_l40_main/extend/model_base/seed_44/det_lora_warm_start/military_aircraft/stage_2,0.1015074096234938,0.011016959731803824,0.07272587111230172,0.007727300246436041,0.8933448665478836,0.11379174356909076,0.5961689358217637,0.4066866008448085,0.4679491938812113,0.018625712193210877,0.026925746009715475,0.0030534351145038168,0.013661971830985916,0.0015492957746478873,0.9238095238095239,0.10476190476190476,0.6731937978216611,0.4221133478452015,0.5038676450906797,0.011824533961849253,0.00027758501040943753,0.00027758501040943753,0.00014084507042253468,0.0001408450704225351,0.009523809523809601,0.009523809523809532,-0.05186180581042099,-0.026255476220144125,-0.03338732776269049,0.0008332475623210826,0.06983250345754197,0.007211968590999955,0.05657833240424452,0.005790138013235686,-0.06295781188485183,-0.01614206634511077,-0.00992011992591546,-0.013280523681359013,-0.016053690877029236,-0.0018838634988909177,
base,det_lora_warm_start,military_helicopter,stage_1,base:det_lora_warm_start:military_helicopter:stage_1,42,experiments/suites/thesis_l40_main/extend/model_base/seed_42/det_lora_warm_start/military_helicopter/stage_1,0.036655926393484944,0.004627099582547615,0.01885491644880037,0.0023801357519218007,0.9407025847689111,0.12421774159829198,0.5864303907794505,0.39476544231260435,0.4556349643476902,0.013098416133949657,0.023734033879880424,0.0016305824802971285,0.01201834862385321,0.0008256880733944954,0.9424460431654677,0.06474820143884892,0.6266947941812122,0.32073875870725116,0.3164271226604805,0.0013528852120480363,-0.0005435274934323733,-0.0003623516622882504,-0.0002752293577981662,-0.00018348623853211004,-0.021582733812949617,-0.014388489208633087,-0.08024524147705892,-0.09824939105014019,-0.14341891110730098,0.00030724514703709955,0.005611541482898885,0.0010023199597131902,0.0030225402693673346,0.0005351131790816489,-0.02230372585935214,-0.005473025750032515,-0.0205860272557139,-0.02506695580556123,-0.02875953100062245,-0.005619637622041105,
base,det_lora_warm_start,military_helicopter,stage_1,base:det_lora_warm_start:military_helicopter:stage_1,43,experiments/suites/thesis_l40_main/extend/model_base/seed_43/det_lora_warm_start/military_helicopter/stage_1,0.029167327923473988,0.0035916307416436317,0.014854387266079308,0.001828051520915264,0.9403762876831041,0.12202784934785976,0.5761393481970968,0.3892398454452679,0.44583561291377327,0.010691230456987175,0.023552858048736303,0.00235528580487363,0.011926605504587157,0.0011926605504587156,0.935251798561151,0.09352517985611511,0.60499683618286,0.3108497409400293,0.3254727152397653,0.0033555429880397273,-0.0003623516622882489,0.00036235166228825106,-0.00018348623853210906,0.00018348623853211015,-0.014388489208633115,0.014388489208633101,-0.14135159069830172,-0.1409344999565431,-0.20657692518290505,-7.222585252105807e-05,-0.0014817646297920865,-0.0002261088296991458,-0.0007753141201892778,-0.00011717262753363792,-0.017869483435551392,-0.003493545716078378,-0.033786674630445934,-0.03619548374336895,-0.045049270770952,-0.002914627478850315,
base,det_lora_warm_start,military_helicopter,stage_1,base:det_lora_warm_start:military_helicopter:stage_1,44,experiments/suites/thesis_l40_main/extend/model_base/seed_44/det_lora_warm_start/military_helicopter/stage_1,0.036689383341212654,0.004887447417353569,0.019034522854698883,0.0025392751604531414,0.9338694970222411,0.12470495664861382,0.6023037681983786,0.4111290459518231,0.47362879611804926,0.017858115806337286,0.023552858048736303,0.0016305824802971285,0.011926605504587157,0.0008256880733944954,0.935251798561151,0.06474820143884892,0.6105410920841463,0.32680589254179726,0.3584315531092685,0.0013083419367829218,-0.0009058791557206222,0.00018117583114412553,-0.00045871559633027525,9.174311926605507e-05,-0.03597122302158273,0.007194244604316544,-0.101507610544873,-0.08936919487952788,-0.1118381961989462,0.00016381349141362167,0.005240932928473906,0.0013409261909645047,0.0030013508121723223,0.0007343514520434613,-0.024797004637626907,0.0032879266104154647,-0.0075637739181306785,-0.012871918848272157,-0.01337630232362752,-0.001372057307311405,
base,det_lora_warm_start,military_helicopter,stage_2,base:det_lora_warm_start:military_helicopter:stage_2,42,experiments/suites/thesis_l40_main/extend/model_base/seed_42/det_lora_warm_start/military_helicopter/stage_2,0.1178052671991081,0.008627717980601298,0.0853678349790743,0.005717499985228893,0.8734861374272386,0.10701693856004445,0.5646547820486659,0.3774577981120785,0.4314422391638975,0.012145675798563025,0.023371682217592175,0.0010870549868647525,0.011834862385321101,0.0005504587155963303,0.9280575539568345,0.04316546762589928,0.5936174398014445,0.29279346248673044,0.25678906043395466,0.0006625325670122073,-0.0003623516622882489,-0.0005435274934323759,-0.00018348623853210906,-0.0002752293577981651,-0.014388489208633115,-0.021582733812949638,-0.11436080372144175,-0.09196234870089759,-0.13766398814184672,-0.00248124009009946,0.08454885463710318,0.005077686424843738,0.06836656615245133,0.003907160533746961,-0.08313670854417876,-0.016746718232583183,-0.03585007172775245,-0.032649529790856224,-0.03920393106147735,-0.0072503545170078555,
base,det_lora_warm_start,military_helicopter,stage_2,base:det_lora_warm_start:military_helicopter:stage_2,43,experiments/suites/thesis_l40_main/extend/model_base/seed_43/det_lora_warm_start/military_helicopter/stage_2,0.029325825243016038,0.0035521577257041585,0.0149364649096909,0.0018087089910612585,0.9473092028894006,0.11883606101448818,0.5731384270260008,0.3875875183915052,0.442308793722628,0.00970082774168511,0.023371682217592175,0.002174109973729505,0.011834862385321101,0.0011009174311926607,0.9280575539568345,0.08633093525179857,0.5799153402122708,0.294351577905606,0.28931591605608364,0.0020127470346284473,-0.0003623516622882489,-0.00018117583114412488,-0.00018348623853210906,-9.174311926605496e-05,-0.014388489208633115,-0.007194244604316544,-0.1574467922570577,-0.12574251869216868,-0.18498141176336358,-0.003710876871094321,-0.0014681711313808792,-0.00013565511215655503,-0.0007732538906359849,-7.084225476537654e-05,-0.008957568904443103,-0.002930458935351543,-0.030322771973198215,-0.03071435739107914,-0.03733374263767414,-0.004143023588850513,
base,det_lora_warm_start,military_helicopter,stage_2,base:det_lora_warm_start:military_helicopter:stage_2,44,experiments/suites/thesis_l40_main/extend/model_base/seed_44/det_lora_warm_start/military_helicopter/stage_2,0.028126481590105303,0.003914557207128151,0.014299772527372677,0.001991500478580434,0.9425964176636183,0.12671463710838018,0.5995406559062145,0.40991525910862897,0.46547785730649965,0.01979885810039986,0.023552858048736303,0.001992934142585379,0.011926605504587157,0.0010091743119266055,0.935251798561151,0.07913669064748201,0.5828467866496142,0.3041362123435071,0.30723500991976443,0.002226627710766386,-0.0005435274934323699,0.0003623516622882504,-0.00027522935779816446,0.00018348623853211004,-0.021582733812949728,0.014388489208633087,-0.10608626787178732,-0.08832975610462523,-0.15627084957954135,0.0003047493051355325,-0.0025942496367794624,0.0002523163464991378,-0.0013580290044313322,0.00012871092447666447,-0.0124729616940914,-0.006680672134648319,-0.002323255857622497,-0.008751666259742663,-0.018157801539584795,-0.004698618673955043,
base,det_lora_warm_start,military_tank,stage_1,base:det_lora_warm_start:military_tank:stage_1,42,experiments/suites/thesis_l40_main/extend/model_base/seed_42/det_lora_warm_start/military_tank/stage_1,0.09782354475674356,0.006514619524707849,0.06306300192724876,0.004053681859989353,0.874763205914094,0.10823004763791277,0.550546241424343,0.3698029906846923,0.42696432068016543,0.011170224906555894,0.029114148766199183,0.0028404047576779693,0.014774774774774775,0.0014414414414414415,0.9879518072289156,0.0963855421686747,0.6649569542761776,0.40897142617556437,0.44536982122567886,0.008698012728320563,0.0,-0.0015977276761938572,0.0,-0.0008108108108108108,0.0,-0.054216867469879526,-0.15418728923667524,-0.15446645338124987,-0.2053058284139619,-0.006676345710031763,0.0667791598461575,0.0028898399018734244,0.047230625747815724,0.002208659287149201,-0.0882431047141693,-0.02146071971041172,-0.05647017661082132,-0.05002940743347328,-0.057430174668147205,-0.007547828849434867,
base,det_lora_warm_start,military_tank,stage_1,base:det_lora_warm_start:military_tank:stage_1,43,experiments/suites/thesis_l40_main/extend/model_base/seed_43/det_lora_warm_start/military_tank/stage_1,0.02909256356726421,0.003651284499291625,0.014795118558638451,0.0018555731776591713,0.9504986867925195,0.12611845707334932,0.570361923351636,0.3802003901540811,0.43146479775825225,0.008370118021121949,0.029114148766199183,0.002485354162968223,0.014774774774774775,0.0012612612612612612,0.9879518072289156,0.08433734939759036,0.7115435985821839,0.4347603365891716,0.46836701216185983,0.0054986474709820205,0.0,-0.0010651517841292384,0.0,-0.0005405405405405407,0.0,-0.03614457831325302,-0.10624699766459123,-0.12543398897158914,-0.18562870186143832,-0.011168920152134262,-0.001556528986001865,-0.00016645507205115262,-0.0008345828276301349,-8.965097078973065e-05,-0.007747084326136022,0.0005970620094111756,-0.03956409947590667,-0.04523493903455578,-0.05942008592647302,-0.005235739914715541,
base,det_lora_warm_start,military_tank,stage_1,base:det_lora_warm_start:military_tank:stage_1,44,experiments/suites/thesis_l40_main/extend/model_base/seed_44/det_lora_warm_start/military_tank/stage_1,0.03905487350747237,0.003348193310217675,0.02030880820784628,0.0017299750724709924,0.9329615627446417,0.10401427757683755,0.5929965879281687,0.3976736393178361,0.4495285095598985,0.011811755094133897,0.029114148766199183,0.002662879460323096,0.014774774774774775,0.0013513513513513514,0.9879518072289156,0.09036144578313253,0.7181264873352698,0.4322624307045972,0.45500179717709593,0.002732534654412297,0.0,-0.00230782886561335,0.0,-0.001171171171171171,0.0,-0.07831325301204818,-0.1173794663886345,-0.1400434584429186,-0.21170481218423648,-0.031433471591972934,0.007606423094733618,-0.00019832791617138907,0.004275636165319719,-7.494863593868759e-05,-0.025704938915226294,-0.017402752461360804,-0.016870954188340614,-0.026327325482259134,-0.037476588881778294,-0.007418418019514794,
base,det_lora_warm_start,military_tank,stage_2,base:det_lora_warm_start:military_tank:stage_2,42,experiments/suites/thesis_l40_main/extend/model_base/seed_42/det_lora_warm_start/military_tank/stage_2,0.03326619300003645,0.0034453047710319546,0.017004487631890598,0.001758174103375399,0.9512628800782746,0.11157058622155663,0.5782690336800863,0.3903351160035866,0.4498008292703,0.012015217735336287,0.028936623468844312,0.0035505059470974615,0.014684684684684684,0.0018018018018018018,0.9819277108433735,0.12048192771084337,0.6875636700558236,0.4377288421571742,0.4952643969772897,0.005324576500020796,0.0,0.0007101011894194921,0.0,0.00036036036036036037,0.0,0.02409638554216867,-0.05288651339208705,-0.012496255667630907,0.013390359044259559,0.0007097607835905469,0.00023715052888843152,0.000293182013213736,0.00011851190614595858,0.00015205632019938417,-0.011936806921865495,-0.005505927550535375,-0.008446619158905433,-0.006859343483816616,-0.004391066968290391,-0.0045198731858419015,
base,det_lora_warm_start,military_tank,stage_2,base:det_lora_warm_start:military_tank:stage_2,43,experiments/suites/thesis_l40_main/extend/model_base/seed_43/det_lora_warm_start/military_tank/stage_2,0.03546916930336392,0.004203091641652571,0.018224047351081525,0.0021568387286359544,0.9408446140495421,0.12318722560474009,0.5716909330889682,0.3799172551049062,0.4333732717183432,0.00813207050680726,0.029114148766199183,0.0030179300550328423,0.014774774774774775,0.0015315315315315315,0.9879518072289156,0.10240963855421686,0.6971606500845486,0.41552275532791105,0.45020781685830696,0.006209532967701184,0.0,0.0005325758920646192,0.0,0.00027027027027027033,0.0,0.01807228915662651,-0.05156996564720162,-0.045466199765380744,-0.04899287496084054,0.0001048317244512903,0.0048696401301212625,0.0007223705321404679,0.002632876361414996,0.000386091958303196,-0.020575760243716545,0.00241006068963584,-0.019573325743723613,-0.029522792130330933,-0.03630772454670289,-0.004517833459734808,
base,det_lora_warm_start,military_tank,stage_2,base:det_lora_warm_start:military_tank:stage_2,44,experiments/suites/thesis_l40_main/extend/model_base/seed_44/det_lora_warm_start/military_tank/stage_2,0.0503849563809255,0.005601399898040583,0.027227161464945426,0.0030264806728116885,0.9320111279323474,0.11396818704718668,0.5942213365376915,0.40122954547374623,0.4579128267815811,0.01213567961379367,0.029291674063554058,0.0035505059470974615,0.014864864864864866,0.0018018018018018018,0.9939759036144579,0.12048192771084337,0.7162670429668512,0.4594706707262664,0.5215167988262561,0.010253964211525596,0.00035505059470974584,0.0010651517841292384,0.0001801801801801818,0.0005405405405405407,0.012048192771084376,0.03614457831325302,-0.031468622546727776,0.0057502347265471765,0.03891978918152994,0.007867438511431055,0.01538304610959311,0.00216258268356417,0.009347101477255645,0.0012686740528031245,-0.028437700017951206,0.010960939118155474,-0.00733205424789507,-0.010065812364170645,-0.007691260841037328,-0.004471288294979709,
base,ewc,military_aircraft,stage_1,base:ewc:military_aircraft:stage_1,42,experiments/suites/thesis_l40_main/extend/model_base/seed_42/ewc/military_aircraft/stage_1,0.10394356843462742,0.007961307520474721,0.06366913762154976,0.004982112766857805,0.9059370219841852,0.09008170950543741,0.41499409759102046,0.28976699045396453,0.3258716636552685,0.012710993325012276,0.028591256072172104,0.0016655100624566274,0.014507042253521127,0.0008450704225352113,0.9809523809523809,0.05714285714285714,0.7917450690864851,0.4996884971141219,0.5882770295015719,0.0021632688729546668,,,,,,,0.3500504770627273,0.2451860948336318,0.34455573466126643,-0.0020142712348992764,,,,,,,0.0397981076460327,0.031441311246366344,0.034085314376462894,0.00246095528408055,
base,ewc,military_aircraft,stage_1,base:ewc:military_aircraft:stage_1,43,experiments/suites/thesis_l40_main/extend/model_base/seed_43/ewc/military_aircraft/stage_1,0.12352158208049292,0.006588571898063341,0.08001503060845612,0.004206360489906904,0.9134323308818546,0.09786070783591601,0.4522102584860456,0.29968834587770243,0.337267371594548,0.010672646128595023,0.028036086051353225,0.0019430950728660651,0.014225352112676056,0.0009859154929577464,0.9619047619047619,0.06666666666666667,0.7678010075732629,0.47010153332313065,0.5556260795618283,0.003958402781642652,,,,,,,0.22912771642398233,0.16808899089560614,0.23627737547616545,-2.5498445669079432e-05,,,,,,,0.002561921357517205,-0.013450346833973337,-0.01342896482755851,-0.008176491360981359,
base,ewc,military_aircraft,stage_1,base:ewc:military_aircraft:stage_1,44,experiments/suites/thesis_l40_main/extend/model_base/seed_44/ewc/military_aircraft/stage_1,0.08381651173398415,0.004994380217259723,0.050281338947810485,0.0029431787085756156,0.8449607790166563,0.0758701730431519,0.3633874802432914,0.23881631413090335,0.27399254725724637,0.006221136845655197,0.02831367106176266,0.002498265093684941,0.01436619718309859,0.0012676056338028169,0.9714285714285714,0.08571428571428572,0.7967120200807234,0.5130789268423674,0.5923313169986489,0.008356275102842321,,,,,,,0.08609777535313345,0.025477110117774315,0.02031940460673154,-0.00035608057006106773,,,,,,,-0.00035473603307112356,-0.012062586772494471,-0.01494049540660869,-0.005497445952126879,
base,ewc,military_aircraft,stage_2,base:ewc:military_aircraft:stage_2,42,experiments/suites/thesis_l40_main/extend/model_base/seed_42/ewc/military_aircraft/stage_2,0.08683546497099963,0.005695779337501866,0.04932485021314103,0.0032650397683909502,0.9251121016212567,0.07222432629372348,0.41323513492543046,0.28704360040518334,0.3302305170742457,0.008150703766492415,0.02831367106176266,0.0008327550312283137,0.01436619718309859,0.00042253521126760566,0.9714285714285714,0.02857142857142857,0.7876976418862404,0.5004773283244075,0.589343516346854,0.0010072832565292977,,,,,,,-0.0040474272002447576,0.0007888312102856121,0.0010664868452820997,-0.001155985616425369,,,,,,,-0.0017589626655900026,-0.0027233900487811935,0.004358853418977238,-0.004560289558519861,
base,ewc,military_aircraft,stage_2,base:ewc:military_aircraft:stage_2,43,experiments/suites/thesis_l40_main/extend/model_base/seed_43/ewc/military_aircraft/stage_2,0.11221355386687126,0.007049439638356972,0.07234070243171573,0.004310266062511747,0.9134140327357768,0.08655438176650136,0.4306078658658726,0.2783140844544818,0.31429891662661524,0.009237708461986757,0.028036086051353225,0.0022206800832755033,0.014225352112676056,0.0011267605633802818,0.9619047619047619,0.0761904761904762,0.7928216977473387,0.4798869171254238,0.5545242677720762,0.003400376153185142,,,,,,,0.02502069017407582,0.009785383802293157,-0.0011018117897521051,-0.0005580266284575101,,,,,,,-0.02160239262017305,-0.02137426142322063,-0.02296845496793276,-0.0014349376666082658,
base,ewc,military_aircraft,stage_2,base:ewc:military_aircraft:stage_2,44,experiments/suites/thesis_l40_main/extend/model_base/seed_44/ewc/military_aircraft/stage_2,0.06582991594336317,0.0034939114804597537,0.03808348299214065,0.0019518175019057787,0.8764340665121292,0.06718050736170525,0.3576896178800122,0.22997506514378988,0.25666712257865554,0.004863062954834476,0.028868841082581538,0.0013879250520471896,0.014647887323943662,0.0007042253521126761,0.9904761904761905,0.047619047619047616,0.8093518208976659,0.520490638724034,0.586931834225836,0.0029120559114735,,,,,,,0.012639800816942492,0.007411711881666561,-0.005399482772812991,-0.005444219191368821,,,,,,,-0.005697862363279238,-0.00884124898711347,-0.01732542467859083,-0.0013580738908207214,
base,ewc,military_helicopter,stage_1,base:ewc:military_helicopter:stage_1,42,experiments/suites/thesis_l40_main/extend/model_base/seed_42/ewc/military_helicopter/stage_1,0.10456171692718354,0.009522192954129628,0.060108077870688705,0.005620997512041085,0.8728128497944322,0.07292707699835076,0.411747972557363,0.2777032006883045,0.314660990538622,0.008460473105891491,0.024458737204456925,0.0010870549868647525,0.012385321100917432,0.0005504587155963303,0.9712230215827338,0.04316546762589928,0.8040049854821656,0.4558035646181233,0.4731051922949987,0.0021366632306697594,,,,,,,0.0763348999077279,0.047712811202456185,0.051397970622191314,0.000827718380006901,,,,,,,0.036551982612375244,0.019377521480706317,0.02287464125981642,-0.001789564935040235,
base,ewc,military_helicopter,stage_1,base:ewc:military_helicopter:stage_1,43,experiments/suites/thesis_l40_main/extend/model_base/seed_43/ewc/military_helicopter/stage_1,0.14757248444099022,0.010600931272087784,0.09038527563157961,0.006443811726879614,0.8756893457126155,0.08319680990703072,0.3982793333695733,0.2678532436896182,0.3039203704963968,0.009470541167699126,0.024277561373312797,0.0025364616360177552,0.012293577981651376,0.0012844036697247706,0.9640287769784173,0.10071942446043165,0.7932519888230264,0.4602344824994689,0.5201966977829516,0.008024744597193496,,,,,,,0.08978641015037536,0.029906996828148125,0.04301968708711246,0.0055502848632818305,,,,,,,-0.051369003758955145,-0.045285449022057556,-0.046775965925709706,-0.009378596321877255,
base,ewc,military_helicopter,stage_1,base:ewc:military_helicopter:stage_1,44,experiments/suites/thesis_l40_main/extend/model_base/seed_44/ewc/military_helicopter/stage_1,0.06754519813948871,0.004134992876043035,0.03872261967091346,0.0022837427803924864,0.8681490607809405,0.08501728357272847,0.4051158998922238,0.2761522331220772,0.31147655531357304,0.006965481994197037,0.02463991303560105,0.001811758311441254,0.012477064220183486,0.0009174311926605505,0.9784172661870504,0.07194244604316546,0.8574230282986192,0.5095741674482324,0.5498726817175109,0.0079404102835928,,,,,,,0.07613200262969,0.04318661822522174,0.04346825539171917,0.006697671993928156,,,,,,,0.041373683615861245,0.02527333221867939,0.02254351264971799,-0.004753100803585039,
base,ewc,military_helicopter,stage_2,base:ewc:military_helicopter:stage_2,42,experiments/suites/thesis_l40_main/extend/model_base/seed_42/ewc/military_helicopter/stage_2,0.10208037669698077,0.008525634974557031,0.05802517360879306,0.004905346984720542,0.9190548484299281,0.0815589406513157,0.4346141535735782,0.3010545769832648,0.3435656315081421,0.012030501036774133,0.024821088866745177,0.001449406649153003,0.012568807339449541,0.0007339449541284404,0.9856115107913669,0.05755395683453238,0.841573752300104,0.48371340244528654,0.5166070602266942,0.005697835966903427,,,,,,,0.037568766817938415,0.02790983782716322,0.043501867931695526,0.003561172736233668,,,,,,,0.02286618101621518,0.023351376294960313,0.028904640969520112,0.0035700279308826417,
base,ewc,military_helicopter,stage_2,base:ewc:military_helicopter:stage_2,43,experiments/suites/thesis_l40_main/extend/model_base/seed_43/ewc/military_helicopter/stage_2,0.13549623656173151,0.0071406225184825305,0.08232172565358066,0.00429180347382274,0.8821659641928594,0.05091105801546029,0.38995896197226454,0.24155128133754697,0.26198177662607486,0.0042226115086584195,0.024096385542168672,0.0010870549868647525,0.012201834862385321,0.0005504587155963303,0.9568345323741008,0.04316546762589928,0.8062942156747906,0.42919398072984416,0.3694234318934657,0.006881297233583468,,,,,,,0.01304222685176426,-0.03104050176962475,-0.15077326588948592,-0.001143447363610028,,,,,,,-0.008320371397308735,-0.026301962352071245,-0.04193859387032195,-0.005247929659040707,
base,ewc,military_helicopter,stage_2,base:ewc:military_helicopter:stage_2,44,experiments/suites/thesis_l40_main/extend/model_base/seed_44/ewc/military_helicopter/stage_2,0.12784311618089703,0.004940763694946832,0.11403437652989175,0.0030018279875140253,0.7614406299106721,0.03766694132527603,0.3900133512864494,0.24825841566349216,0.28297731453268926,0.005698510044965831,0.024458737204456925,0.0012682308180088776,0.012385321100917432,0.0006422018348623853,0.9712230215827338,0.050359712230215826,0.8553431158567454,0.4678130869828269,0.48469248579321544,0.0017495516013409946,,,,,,,-0.002079912441873777,-0.04176108046540544,-0.06518019592429547,-0.006190858682251806,,,,,,,-0.015102548605774424,-0.027893817458585046,-0.028499240780883783,-0.0012669719492312062,
base,ewc,military_tank,stage_1,base:ewc:military_tank:stage_1,42,experiments/suites/thesis_l40_main/extend/model_base/seed_42/ewc/military_tank/stage_1,0.071480362142393,0.006049498831692101,0.03828293671777502,0.0032358384921231196,0.9538092788994031,0.1006326617990813,0.48520499047995624,0.3399223952812298,0.3811617312990359,0.00913369048486068,0.029469199360908926,0.0028404047576779693,0.014954954954954955,0.0014414414414414415,1.0,0.0963855421686747,0.8871529037985775,0.5886615247543439,0.6282157183764349,0.006420108099932732,,,,,,,0.3601248477408321,0.2804256480064448,0.3133822564522511,0.003616859687476076,,,,,,,0.11000900053496848,0.08159671607363161,0.08937538202023032,-0.001116347556071047,
base,ewc,military_tank,stage_1,base:ewc:military_tank:stage_1,43,experiments/suites/thesis_l40_main/extend/model_base/seed_43/ewc/military_tank/stage_1,0.10926826948991412,0.005563198543059485,0.06492776880196266,0.0033004262020574922,0.9258087855434273,0.06268031201100037,0.4442504447546369,0.2908181356340687,0.3288543098985289,0.0032397103668661414,0.029469199360908926,0.002130303568258477,0.014954954954954955,0.001081081081081081,1.0,0.07228915662650602,0.9052091275229035,0.6097271616763257,0.6846541948187365,0.0049019417930420564,,,,,,,0.34168627962106357,0.22975835996049565,0.2622463835989962,-0.017409618265137164,,,,,,,-0.005397892373891544,-0.02232055707760705,-0.02184202652357764,-0.01560942712271024,
base,ewc,military_tank,stage_1,base:ewc:military_tank:stage_1,44,experiments/suites/thesis_l40_main/extend/model_base/seed_44/ewc/military_tank/stage_1,0.05555849166974756,0.004231729880838944,0.029109337471812897,0.0022145950373554137,0.9466095929574525,0.08628385403221224,0.4575746289207325,0.30713078901893226,0.3444185510946103,0.006540390848009976,0.029291674063554058,0.0010651517841292384,0.014864864864864866,0.0005405405405405405,0.9939759036144579,0.03614457831325301,0.8528323727299305,0.5645773942808063,0.6266095291525885,0.002361096324686232,,,,,,,0.32710195343834403,0.2457863033599662,0.2929157891738092,-0.011296652673616618,,,,,,,0.09383241264436992,0.05625188811553444,0.055485508430755226,-0.005178191949772101,
base,ewc,military_tank,stage_2,base:ewc:military_tank:stage_2,42,experiments/suites/thesis_l40_main/extend/model_base/seed_42/ewc/military_tank/stage_2,0.10381890121491483,0.0073685077303756044,0.05852925786969367,0.004152720156274196,0.9207440022254083,0.0755857919473668,0.4586349688642953,0.30924350180700205,0.35027069119603155,0.009268121212951652,0.029469199360908926,0.0012426770814841115,0.014954954954954955,0.0006306306306306306,1.0,0.04216867469879518,0.904667691661169,0.594475443175879,0.6461407802990379,0.0058087575674860715,,,,,,,0.01751478786259153,0.005813918421535114,0.017925061922603014,-0.0006113505324466606,,,,,,,-0.026570021615660966,-0.030678893474227753,-0.030891040103004364,0.00013443072809097255,
base,ewc,military_tank,stage_2,base:ewc:military_tank:stage_2,43,experiments/suites/thesis_l40_main/extend/model_base/seed_43/ewc/military_tank/stage_2,0.08800206284665944,0.003934987849031137,0.04972390967900728,0.002197976064467751,0.938057329776603,0.04210231623641891,0.4422200974354717,0.2951147624001405,0.33777394288987,0.002820180258224552,0.029291674063554058,0.0019527782709036037,0.014864864864864866,0.000990990990990991,0.9939759036144579,0.06626506024096386,0.8964575433373061,0.6142341919512685,0.7089218018434079,0.008430784958819887,,,,,,,-0.008751584185597405,0.004507030274942814,0.024267607024671456,0.00352884316577783,,,,,,,-0.002030347319165182,0.004296626766071787,0.008919632991341131,-0.00041953010864158964,
base,ewc,military_tank,stage_2,base:ewc:military_tank:stage_2,44,experiments/suites/thesis_l40_main/extend/model_base/seed_44/ewc/military_tank/stage_2,0.04271735691935368,0.003146748281041665,0.022044025049034136,0.0016226970588353005,0.9614819245634836,0.08130065308203814,0.45237201508244923,0.30781153271854683,0.3433710374438998,0.00743999342032203,0.029291674063554058,0.0015977276761938576,0.014864864864864866,0.0008108108108108108,0.9939759036144579,0.05421686746987952,0.8931743153898833,0.6068495095929649,0.6718153308622864,0.009668117957376224,,,,,,,0.040341942659952834,0.042272115312158576,0.0452058017096979,0.007307021632689992,,,,,,,-0.005202613838283243,0.0006807436996145722,-0.0010475136507104854,0.0008996025723120547,
base,finetuning,military_aircraft,stage_1,base:finetuning:military_aircraft:stage_1,42,experiments/suites/thesis_l40_main/extend/model_base/seed_42/finetuning/military_aircraft/stage_1,0.11772932967612076,0.005516702382672723,0.08796216897076449,0.003500835102865913,0.6873110946828748,0.054060565199214865,0.3236578806715719,0.20467425263255615,0.23144723258789243,0.006207283338689391,0.027480916030534354,0.0016655100624566274,0.013943661971830987,0.0008450704225352113,0.9428571428571428,0.05714285714285714,0.7715484111142913,0.479686100156981,0.5744799259240704,0.002028721143858922,,,,,,,0.5011535278784842,0.343567363439802,0.4615663281101674,-0.001682001800515837,,,,,,,0.011401918894741736,-0.004719760360683306,0.003978343886340052,-0.015033213599571871,
base,finetuning,military_aircraft,stage_1,base:finetuning:military_aircraft:stage_1,43,experiments/suites/thesis_l40_main/extend/model_base/seed_43/finetuning/military_aircraft/stage_1,0.08809100115313921,0.00176818284983846,0.05988118094239365,0.0010232433621918345,0.6530467200379187,0.04312202856939883,0.28273882949327117,0.18439244204283667,0.20765543926591964,0.007278504660392537,0.029146426092990976,0.0011103400416377516,0.014788732394366197,0.0005633802816901409,1.0,0.0380952380952381,0.8363270751461391,0.5164406682394416,0.6215927823811886,0.006398667310984958,,,,,,,0.5466861347444892,0.3807038962171085,0.532872738760779,0.002352223580143787,,,,,,,0.04273710820629964,0.012573539704037878,0.011669591238427757,0.004326957911916373,
base,finetuning,military_aircraft,stage_1,base:finetuning:military_aircraft:stage_1,44,experiments/suites/thesis_l40_main/extend/model_base/seed_44/finetuning/military_aircraft/stage_1,0.10049245025261995,0.0033778751405352113,0.07960773007064001,0.0018889291341199616,0.6595393749840599,0.03046919553869334,0.36182756621349377,0.2339754002011355,0.26400485428616355,0.0016875393043641806,0.028591256072172104,0.0008327550312283137,0.014507042253521127,0.00042253521126760566,0.9809523809523809,0.02857142857142857,0.7962304638180017,0.48787016900216595,0.566097192320192,0.00144014401440144,,,,,,,0.3312653266958301,0.22684489817490183,0.307299268543557,-0.003550571948162517,,,,,,,0.04415465660117762,0.017115902645976205,0.012649236696982147,-0.0013529007265747858,
base,finetuning,military_aircraft,stage_2,base:finetuning:military_aircraft:stage_2,42,experiments/suites/thesis_l40_main/extend/model_base/seed_42/finetuning/military_aircraft/stage_2,0.11881186775509933,0.003135165274596636,0.07849380559674714,0.0020315612063623177,0.7689201425685767,0.04560606038146844,0.3017080892440988,0.1884489008671205,0.20793640144429335,0.004761169508024424,0.028036086051353225,0.0008327550312283137,0.014225352112676056,0.00042253521126760566,0.9619047619047619,0.02857142857142857,0.7831152165434807,0.48303251433016026,0.5911568856872734,0.005641261800598664,,,,,,,0.01156680542918942,0.0033464141731792685,0.016676959763203048,0.0036125406567397416,,,,,,,-0.02194979142747311,-0.01622535176543566,-0.023510831143599087,-0.001446113830664967,
base,finetuning,military_aircraft,stage_2,base:finetuning:military_aircraft:stage_2,43,experiments/suites/thesis_l40_main/extend/model_base/seed_43/finetuning/military_aircraft/stage_2,0.08458997712781414,0.0035988574538836915,0.05348108800969887,0.0023813435301121687,0.6870855095998488,0.0416243955718805,0.24607202758359023,0.1596901307242198,0.1874024348917324,0.0018628225797339907,0.029146426092990976,0.0022206800832755033,0.014788732394366197,0.0011267605633802818,1.0,0.0761904761904762,0.818760738762091,0.49549921131799834,0.5703950644793528,0.0035644715595970246,,,,,,,-0.017566336384048142,-0.020941456921443224,-0.051197717901835804,-0.002834195751387933,,,,,,,-0.03666680190968094,-0.02470231131861686,-0.020253004374187256,-0.0054156820806585465,
base,finetuning,military_aircraft,stage_2,base:finetuning:military_aircraft:stage_2,44,experiments/suites/thesis_l40_main/extend/model_base/seed_44/finetuning/military_aircraft/stage_2,0.0966635206289902,0.007161948295339122,0.08417129546457379,0.007034187495129092,0.7384419137521445,0.049710698056938805,0.3619480106408292,0.23418790148942814,0.257462769965789,0.004242819492315042,0.02831367106176266,0.002498265093684941,0.01436619718309859,0.0012676056338028169,0.9714285714285714,0.08571428571428572,0.8025242161228636,0.4941519978371912,0.5744185063069571,0.008128102402764981,,,,,,,0.006293752304861955,0.0062818288350252605,0.008321313986765166,0.006687958388363541,,,,,,,0.00012044442733544214,0.00021250128829264359,-0.006542084320374564,0.0025552801879508615,
base,finetuning,military_helicopter,stage_1,base:finetuning:military_helicopter:stage_1,42,experiments/suites/thesis_l40_main/extend/model_base/seed_42/finetuning/military_helicopter/stage_1,0.047100613631722604,6.361774975861729e-05,0.2716601225783622,3.2096299204308044e-05,0.513321314986737,0.00401620451211846,0.2802145815109764,0.17047341358169188,0.19077279533785352,7.4952854937858e-06,0.024458737204456925,0.000905879155720627,0.012385321100917432,0.00045871559633027525,0.9712230215827338,0.03597122302158273,0.8033800343951311,0.4292300081658378,0.42943793780944584,0.0001262401052447954,,,,,,,-0.03925890065928084,-0.033082403777175085,-0.044280498701770865,8.123560479475039e-05,,,,,,,-0.03204138026585379,-0.038920599411547574,-0.03669609336369886,-0.021233001652767477,
base,finetuning,military_helicopter,stage_1,base:finetuning:military_helicopter:stage_1,43,experiments/suites/thesis_l40_main/extend/model_base/seed_43/finetuning/military_helicopter/stage_1,0.08186662250877233,0.004536037183822863,0.06909022592941952,0.003731980263982892,0.6006544457261049,0.05582935820918968,0.2550189794949263,0.17162882710335944,0.19732618810657557,0.00510201213935231,0.024458737204456925,0.0010870549868647525,0.012385321100917432,0.0005504587155963303,0.9712230215827338,0.04316546762589928,0.8719822227966131,0.49683915415321234,0.54989265148585,0.002402367463577054,,,,,,,0.11412076501095303,0.05230578828243776,0.08637349616282658,-0.0004431429434605663,,,,,,,0.01501725820795477,-0.00019007523543934646,0.0013403400790836795,0.002150465390876145,
base,finetuning,military_helicopter,stage_1,base:finetuning:military_helicopter:stage_1,44,experiments/suites/thesis_l40_main/extend/model_base/seed_44/finetuning/military_helicopter/stage_1,0.06885269651307885,0.005965708357436743,0.09728383943865916,0.008393226728709903,0.5495734111795135,0.03761495288505467,0.2980570523601422,0.20632032031960865,0.2426552728979928,0.0018475960308456465,0.02463991303560105,0.001811758311441254,0.012477064220183486,0.0009174311926605505,0.9784172661870504,0.07194244604316546,0.8960173560228983,0.5497270713581025,0.6268992889849518,0.0043331466355607156,,,,,,,0.07817855166108567,0.05232069044744342,0.055685292479674464,0.0025408154572838047,,,,,,,-0.019615857252173963,-0.010539177235550645,-0.008700344691188605,-0.0011928440000933199,
base,finetuning,military_helicopter,stage_2,base:finetuning:military_helicopter:stage_2,42,experiments/suites/thesis_l40_main/extend/model_base/seed_42/finetuning/military_helicopter/stage_2,0.06300380919135759,0.0028676193695805485,0.20544553853614625,0.002163635729860093,0.5408218564695858,0.035034850600262346,0.28119938926030424,0.17775173430147462,0.19840293853319832,0.00320674608664745,0.024458737204456925,0.0010870549868647525,0.012385321100917432,0.0005504587155963303,0.9712230215827338,0.04316546762589928,0.8432359413443643,0.4395944631558789,0.4147969001863087,0.0034356230654121315,,,,,,,0.039855906949233244,0.010364454990041128,-0.014641037623137121,0.0033093829601673363,,,,,,,0.000984807749327854,0.007278320719782738,0.007630143195344802,0.003199250801153664,
base,finetuning,military_helicopter,stage_2,base:finetuning:military_helicopter:stage_2,43,experiments/suites/thesis_l40_main/extend/model_base/seed_43/finetuning/military_helicopter/stage_2,0.08111396712241996,0.008052137005086635,0.06521067057173201,0.0075508421149551,0.6314338917576685,0.03952201375266516,0.278575676934518,0.17366436632802315,0.19085377066148534,0.0022323473333946053,0.024277561373312797,0.0010870549868647525,0.012293577981651376,0.0005504587155963303,0.9640287769784173,0.04316546762589928,0.8678721842717886,0.44830612257438485,0.4152670568605195,0.0022763917217319203,,,,,,,-0.0041100385248245,-0.04853303157882749,-0.13462559462533047,-0.00012597574184513346,,,,,,,0.02355669743959171,0.002035539224663707,-0.006472417445090223,-0.0028696648059577043,
base,finetuning,military_helicopter,stage_2,base:finetuning:military_helicopter:stage_2,44,experiments/suites/thesis_l40_main/extend/model_base/seed_44/finetuning/military_helicopter/stage_2,0.07174288961906271,0.00011327936224289423,0.14281042292105528,5.693313810974567e-05,0.5216965111564836,0.012928119043226957,0.30705560696253326,0.196505297747829,0.22654415521662608,0.00019390175600327863,0.024458737204456925,0.0016305824802971285,0.012385321100917432,0.0008256880733944954,0.9712230215827338,0.06474820143884892,0.8692403277681036,0.4999690025271163,0.5031766307921374,0.0021270146968758253,,,,,,,-0.026777028254794777,-0.04975806883098621,-0.12372265819281447,-0.0022061319386848903,,,,,,,0.008998554602391073,-0.009815022571779658,-0.01611111768136672,-0.0016536942748423679,
base,finetuning,military_tank,stage_1,base:finetuning:military_tank:stage_1,42,experiments/suites/thesis_l40_main/extend/model_base/seed_42/finetuning/military_tank/stage_1,0.10990942634432423,0.006075397875191658,0.06517594213557949,0.00369502984290788,0.8522942179336462,0.046562998645643276,0.39290474637756345,0.25706255117002225,0.2959677515215435,0.003944079115352938,0.029291674063554058,0.00035505059470974617,0.014864864864864866,0.00018018018018018018,0.9939759036144579,0.012048192771084338,0.8166286902099746,0.5166464656587273,0.5874130973222897,0.0004533420375004534,,,,,,,0.2030679144558324,0.1700176375990552,0.2130402438571411,0.00035020672396910026,,,,,,,0.08064878460073327,0.04766853817678279,0.0684988628199911,-0.017296417822908323,
base,finetuning,military_tank,stage_1,base:finetuning:military_tank:stage_1,43,experiments/suites/thesis_l40_main/extend/model_base/seed_43/finetuning/military_tank/stage_1,0.15296503702415035,0.0026543670456970693,0.10194729245727573,0.0016950159438696086,0.7827677890436173,0.021693327314961718,0.38461862891753146,0.25094733936450125,0.2859982353435515,0.0027276935295122654,0.029291674063554058,0.00035505059470974617,0.014864864864864866,0.00018018018018018018,0.9939759036144579,0.012048192771084338,0.7896143610703154,0.48825859554768447,0.5511460109217525,0.0015994923924969266,,,,,,,0.7857848803007355,0.4869086959287257,0.5503288105077452,0.001588931336391316,,,,,,,0.14461690763055993,0.07912843702570246,0.09001238731605962,-0.00022385321896389908,
base,finetuning,military_tank,stage_1,base:finetuning:military_tank:stage_1,44,experiments/suites/thesis_l40_main/extend/model_base/seed_44/finetuning/military_tank/stage_1,0.13265381314959473,0.005427003186868523,0.085445562199504,0.003616383777262727,0.8842258544919582,0.03889058142571716,0.42460085112543045,0.2759391806698905,0.3221787922371276,0.0025404774380112754,0.029291674063554058,0.0008876264867743654,0.014864864864864866,0.00045045045045045046,0.9939759036144579,0.030120481927710843,0.7721760520026789,0.48529415854160457,0.5335637368908767,0.005476469305916767,,,,,,,0.2730350021272536,0.20846337252424046,0.2816628480007753,-0.0008701797459954802,,,,,,,0.1069279415131143,0.05907968311473119,0.07082317464794619,-0.000499962592927691,
base,finetuning,military_tank,stage_2,base:finetuning:military_tank:stage_2,42,experiments/suites/thesis_l40_main/extend/model_base/seed_42/finetuning/military_tank/stage_2,0.13302054656213189,0.003359581446892605,0.0914986945119568,0.00232494335183017,0.7290047744429279,0.037962787975141576,0.3622282299368991,0.23047764439494203,0.2508520941116234,0.004984791414673512,0.029291674063554058,0.0010651517841292384,0.014864864864864866,0.0005405405405405405,0.9939759036144579,0.03614457831325301,0.8325624107101738,0.5164522481305072,0.5746064876871244,0.0009262489557660713,,,,,,,0.015933720500199144,-0.00019421752822013083,-0.012806609635165334,0.0004729069182656179,,,,,,,-0.030676516440664325,-0.026584906775080214,-0.045115657409920074,0.0010407122993205745,
base,finetuning,military_tank,stage_2,base:finetuning:military_tank:stage_2,43,experiments/suites/thesis_l40_main/extend/model_base/seed_43/finetuning/military_tank/stage_2,0.1365749693459157,0.0005863834716918277,0.08749255721393495,0.00033045517869062746,0.7979842225619334,0.015961101207303593,0.36423886464321803,0.23420368563015126,0.2737463138810113,0.0005245454955500809,0.028936623468844312,0.0007101011894194923,0.014684684684684684,0.00036036036036036037,0.9819277108433735,0.024096385542168676,0.8025129591939621,0.5007091929773057,0.5587817558960159,0.0013608765270343142,,,,,,,0.012898598123646798,0.01245059742962118,0.0076357449742633365,-0.00023861586546261235,,,,,,,-0.020379764274313428,-0.016743653734349995,-0.012251921462540227,-0.0022031480339621845,
base,finetuning,military_tank,stage_2,base:finetuning:military_tank:stage_2,44,experiments/suites/thesis_l40_main/extend/model_base/seed_44/finetuning/military_tank/stage_2,0.1344923755164134,0.008904076796213993,0.08704839995166287,0.0063426034042827735,0.8860747490562022,0.05324936006211303,0.39328480393890003,0.25980056154463377,0.2961241667352507,0.005000340335412411,0.029291674063554058,0.0014202023788389847,0.014864864864864866,0.0007207207207207207,0.9939759036144579,0.04819277108433735,0.8186889549269055,0.5302388962978891,0.6128618944700451,0.004816595945308816,,,,,,,0.04651290292422661,0.04494473775628455,0.07929815757916847,-0.0006598733606079507,,,,,,,-0.031316047186530416,-0.016138619125256715,-0.02605462550187687,0.0024598628974011358,
base,replay,military_aircraft,stage_1,base:replay:military_aircraft:stage_1,42,experiments/suites/thesis_l40_main/extend/model_base/seed_42/replay/military_aircraft/stage_1,0.04598898320553534,0.005615238588939932,0.023907942998139017,0.0029033208496088876,0.9801725080152447,0.14745649317321965,0.7496423813527651,0.5356585781083146,0.6066231635218826,0.0423866553906233,0.028591256072172104,0.0033310201249132547,0.014507042253521127,0.0016901408450704226,0.9809523809523809,0.11428571428571428,0.8210275499750723,0.5606430700339519,0.6366263668483865,0.04744249871230929,,,,,,,0.14863119796838808,0.09894914620650352,0.16327027534872812,-0.09761899166336782,,,,,,,0.017761975352062365,0.0033270148718539394,0.020494044687139,-0.052702039476884587,
base,replay,military_aircraft,stage_1,base:replay:military_aircraft:stage_1,43,experiments/suites/thesis_l40_main/extend/model_base/seed_43/replay/military_aircraft/stage_1,0.07695452458130116,0.008040284415733004,0.041568403438146904,0.004327572758163781,0.972190383580466,0.12306344802148432,0.7406507297972879,0.5365548459036279,0.6202873485553083,0.025445647711471977,0.029146426092990976,0.004441360166551007,0.014788732394366197,0.0022535211267605635,1.0,0.1523809523809524,0.8549383753097745,0.5661198982428848,0.6136244570675653,0.013646263572910641,,,,,,,0.13044517065829042,0.08478539840545368,0.08943432810383867,-0.03593585939596183,,,,,,,0.02083221937565516,0.014108209917227055,0.00954269154529852,0.003511316876996781,
base,replay,military_aircraft,stage_1,base:replay:military_aircraft:stage_1,44,experiments/suites/thesis_l40_main/extend/model_base/seed_44/replay/military_aircraft/stage_1,0.05363473629210117,0.005225713931438488,0.028537344119246185,0.0027077555601341743,0.9694682363803078,0.1457222412359233,0.711451707901546,0.5039223428144769,0.5698755175886787,0.05052896270815849,0.02831367106176266,0.0022206800832755033,0.01436619718309859,0.0011267605633802818,0.9714285714285714,0.0761904761904762,0.719644829168272,0.4468286759580227,0.5044775261917801,0.027679644622102633,,,,,,,0.15400126105271017,0.08599003353962698,0.11847572892621155,0.01327064016678631,,,,,,,0.018500899257335668,0.008009018217846331,0.01640685897288463,0.003924945413297111,
base,replay,military_aircraft,stage_2,base:replay:military_aircraft:stage_2,42,experiments/suites/thesis_l40_main/extend/model_base/seed_42/replay/military_aircraft/stage_2,0.05212754763547444,0.005581886513654689,0.027301924599447774,0.002894413953003577,0.9808690887289084,0.13836177491787724,0.7319126674021071,0.5247079859951054,0.5976675178191493,0.03999484587765886,0.028591256072172104,0.0036086051353226923,0.014507042253521127,0.0018309859154929577,0.9809523809523809,0.12380952380952381,0.8591106693830832,0.5918437791672224,0.6683482066560498,0.031308314358613705,,,,,,,0.0380831194080109,0.031200709133270554,0.0317218398076633,-0.016134184353695583,,,,,,,-0.01772971395065792,-0.010950592113209257,-0.008955645702733328,-0.0023918095129644365,
base,replay,military_aircraft,stage_2,base:replay:military_aircraft:stage_2,43,experiments/suites/thesis_l40_main/extend/model_base/seed_43/replay/military_aircraft/stage_2,0.06668960360980987,0.006912891756883925,0.035477694054166314,0.00365863154670258,0.9733739995302333,0.11926341055712841,0.7391207811285699,0.534335246330594,0.6229129941627539,0.029519146025760442,0.029146426092990976,0.0036086051353226923,0.014788732394366197,0.0018309859154929577,1.0,0.12380952380952381,0.8695169092861184,0.5806623579527334,0.6853382596338579,0.022449622718403058,,,,,,,0.0145785339763439,0.014542459709848576,0.07171380256629256,0.008803359145492417,,,,,,,-0.0015299486687179176,-0.002219599573033859,0.0026256456074456036,0.004073498314288465,
base,replay,military_aircraft,stage_2,base:replay:military_aircraft:stage_2,44,experiments/suites/thesis_l40_main/extend/model_base/seed_44/replay/military_aircraft/stage_2,0.046345454903758236,0.004698692816152138,0.024423022992776166,0.0024362713169886795,0.9732426892724915,0.13470109960951918,0.7128923329155418,0.5073288045878893,0.5733978623095146,0.04184964088691375,0.028036086051353225,0.0022206800832755033,0.014225352112676056,0.0011267605633802818,0.9619047619047619,0.0761904761904762,0.7399227318888704,0.4794375784359547,0.5473450237960759,0.01452140520354111,,,,,,,0.020277902720598373,0.03260890247793197,0.04286749760429576,-0.013158239418561523,,,,,,,0.0014406250139957777,0.003406461773412417,0.0035223447208359016,-0.008679321821244736,
base,replay,military_helicopter,stage_1,base:replay:military_helicopter:stage_1,42,experiments/suites/thesis_l40_main/extend/model_base/seed_42/replay/military_helicopter/stage_1,0.0431376356846763,0.0038366093583314573,0.02230931935722599,0.001966664623594778,0.9771954624181779,0.1140458473522029,0.7198671194583169,0.5098984074985752,0.5711831817090296,0.03148243096267605,0.0250022646978893,0.0025364616360177552,0.012660550458715596,0.0012844036697247706,0.9928057553956835,0.10071942446043165,0.8673794577710261,0.5745317463523331,0.6358328034660077,0.03652400469060339,,,,,,,-0.022170630039565764,-0.034362795330392104,-0.033039162875918904,-0.012291650763584766,,,,,,,-0.01201328654238576,-0.022433155737885513,-0.014945937125714015,-0.06360626390483184,
base,replay,military_helicopter,stage_1,base:replay:military_helicopter:stage_1,43,experiments/suites/thesis_l40_main/extend/model_base/seed_43/replay/military_helicopter/stage_1,0.0691917574801695,0.00809910037962366,0.03698375675653021,0.004285252667317134,0.9708287878312478,0.1410623119886344,0.7140261054520155,0.5271722647523456,0.6123997815961687,0.04355595841441817,0.024096385542168672,0.00434821994745901,0.012201834862385321,0.0022018348623853213,0.9568345323741008,0.17266187050359713,0.8688092814711542,0.6191620466760964,0.7070029426927642,0.04005248401914038,,,,,,,-0.004000244176582846,0.0185027529162759,-0.014873974028317805,0.03534574430963644,,,,,,,-0.005792404969617193,0.004725628765944734,0.001655124586158907,0.021621627579942976,
base,replay,military_helicopter,stage_1,base:replay:military_helicopter:stage_1,44,experiments/suites/thesis_l40_main/extend/model_base/seed_44/replay/military_helicopter/stage_1,0.04730189773546112,0.004286697219468935,0.02484026218564193,0.002211824552718286,0.9641071405685974,0.13039083239916127,0.7244684224364715,0.5117135059342537,0.5739107061140262,0.04199399164421047,0.02463991303560105,0.0027176374671618805,0.012477064220183486,0.0013761467889908258,0.9784172661870504,0.1079136690647482,0.8769405193351008,0.559403331669066,0.5803272397804613,0.03881752388701262,,,,,,,0.006500753448920205,-0.0008891725916265747,0.00688040837507875,0.02550529991263052,,,,,,,0.031517613792261145,0.01580018133762312,0.020442047498232085,-0.004610025650650905,
base,replay,military_helicopter,stage_2,base:replay:military_helicopter:stage_2,42,experiments/suites/thesis_l40_main/extend/model_base/seed_42/replay/military_helicopter/stage_2,0.03966165608009957,0.004337700090183129,0.02044423951190123,0.002221302212715982,0.9793959863754137,0.13230807339433673,0.7215168118591689,0.5113520034556565,0.5883488221672039,0.03625860956685734,0.024821088866745177,0.002174109973729505,0.012568807339449541,0.0011009174311926607,0.9856115107913669,0.08633093525179857,0.8723045240348624,0.5892136451614213,0.6831134475755815,0.021664059239240495,,,,,,,0.004925066263836264,0.014681898809088212,0.04728064410957378,-0.014859945451362898,,,,,,,0.0016496924008519986,0.0014535959570812773,0.01716564045817426,0.004776178604181294,
base,replay,military_helicopter,stage_2,base:replay:military_helicopter:stage_2,43,experiments/suites/thesis_l40_main/extend/model_base/seed_43/replay/military_helicopter/stage_2,0.061333373879088625,0.006431239549790729,0.03253331926847281,0.003395906048569335,0.9757355729619137,0.11142886000535145,0.7204785412370724,0.522789413237014,0.608596994705236,0.03266133818303336,0.024277561373312797,0.003079989129450131,0.012293577981651376,0.0015596330275229357,0.9640287769784173,0.1223021582733813,0.8766698699818609,0.6081831959933568,0.6958306119315347,0.02131632371120378,,,,,,,0.0078605885107067,-0.010978850682739627,-0.011172330761229476,-0.0187361603079366,,,,,,,0.0064524357850569425,-0.004382851515331576,-0.003802786890932719,-0.010894620231384815,
base,replay,military_helicopter,stage_2,base:replay:military_helicopter:stage_2,44,experiments/suites/thesis_l40_main/extend/model_base/seed_44/replay/military_helicopter/stage_2,0.044038270153843616,0.0037998246619721236,0.023092980172786225,0.001955505218358832,0.9612899768238649,0.12626815878638753,0.7159378085985001,0.5024944826677835,0.5663262087141897,0.03752921556670166,0.02463991303560105,0.0027176374671618805,0.012477064220183486,0.0013761467889908258,0.9784172661870504,0.1079136690647482,0.8629700351690144,0.5365866198687664,0.532665556919657,0.038991847902739,,,,,,,-0.013970484166086372,-0.02281671180029954,-0.0476616828608043,0.00017432401572637507,,,,,,,-0.00853061383797138,-0.009219023266470172,-0.007584497399836465,-0.0044647760775088086,
base,replay,military_tank,stage_1,base:replay:military_tank:stage_1,42,experiments/suites/thesis_l40_main/extend/model_base/seed_42/replay/military_tank/stage_1,0.046505645243528626,0.008307651120109644,0.024146330271848152,0.004307181426764868,0.977679484070732,0.18360642392185356,0.7294517084093286,0.5321293389213283,0.6008817674483836,0.07578660844734991,0.029469199360908926,0.0023078288656133497,0.014954954954954955,0.0011711711711711711,1.0,0.0783132530120482,0.8327340487294067,0.5336577913395831,0.6079131753890397,0.01818011156470602,,,,,,,0.009972830008382783,0.006674026416044199,-0.007450756743205944,0.006653618586660972,,,,,,,-0.002428697591374096,-0.00020222431513239325,0.014752648613640007,-0.019302086420157974,
base,replay,military_tank,stage_1,base:replay:military_tank:stage_1,43,experiments/suites/thesis_l40_main/extend/model_base/seed_43/replay/military_tank/stage_1,0.08061746639760027,0.00926829755891498,0.04341373553570032,0.0049546315381859985,0.9764312691324225,0.13953504440929798,0.7351692377465429,0.5372230187225839,0.6269974504021772,0.03784129746522636,0.029469199360908926,0.0023078288656133497,0.014954954954954955,0.0011711711711711711,1.0,0.0783132530120482,0.8586760052881406,0.6002474408131568,0.7090992857034922,0.02479492142890402,,,,,,,0.06360383141907233,0.02483774605770206,0.037835737057056784,0.00812339019696661,,,,,,,0.015350727324910163,0.014776382736183091,0.016252793392167453,0.015906966630751165,
base,replay,military_tank,stage_1,base:replay:military_tank:stage_1,44,experiments/suites/thesis_l40_main/extend/model_base/seed_44/replay/military_tank/stage_1,0.03290519070559473,0.004114936010895575,0.016799885417451556,0.0020952151358233973,0.9658068528033632,0.1415287898984835,0.7088261268920011,0.5024082040866376,0.5673971308095417,0.045075330218794306,0.029114148766199183,0.0014202023788389847,0.014774774774774775,0.0007207207207207207,0.9879518072289156,0.04819277108433735,0.8034254936484698,0.5033259549268722,0.5476138076073097,0.024145971628037867,,,,,,,0.030774837823683177,0.005677553258909562,-0.03540962629491329,-0.0007164446501617475,,,,,,,0.01587531824779076,0.006494879490006988,0.013928472193747599,-0.00152868707606707,
base,replay,military_tank,stage_2,base:replay:military_tank:stage_2,42,experiments/suites/thesis_l40_main/extend/model_base/seed_42/replay/military_tank/stage_2,0.0727909717984953,0.012417432050552278,0.03856196581467521,0.006563056361972976,0.9698720365965139,0.16023671914884632,0.7282637020287215,0.5210861108100681,0.5875844272643133,0.05838795810424049,0.029291674063554058,0.0019527782709036037,0.014864864864864866,0.000990990990990991,0.9939759036144579,0.06626506024096386,0.8251212485630821,0.517027876685566,0.5707534141471702,0.01616394197559291,,,,,,,-0.007612800166324596,-0.016629914654017086,-0.03715976124186948,-0.0020161695891131107,,,,,,,-0.0011880063806071206,-0.01104322811126024,-0.013297340184070361,-0.017398650343109424,
base,replay,military_tank,stage_2,base:replay:military_tank:stage_2,43,experiments/suites/thesis_l40_main/extend/model_base/seed_43/replay/military_tank/stage_2,0.06182705038291431,0.007056750145959116,0.03264069792356968,0.0037071087993609236,0.9777944849677,0.12389901617530506,0.7237577825078904,0.5304110058323442,0.6190930544898862,0.039860531086628785,0.029469199360908926,0.002662879460323096,0.014954954954954955,0.0013513513513513514,1.0,0.09036144578313253,0.8519826391588137,0.6088206395524632,0.726552261770792,0.03640769425128448,,,,,,,-0.0066933661293269164,0.008573198739306398,0.017452976067299786,0.011612772822380456,,,,,,,-0.011411455238652501,-0.006812012890239694,-0.007904395912291085,0.002019233621402425,
base,replay,military_tank,stage_2,base:replay:military_tank:stage_2,44,experiments/suites/thesis_l40_main/extend/model_base/seed_44/replay/military_tank/stage_2,0.03502387580024766,0.004119695138372413,0.01791940117663245,0.0021022626338667184,0.9718309491889053,0.13047162962329031,0.7165377369045006,0.5033318523016215,0.5706125224169668,0.04228396734712047,0.029469199360908926,0.0015977276761938576,0.014954954954954955,0.0008108108108108108,1.0,0.05421686746987952,0.8312932483418096,0.5230568588024419,0.6069644138407201,0.020000587617886038,,,,,,,0.027867754693339797,0.01973090387556975,0.059350606233410375,-0.004145384010151829,,,,,,,0.007711610012499537,0.0009236482149839187,0.003215391607425122,-0.002791362871673836,
large,det_lora_grow_freeze,military_aircraft,stage_1,large:det_lora_grow_freeze:military_aircraft:stage_1,42,experiments/suites/thesis_l40_main/extend/model_large/seed_42/det_lora_grow_freeze/military_aircraft/stage_1,0.09213567710800165,0.008481515038604504,0.05211336670140662,0.004706056290596033,0.9338952730364829,0.10876534256079566,0.6295539466702352,0.429043624053765,0.4762605334215521,0.018376947398407034,0.028036086051353225,0.0027758501040943792,0.014225352112676056,0.0014084507042253522,0.9619047619047619,0.09523809523809523,0.7813127061422639,0.4860556437368431,0.5327102170992578,0.02373422274428314,0.0,0.0008327550312283141,0.0,0.00042253521126760576,0.0,0.028571428571428567,-0.0027533169542853786,-0.02445216460158156,-0.0569100681294602,0.007599967809355686,0.05057510077469574,0.004612282653823192,0.030643786981549598,0.0027149345690254535,-0.042700594497876665,-0.0010382743718966303,-0.026514408233683007,-0.02284652668096565,-0.03001673440768332,-0.004550831594462231,
large,det_lora_grow_freeze,military_aircraft,stage_1,large:det_lora_grow_freeze:military_aircraft:stage_1,43,experiments/suites/thesis_l40_main/extend/model_large/seed_43/det_lora_grow_freeze/military_aircraft/stage_1,0.08911810268791644,0.006102199671104869,0.056502481605795074,0.003805623369381604,0.9281924063038693,0.08075549574814427,0.6165017335274835,0.4202897949668385,0.47539074633899353,0.014521908712351294,0.02831367106176266,0.0022206800832755033,0.01436619718309859,0.0011267605633802818,0.9714285714285714,0.0761904761904762,0.7851730518837478,0.4917230418853541,0.578129704384877,0.022979624899735703,0.0,0.0,0.0,0.0,0.0,0.0,-0.02530723393563028,-0.03637503354859872,-0.037925305266502285,-0.0018869326004735953,0.05118948192065736,0.003240438037280314,0.036978447947662085,0.0023371320266605423,-0.04817596680606406,-0.005390815528380458,-0.02263857535274494,-0.022888482008592004,-0.02589067359628966,-0.0006453106182041125,
large,det_lora_grow_freeze,military_aircraft,stage_1,large:det_lora_grow_freeze:military_aircraft:stage_1,44,experiments/suites/thesis_l40_main/extend/model_large/seed_44/det_lora_grow_freeze/military_aircraft/stage_1,0.09138324762536315,0.008346122235255158,0.05126735473171836,0.004637528001785417,0.9408518986083195,0.09618611196501041,0.6606799265981155,0.44713603224367526,0.4960861160577135,0.01669785223934713,0.028036086051353225,0.0022206800832755033,0.014225352112676056,0.0011267605633802818,0.9619047619047619,0.0761904761904762,0.7486396461239725,0.46478600668406483,0.5387616909581866,0.01006826506940457,0.0,0.0005551700208188759,0.0,0.00028169014084507044,0.0,0.019047619047619056,-0.041459754648313196,-0.04408985709607899,-0.049148935478351086,0.0036012053199513646,0.056607620894646736,0.0054756452083346025,0.03346201995631003,0.003170692773536719,-0.03805867261704998,0.002755520964642988,0.013901173987864057,-0.0012538902464722668,-0.009034590040873758,-0.005053258578423422,
large,det_lora_grow_freeze,military_aircraft,stage_2,large:det_lora_grow_freeze:military_aircraft:stage_2,42,experiments/suites/thesis_l40_main/extend/model_large/seed_42/det_lora_grow_freeze/military_aircraft/stage_2,0.09144374196668048,0.007582626131508136,0.05389611668081176,0.004359284047037914,0.9481710312144268,0.10876534256079566,0.6188547086891051,0.41870559117128686,0.46659130198647897,0.016602098338881946,0.028036086051353225,0.0027758501040943792,0.014225352112676056,0.0014084507042253522,0.9619047619047619,0.09523809523809523,0.7630427813288791,0.4588370679339455,0.5097443110753552,0.020809185419726494,0.0,0.0,0.0,0.0,0.0,0.0,-0.01826992481338474,-0.027218575802897604,-0.022965906023902583,-0.0029250373245566473,0.047269967803563406,0.0034417198637861765,0.030922933507413847,0.002215842568385686,-0.029008121842977186,-0.0010040160642570128,-0.03358103069060525,-0.02976686625253594,-0.031131533041828474,-0.005755044244714586,
large,det_lora_grow_freeze,military_aircraft,stage_2,large:det_lora_grow_freeze:military_aircraft:stage_2,43,experiments/suites/thesis_l40_main/extend/model_large/seed_43/det_lora_grow_freeze/military_aircraft/stage_2,0.09944113026682327,0.0070576702548725565,0.06411170351009603,0.004467163981994438,0.9173392159183763,0.08103046137744059,0.6233554249214258,0.4259871951947884,0.4816948886947349,0.014739149715350749,0.02831367106176266,0.002498265093684941,0.01436619718309859,0.0012676056338028169,0.9714285714285714,0.08571428571428572,0.7699581433316569,0.4745884364794198,0.5478568301619607,0.015164581262995616,0.0,0.00027758501040943753,0.0,0.0001408450704225351,0.0,0.009523809523809518,-0.015214908552090844,-0.01713460540593431,-0.030272874222916246,-0.007815043636740087,0.059388729402082695,0.003930519960965776,0.0434133771019129,0.002857279562208482,-0.060616458778858684,-0.006314890666470216,-0.011029434670202565,-0.01149090222071042,-0.01379248726922816,0.0002643869051803024,
large,det_lora_grow_freeze,military_aircraft,stage_2,large:det_lora_grow_freeze:military_aircraft:stage_2,44,experiments/suites/thesis_l40_main/extend/model_large/seed_44/det_lora_grow_freeze/military_aircraft/stage_2,0.07681566153605311,0.007463033574962864,0.04162298557736958,0.004023400773698176,0.9415954893177441,0.09498707119762433,0.6629626478289175,0.44664367754197315,0.4946229393549843,0.01744201537731707,0.027758501040943788,0.0022206800832755033,0.014084507042253521,0.0011267605633802818,0.9523809523809523,0.0761904761904762,0.725692625672786,0.43677097684056665,0.49113273826045534,0.009918583062704071,-0.00027758501040943753,0.0,-0.00014084507042253468,0.0,-0.009523809523809601,0.0,-0.02294702045118646,-0.028015029843498185,-0.047628952697731264,-0.00014968200670049947,0.039254669881551955,0.004080009573885494,0.02229911637291478,0.0022857928737838222,-0.035727780320323865,-0.0011990407673860837,0.020488629830622496,0.0026722726502359517,-0.001458919475606557,-0.003794788232069652,
large,det_lora_grow_freeze,military_helicopter,stage_1,large:det_lora_grow_freeze:military_helicopter:stage_1,42,experiments/suites/thesis_l40_main/extend/model_large/seed_42/det_lora_grow_freeze/military_helicopter/stage_1,0.09801483871441118,0.009177017670788825,0.053579537602982424,0.0050024535751125076,0.9325310129029276,0.10400343779889089,0.639425705740959,0.4249405969525697,0.4643997182811627,0.018506789746773257,0.024821088866745177,0.001449406649153003,0.012568807339449541,0.0007339449541284404,0.9856115107913669,0.05755395683453238,0.786567909184226,0.37734587862973,0.3397527675186193,0.003780601940791094,-2.2505294103494083e-05,-0.0007266745912133041,-1.1541604535767261e-05,-0.0003679834205272069,0.0,-0.02877697841726619,-0.04317608129989958,-0.12447949141412373,-0.20281258759244875,-0.008704358929877911,0.05645426238110527,0.0053077852860075134,0.0321099578831254,0.0030113318535419284,-0.04406485463143195,-0.005800179133801403,-0.01664264916295921,-0.026949553782160962,-0.04187754954807271,-0.004420989246096008,
large,det_lora_grow_freeze,military_helicopter,stage_1,large:det_lora_grow_freeze:military_helicopter:stage_1,43,experiments/suites/thesis_l40_main/extend/model_large/seed_43/det_lora_grow_freeze/military_helicopter/stage_1,0.08894544791635463,0.005970861434715182,0.055801171255301006,0.003696235178531081,0.9287465187681215,0.07464699672059465,0.6157066628681809,0.4126945896009338,0.454671985575185,0.012685333856857503,0.024821088866745177,0.000905879155720627,0.012568807339449541,0.00045871559633027525,0.9856115107913669,0.03597122302158273,0.7491970778007012,0.39868379270502863,0.3960785972372907,0.0010490762670458253,0.00036235166228825236,-0.0005435274934323759,0.00018348623853210906,-0.0002752293577981651,0.014388489208633115,-0.021582733812949645,-0.07134919314489685,-0.1076728623554124,-0.18682580414708044,-0.003730258426587421,0.05101682714909555,0.0031090998008906274,0.03627713759716802,0.002227743835810019,-0.047621854341811876,-0.011499314555930076,-0.02343364601204756,-0.030483687374496693,-0.04660943436009818,-0.0024818854736979035,
large,det_lora_grow_freeze,military_helicopter,stage_1,large:det_lora_grow_freeze:military_helicopter:stage_1,44,experiments/suites/thesis_l40_main/extend/model_large/seed_44/det_lora_grow_freeze/military_helicopter/stage_1,0.06448937211720147,0.005306573902466767,0.03627041323790595,0.0029629145268987005,0.947166846649886,0.09343059100036742,0.6532233358276033,0.4407247199402324,0.4897001758553922,0.017187328450453117,0.024821088866745177,0.0007247033245765015,0.012568807339449541,0.0003669724770642202,0.9856115107913669,0.02877697841726619,0.7883485351800555,0.44366323008853276,0.46145645014855186,0.012937194991002465,0.0001811758311441279,0.0,9.17431192660554e-05,0.0,0.007194244604316502,0.0,-0.04789040499998476,-0.061864792321977335,-0.10728094463607729,0.010424912512754639,0.02971374538648506,0.002436096875546211,0.018465078462497623,0.001496079298650003,-0.03174372457548347,0.0,0.0064445832173518625,-0.007665202549915151,-0.015420530243195063,-0.004563782367317436,
large,det_lora_grow_freeze,military_helicopter,stage_2,large:det_lora_grow_freeze:military_helicopter:stage_2,42,experiments/suites/thesis_l40_main/extend/model_large/seed_42/det_lora_grow_freeze/military_helicopter/stage_2,0.08691219663530014,0.007218721835695528,0.04805810618456883,0.003937581747667173,0.9366605126056653,0.10520247856627697,0.6469205116530394,0.42768014128884574,0.46578718722301976,0.01818584332452379,0.024821088866745177,0.0016305824802971285,0.012568807339449541,0.0008256880733944954,0.9856115107913669,0.06474820143884892,0.7896608507005473,0.376687432182389,0.32441309890933273,0.003792649545999049,0.0,0.00018117583114412553,0.0,9.174311926605507e-05,0.0,0.007194244604316544,0.0030929415163212237,-0.0006584464473410323,-0.015339668609286594,1.2047605207954771e-05,0.0382024781406173,0.0027814550340295053,0.022601811912689323,0.0016303219777671846,-0.04013037963182331,0.00019502470312905695,0.009597872868747803,0.002183045906762604,-0.0002643926778786443,-0.003259142471438853,
large,det_lora_grow_freeze,military_helicopter,stage_2,large:det_lora_grow_freeze:military_helicopter:stage_2,43,experiments/suites/thesis_l40_main/extend/model_large/seed_43/det_lora_grow_freeze/military_helicopter/stage_2,0.11339192535698767,0.009991927727884922,0.06885380175005686,0.0061426177507050254,0.9163722434164452,0.07924813508700994,0.6174002074414676,0.4106132956877208,0.4514128424030324,0.013239227292297914,0.024821088866745177,0.001449406649153003,0.012568807339449541,0.0007339449541284404,0.9856115107913669,0.05755395683453238,0.7665817506399576,0.39647878233042627,0.3810788160268039,0.0027635993413005896,0.0,0.0005435274934323759,0.0,0.0002752293577981651,0.0,0.021582733812949645,0.017384672839256377,-0.0022050103746023564,-0.01499978121048684,0.0017145230742547644,0.0692520484433719,0.006596118852251868,0.04591412792025547,0.004384648227192944,-0.06041864882104342,-0.003301053887356492,0.0003095518976525824,-0.00846417693311935,-0.011075728206173974,-0.001255394162197979,
large,det_lora_grow_freeze,military_helicopter,stage_2,large:det_lora_grow_freeze:military_helicopter:stage_2,44,experiments/suites/thesis_l40_main/extend/model_large/seed_44/det_lora_grow_freeze/military_helicopter/stage_2,0.05974916675954883,0.0051295182564192405,0.03265820420393078,0.0027832808595353157,0.9524443669876476,0.09223155023298131,0.6499287411412861,0.4364295536593163,0.48286411782214983,0.01662857386883391,0.024821088866745177,0.0005435274934323763,0.012568807339449541,0.00027522935779816516,0.9856115107913669,0.02158273381294964,0.7631513588133517,0.4084286733679715,0.4102199024306195,0.0011004376684876232,0.0,-0.0001811758311441252,0.0,-9.174311926605502e-05,0.0,-0.007194244604316547,-0.025197176366703822,-0.03523455672056125,-0.051236547717932346,-0.011836757322514841,0.018246742967223242,0.001300290298105322,0.011193908121462197,0.0008067354144974215,-0.02607794341780645,-0.0011990407673861114,0.014887478759529227,0.0002729873314765707,-0.0025062373639521685,-0.006860446004406856,
large,det_lora_grow_freeze,military_tank,stage_1,large:det_lora_grow_freeze:military_tank:stage_1,42,experiments/suites/thesis_l40_main/extend/model_large/seed_42/det_lora_grow_freeze/military_tank/stage_1,0.07994588143548871,0.00840726021826048,0.043243401426858584,0.004566173544425771,0.9366361417167647,0.10888207466900973,0.6556237819716645,0.44842734970980475,0.5034431259598361,0.019759931088814842,0.029469199360908926,0.0019527782709036037,0.014954954954954955,0.000990990990990991,1.0,0.06626506024096386,0.9286003776015249,0.6047180876759629,0.6495639166974788,0.011535525599250942,0.0,0.0,0.0,0.0,0.0,0.0,-0.005727901526287105,-0.002697853485942203,-0.0025183925254280703,-1.3647773310965922e-05,0.038385305102182805,0.004538027833479169,0.02177382170700156,0.0025750518228551916,-0.03995972581759488,-0.0009215422636825593,-0.0004445729322537506,-0.00346280102492591,-0.0028341418693993425,-0.003167847904054423,
large,det_lora_grow_freeze,military_tank,stage_1,large:det_lora_grow_freeze:military_tank:stage_1,43,experiments/suites/thesis_l40_main/extend/model_large/seed_43/det_lora_grow_freeze/military_tank/stage_1,0.044992650449259534,0.0033919697117371483,0.02395140864013449,0.0017881973347938646,0.9338135895851347,0.08647229703818345,0.6193990011094797,0.4234612922241882,0.4805902225815781,0.014658022402423492,0.029291674063554058,0.0017752529735487307,0.014864864864864866,0.0009009009009009009,0.9939759036144579,0.060240963855421686,0.9024435323460421,0.5896621764218374,0.6271707351581663,0.009175015821772714,-0.00017752529735486772,0.0,-9.009009009008917e-05,0.0,-0.0060240963855421326,0.0,-0.01943358867528089,-0.014077677398782962,-0.015302920980589718,-0.000213600136707957,0.0070640296820004556,0.0005302080779125934,0.004427374982001502,0.000319705992072803,-0.04255478352479869,0.00032598576165872306,-0.019741307770748784,-0.019716984751242284,-0.020691197353705115,-0.000509196928131915,
large,det_lora_grow_freeze,military_tank,stage_1,large:det_lora_grow_freeze:military_tank:stage_1,44,experiments/suites/thesis_l40_main/extend/model_large/seed_44/det_lora_grow_freeze/military_tank/stage_1,0.056114125353041784,0.004584598106528019,0.029903507872471227,0.002422483507269286,0.949915945358578,0.09802917699234272,0.6526854341651692,0.4435317777393058,0.49554880266075774,0.01622125323125848,0.029291674063554058,0.0019527782709036037,0.014864864864864866,0.000990990990990991,0.9939759036144579,0.06626506024096386,0.920617435377545,0.6053668653116573,0.6541905386207826,0.006820314138437255,0.0,-0.00017752529735487314,0.0,-9.009009009009004e-05,0.0,-0.00602409638554216,-0.010474831665852391,-0.008181004524638436,-0.008245236230132513,-0.001663475416988876,0.02133849862232537,0.0017141210796074624,0.012098173097062896,0.0009556482790205884,-0.028994625866791468,0.004598585991975296,0.005906681554917803,-0.004858144750841731,-0.009571903437829543,-0.005529857586512074,
large,det_lora_grow_freeze,military_tank,stage_2,large:det_lora_grow_freeze:military_tank:stage_2,42,experiments/suites/thesis_l40_main/extend/model_large/seed_42/det_lora_grow_freeze/military_tank/stage_2,0.18164112947959132,0.022611966809102546,0.16694611859643335,0.022443408496003837,0.8500130115024743,0.09821918369188336,0.6104004683423236,0.42149769149844163,0.47545452666210847,0.019395474649789055,0.029469199360908926,0.0019527782709036037,0.014954954954954955,0.000990990990990991,1.0,0.06626506024096386,0.9285724272560791,0.6044387241844686,0.6491064593488607,0.01153048157203174,0.0,0.0,0.0,0.0,0.0,0.0,-2.79503454457819e-05,-0.00027936349149426665,-0.0004574573486181288,-5.044027219201774e-06,0.1412109505571847,0.017944398402656492,0.1460879610927845,0.02002835234793274,-0.12728108507680114,-0.013285030018729674,-0.043326570465409775,-0.03019183438266254,-0.03255735198752879,-0.0025621656337124314,
large,det_lora_grow_freeze,military_tank,stage_2,large:det_lora_grow_freeze:military_tank:stage_2,43,experiments/suites/thesis_l40_main/extend/model_large/seed_43/det_lora_grow_freeze/military_tank/stage_2,0.06558326121280555,0.004669725251498771,0.037404982542310845,0.0026227869443895976,0.9300872948107894,0.08823442458629638,0.6327012981974339,0.43244121317546974,0.4900375841517961,0.013419547476842535,0.029114148766199183,0.0017752529735487307,0.014774774774774775,0.0009009009009009009,0.9879518072289156,0.060240963855421686,0.898595344696556,0.5875226405970156,0.6275250459310433,0.009054756826833632,-0.00017752529735487466,0.0,-9.00900900900909e-05,0.0,-0.006024096385542244,0.0,-0.0038481876494861345,-0.0021395358248217367,0.00035431077287695345,-0.00012025899493908233,0.03558133397859575,0.0019630177894150824,0.022138893515758477,0.0012465236819681387,-0.04527706223488703,-0.00696448088440578,-0.005627025340245506,-0.010877424188535934,-0.012341471818692384,-0.0030122253097500697,
large,det_lora_grow_freeze,military_tank,stage_2,large:det_lora_grow_freeze:military_tank:stage_2,44,experiments/suites/thesis_l40_main/extend/model_large/seed_44/det_lora_grow_freeze/military_tank/stage_2,0.058830315047604755,0.005025682861482754,0.031060621354163365,0.0026397484823666648,0.950952431144132,0.094679635847031,0.6615994805236399,0.44758294776519003,0.4996593947165482,0.015349667703148537,0.029291674063554058,0.0017752529735487307,0.014864864864864866,0.0009009009009009009,0.9939759036144579,0.060240963855421686,0.9120504243792962,0.5972134730215235,0.6592771658026209,0.006240818530211482,0.0,-0.00017752529735487292,0.0,-9.009009009009015e-05,0.0,-0.006024096385542174,-0.008567010998248858,-0.008153392290133787,0.005086627181838277,-0.0005794956082257729,0.021785613565924462,0.0010722820036030449,0.01206281496076158,0.000606471477781007,-0.025415941965801436,-0.005552597976954829,0.02110888094228769,0.004398762756474384,0.000837018110426524,-0.006381838232389945,
large,det_lora_warm_start,military_aircraft,stage_1,large:det_lora_warm_start:military_aircraft:stage_1,42,experiments/suites/thesis_l40_main/extend/model_large/seed_42/det_lora_warm_start/military_aircraft/stage_1,0.12168216947762163,0.013250176815359149,0.07464772820823762,0.008114622345580014,0.9024783523316401,0.13779311343400072,0.5996248804302732,0.4201670036733766,0.4773698481267667,0.021888946928715097,0.02831367106176266,0.0030534351145038168,0.01436619718309859,0.0015492957746478873,0.9714285714285714,0.10476190476190476,0.7008248320423711,0.44339074473830564,0.519271517724331,0.03045565543382812,-0.00027758501040944447,0.0008327550312283135,-0.0001408450704225364,0.00042253521126760555,-0.00952380952380949,0.028571428571428567,-0.0744605313231188,-0.06795707416728214,-0.07338794069035903,0.01429774221909419,0.08444226429149412,0.00843594192345002,0.05549812383691673,0.005646270471984565,-0.07069999278607142,-0.013249162379903423,-0.03565100623610107,-0.031029266232628194,-0.03778356756590057,-0.002186502701109174,
large,det_lora_warm_start,military_aircraft,stage_1,large:det_lora_warm_start:military_aircraft:stage_1,43,experiments/suites/thesis_l40_main/extend/model_large/seed_43/det_lora_warm_start/military_aircraft/stage_1,0.04620507849970524,0.004481058250253386,0.024358582159237266,0.0023496400527327267,0.9353674512876947,0.10851762933495668,0.5907065200354077,0.41100986242216053,0.46673362079739117,0.017083108727237718,0.028591256072172104,0.0022206800832755033,0.014507042253521127,0.0011267605633802818,0.9809523809523809,0.0761904761904762,0.6699378346181774,0.4140095358441818,0.4771222005547334,0.013992801995131638,0.0,-0.0008327550312283135,0.0,-0.00042253521126760555,0.0,-0.028571428571428567,-0.1290456119875606,-0.11392739484450548,-0.15110695135536756,-0.011050144346104676,0.012064777074531081,0.0009801525491020128,0.006872758023383458,0.0005604560285000872,-0.04493539682184733,-0.006122879546890447,-0.029205569436417944,-0.02847653535488126,-0.03763175284379222,0.001206781875967216,
large,det_lora_warm_start,military_aircraft,stage_1,large:det_lora_warm_start:military_aircraft:stage_1,44,experiments/suites/thesis_l40_main/extend/model_large/seed_44/det_lora_warm_start/military_aircraft/stage_1,0.047973566477856354,0.005173743547537864,0.025110390573006177,0.0027022802303551014,0.9256701259351324,0.12069745932266623,0.6268587631521231,0.433425393621434,0.4930248349202653,0.013191054760665602,0.028036086051353225,0.0030534351145038168,0.014225352112676056,0.0015492957746478873,0.9619047619047619,0.10476190476190476,0.6966380688209777,0.43919847137021906,0.5198865658256299,0.01117826958706734,0.00027758501040943753,0.0008327550312283135,0.00014084507042253468,0.00042253521126760555,0.009523809523809601,0.028571428571428567,-0.07849801623521957,-0.06773855430133058,-0.07299567382400918,0.004682911118442679,0.015371366340473383,0.0013727470531969721,0.00846530344118123,0.0007646002881190584,-0.04708447505781699,-0.00977851903569163,0.0011444683644397102,-0.010438894233811224,-0.015073742091633924,-0.00925288208892608,
large,det_lora_warm_start,military_aircraft,stage_2,large:det_lora_warm_start:military_aircraft:stage_2,42,experiments/suites/thesis_l40_main/extend/model_large/seed_42/det_lora_warm_start/military_aircraft/stage_2,0.041961668329311246,0.004950702153592144,0.021664380929568284,0.002548150526803431,0.9573203307282688,0.13216190279282217,0.5834119890175489,0.4069215134111212,0.46163434259215846,0.018985543171939633,0.028868841082581538,0.0019430950728660651,0.014647887323943662,0.0009859154929577464,0.9904761904761905,0.06666666666666667,0.6995619900727558,0.4361780009595219,0.504782778456382,0.011445766425382035,0.00027758501040943406,-0.0011103400416377516,0.00014084507042253468,-0.0005633802816901409,0.009523809523809601,-0.0380952380952381,-0.01934516434535538,-0.014558829196820777,-0.012492280311071302,-0.032522594067820376,0.0007189556214093618,-0.00017253522487569502,0.0003676285930012575,-8.947620216844063e-05,-0.012878435917968223,-0.012854347794106824,-0.040770084445793,-0.033888236995850696,-0.03971559254550855,-0.00410218766507936,
large,det_lora_warm_start,military_aircraft,stage_2,large:det_lora_warm_start:military_aircraft:stage_2,43,experiments/suites/thesis_l40_main/extend/model_large/seed_43/det_lora_warm_start/military_aircraft/stage_2,0.05035723398464703,0.005216438532261595,0.026562471951770323,0.0027407368448842374,0.9312528674482409,0.11274323906954505,0.5917863608965898,0.41349061692630346,0.47082460802595083,0.01794064679500763,0.028036086051353225,0.0030534351145038168,0.014225352112676056,0.0015492957746478873,0.9619047619047619,0.10476190476190476,0.6748844235448014,0.4266432752661252,0.5061712956342096,0.02080689058675504,-0.0005551700208188785,0.0005551700208188759,-0.0002816901408450711,0.00028169014084507044,-0.01904761904761898,0.01904761904761905,-0.08483518666967937,-0.061939549114752745,-0.05713425924777249,0.006641178840556766,0.010142763436315642,0.0012448966924600222,0.005828843002987097,0.000699499714921207,-0.04428807589939643,-0.0046142938885494755,-0.02043473174217114,-0.01768729011910619,-0.020934646980145633,0.0032622866679568093,
large,det_lora_warm_start,military_aircraft,stage_2,large:det_lora_warm_start:military_aircraft:stage_2,44,experiments/suites/thesis_l40_main/extend/model_large/seed_44/det_lora_warm_start/military_aircraft/stage_2,0.032571589037747546,0.004209480873807661,0.016647043597807512,0.0021485711837125093,0.9648519280300355,0.13608249804132722,0.6115316807537914,0.42112942978275597,0.47804834360185966,0.016087802409431643,0.027758501040943788,0.0030534351145038168,0.014084507042253521,0.0015492957746478873,0.9523809523809523,0.10476190476190476,0.6880912891131701,0.4243320045884098,0.4921841682832283,0.019145361085674835,-0.00027758501040943753,0.0,-0.00014084507042253468,0.0,-0.009523809523809601,0.0,-0.04224186416068476,-0.04240032780364744,-0.05849732559426646,0.0059604195365581415,-0.0050824480220841226,-0.00014864024298437764,-0.002695130690999425,-8.699447591924928e-05,-0.010300754497686082,0.01232208240342468,-0.00778520929012172,-0.01819834237585466,-0.02714770455423643,-0.005751704678628816,
large,det_lora_warm_start,military_helicopter,stage_1,large:det_lora_warm_start:military_helicopter:stage_1,42,experiments/suites/thesis_l40_main/extend/model_large/seed_42/det_lora_warm_start/military_helicopter/stage_1,0.09780142522985934,0.009286089862282644,0.059762096186457885,0.005558293812736503,0.9027378836849683,0.13204082883911525,0.6126057949604925,0.42610042825569633,0.4851335360135607,0.020595566449597345,0.024096385542168672,0.001811758311441254,0.012201834862385321,0.0009174311926605505,0.9568345323741008,0.07194244604316546,0.66535491218578,0.3929201007151309,0.440313121542812,0.003735916124857959,-0.00036235166228825236,-0.001449406649153003,-0.0001834862385321108,-0.0007339449541284404,-0.014388489208633004,-0.05755395683453238,-0.09628658304630588,-0.08832944493876244,-0.1057319242506537,-0.010111426272390396,0.060561520043731824,0.004471854970373516,0.040612491815136986,0.0030899419391410537,-0.07044046143274318,-0.019001446974788894,-0.022670091705881745,-0.02509584165030848,-0.030019879679106576,-0.0034798831802269267,
large,det_lora_warm_start,military_helicopter,stage_1,large:det_lora_warm_start:military_helicopter:stage_1,43,experiments/suites/thesis_l40_main/extend/model_large/seed_43/det_lora_warm_start/military_helicopter/stage_1,0.05596292769045935,0.005810945507774015,0.029811368902350935,0.0030874753854074344,0.9138476342937905,0.10756273280682223,0.6036031672396809,0.4149298913584045,0.46240965003132256,0.017902109409279884,0.024277561373312797,0.001992934142585379,0.012293577981651376,0.0010091743119266055,0.9640287769784173,0.07913669064748201,0.6371133838269151,0.3621382275240635,0.3674182968116548,0.0033419401754022234,0.0,0.0,0.0,0.0,0.0,0.0,-0.10806171664092945,-0.11601739575318065,-0.20626189165323455,-0.00241991869299735,0.021822626265285194,0.002310039806622642,0.012325544766497127,0.001298291361174795,-0.06645521381575159,-0.007077776075024897,-0.01630892223214475,-0.02455650641863727,-0.04195572360986083,0.002025782558009382,
large,det_lora_warm_start,military_helicopter,stage_1,large:det_lora_warm_start:military_helicopter:stage_1,44,experiments/suites/thesis_l40_main/extend/model_large/seed_44/det_lora_warm_start/military_helicopter/stage_1,0.03773216721305265,0.004334825363757841,0.01959291210182525,0.002240343516628146,0.9558322930114574,0.12876009701790855,0.6276810179064028,0.43134395171399004,0.4879522474590483,0.014542297605574461,0.02463991303560105,0.0025364616360177552,0.012477064220183486,0.0012844036697247706,0.9784172661870504,0.10071942446043165,0.6608463807900145,0.38394581264713434,0.4236312880787226,0.005941611251608261,0.00018117583114412444,0.0009058791557206268,9.174311926605366e-05,0.00045871559633027515,0.007194244604316613,0.03597122302158273,-0.1217670274743532,-0.10784737787350673,-0.14897407273529645,0.0032107367505932764,0.005129967075669678,0.0005338288694169495,0.002947824970000304,0.0003026635743921032,-0.01692230798149197,-0.00171588134044931,0.0019667231187194822,-0.012520336141255195,-0.020146329552850895,-0.007901639244017222,
large,det_lora_warm_start,military_helicopter,stage_2,large:det_lora_warm_start:military_helicopter:stage_2,42,experiments/suites/thesis_l40_main/extend/model_large/seed_42/det_lora_warm_start/military_helicopter/stage_2,0.10671198569555529,0.01028572696195531,0.0667687368460737,0.006273942886820824,0.9091862682843753,0.13627390512793275,0.6113724408044942,0.42497708290496633,0.478998638318286,0.021096211592280284,0.024096385542168672,0.002898813298306006,0.012201834862385321,0.0014678899082568807,0.9568345323741008,0.11510791366906475,0.646945516116711,0.3816664807932273,0.4014489178379645,0.005950666814865589,0.0,0.0010870549868647519,0.0,0.0005504587155963302,0.0,0.04316546762589929,-0.06786832958262112,-0.03581219028023769,-0.056384745845614925,0.0007599551617124929,0.06734855878576694,0.0056242178739918285,0.0464765035468319,0.0038759521790259362,-0.06512481290583105,-0.004495632938902427,-0.013815165009222419,-0.014640100290479297,-0.02057139495485183,-0.0016371461261742055,
large,det_lora_warm_start,military_helicopter,stage_2,large:det_lora_warm_start:military_helicopter:stage_2,43,experiments/suites/thesis_l40_main/extend/model_large/seed_43/det_lora_warm_start/military_helicopter/stage_2,0.0645977888501744,0.007207216788156529,0.03599857710510188,0.004019908514627657,0.9212412759467803,0.10992519078165776,0.5989029642947231,0.40948294806039726,0.45301649093411217,0.017910730340695565,0.024277561373312797,0.001992934142585379,0.012293577981651376,0.0010091743119266055,0.9640287769784173,0.07913669064748201,0.6172253123866633,0.34230684966958,0.33745934121877175,0.00429075033019521,0.0,-0.00018117583114412618,0.0,-9.174311926605518e-05,0.0,-0.0071942446043165575,-0.09244843923908841,-0.07415062336527095,-0.1005172515172183,-0.002143591879728124,0.028131542877591093,0.0036394212489473357,0.017260728825328375,0.002193148607264296,-0.05468792822077251,-0.004844038108427456,-0.01450287674975348,-0.019408666850968093,-0.028668572212448673,0.0019335234698526667,
large,det_lora_warm_start,military_helicopter,stage_2,large:det_lora_warm_start:military_helicopter:stage_2,44,experiments/suites/thesis_l40_main/extend/model_large/seed_44/det_lora_warm_start/military_helicopter/stage_2,0.03943179200242072,0.004184676670823321,0.020469760814375296,0.002164441841490495,0.9553302562917807,0.12516297471575025,0.6224482510594321,0.42631781841558486,0.4785112104171369,0.014130003869902583,0.024458737204456925,0.001449406649153003,0.012385321100917432,0.0007339449541284404,0.9712230215827338,0.05755395683453238,0.6249355728568977,0.35173833559731654,0.36176797683516604,0.003777515465767942,-0.00018117583114412444,-0.0010870549868647523,-9.174311926605366e-05,-0.0005504587155963302,-0.007194244604316613,-0.043165467625899276,-0.13293872908661586,-0.10956388783922716,-0.16110134992854697,-0.0035934891099642834,0.004759479443811103,0.00015648162329967574,0.002723130990078055,0.00010603609240906293,-0.021409727823242686,-0.005461037850008482,0.0022443442673298897,-0.011359031537106656,-0.020120453385320425,-0.008980473003418494,
large,det_lora_warm_start,military_tank,stage_1,large:det_lora_warm_start:military_tank:stage_1,42,experiments/suites/thesis_l40_main/extend/model_large/seed_42/det_lora_warm_start/military_tank/stage_1,0.06256165413645698,0.006257622588271154,0.03341145742274235,0.0033040422526353958,0.9093144793382782,0.132794135898221,0.5751519568705098,0.4049179674523058,0.46230357147576306,0.018214041763611827,0.029469199360908926,0.0028404047576779693,0.014954954954954955,0.0014414414414414415,1.0,0.0963855421686747,0.6128423684908715,0.37906784565072627,0.3826017716455904,0.004432037175218555,0.0,-0.0007101011894194921,0.0,-0.00036036036036036037,0.0,-0.02409638554216867,-0.29864165436108125,-0.23359893595841952,-0.29040844568725555,-0.01037234859213,0.025321748950329466,0.0014433876963620262,0.014261853051421452,0.0008356903790399466,-0.06386386577943326,-0.018248139915683137,-0.06012392979586445,-0.046278302453699016,-0.052849844216904196,-0.0058614078662124446,
large,det_lora_warm_start,military_tank,stage_1,large:det_lora_warm_start:military_tank:stage_1,43,experiments/suites/thesis_l40_main/extend/model_large/seed_43/det_lora_warm_start/military_tank/stage_1,0.04178738706920677,0.0038715371886877425,0.02196429826539052,0.0020137399790722665,0.9413604714494301,0.10663906150274526,0.5862087020301604,0.40283983609029383,0.45798157614026663,0.01483771722439402,0.029291674063554058,0.002485354162968223,0.014864864864864866,0.0012612612612612612,0.9939759036144579,0.08433734939759036,0.7679429180849295,0.49435954420699924,0.5467130278476258,0.008414175488090404,-0.00017752529735486772,-0.0008876264867743655,-9.009009009008917e-05,-0.0004504504504504506,-0.0060240963855421326,-0.030120481927710843,-0.12511583969562645,-0.10996726686698222,-0.11339277641274681,-0.0019060596323138713,0.00764708564403261,0.0003706314875363691,0.004478474129536711,0.00022455595483962705,-0.03894237666011191,-0.00800144737910187,-0.033703387441665233,-0.03664656168674796,-0.04638379750091676,-0.0010386096268764824,
large,det_lora_warm_start,military_tank,stage_1,large:det_lora_warm_start:military_tank:stage_1,44,experiments/suites/thesis_l40_main/extend/model_large/seed_44/det_lora_warm_start/military_tank/stage_1,0.05996101511730275,0.005172087804068165,0.033273939977269025,0.0028022844156753973,0.9415324045817496,0.12024545492746012,0.5986830480395559,0.4085956303635088,0.463091201221049,0.013627248762602887,0.029469199360908926,0.002662879460323096,0.014954954954954955,0.0013513513513513514,1.0,0.09036144578313253,0.7986442696384327,0.4853346963104446,0.5029626777798019,0.004074269452313873,0.0,-0.0007101011894194926,0.0,-0.00036036036036036037,0.0,-0.02409638554216867,-0.0979943907733174,-0.12522653854364213,-0.1740483980258436,-0.004985329704850155,0.02735881497991978,0.0013710913097272734,0.01662885284544408,0.0008646044734393543,-0.031222196411199832,-0.01023052343089774,-0.027031246748127513,-0.03526865749173641,-0.04500737579085018,-0.008816688086988796,
large,det_lora_warm_start,military_tank,stage_2,large:det_lora_warm_start:military_tank:stage_2,42,experiments/suites/thesis_l40_main/extend/model_large/seed_42/det_lora_warm_start/military_tank/stage_2,0.08043801261806909,0.0062669816304109375,0.04554719385792952,0.0034424271367261903,0.910841303198826,0.1300992416605825,0.574572090632354,0.4020663314146045,0.45685093436916363,0.0179879483250419,0.029469199360908926,0.0028404047576779693,0.014954954954954955,0.0014414414414414415,1.0,0.0963855421686747,0.619609169858394,0.3751188150214329,0.3846543514361832,0.004336114421677879,0.0,0.0,0.0,0.0,0.0,0.0,-0.16629832766281727,-0.11551739142517509,-0.13091418622433515,-6.993396254070632e-05,0.045114082417532786,0.0017838354397022894,0.02747722645350376,0.0011529275178528099,-0.0666782161395778,-0.01317209478219511,-0.03332701269987981,-0.026969342929905604,-0.03296415042403322,-0.003962943542821451,
large,det_lora_warm_start,military_tank,stage_2,large:det_lora_warm_start:military_tank:stage_2,43,experiments/suites/thesis_l40_main/extend/model_large/seed_43/det_lora_warm_start/military_tank/stage_2,0.032737559135424525,0.003746544009648323,0.016772511587540517,0.001915960430804364,0.9251492510170939,0.1209003384653858,0.5810775365200115,0.39892081223493164,0.45336598214028806,0.015843941028827798,0.029291674063554058,0.002130303568258477,0.014864864864864866,0.001081081081081081,0.9939759036144579,0.07228915662650602,0.7567944507638632,0.48121452600582215,0.5355646702401086,0.005012057893501475,0.0,-0.0003550505947097463,0.0,-0.00018018018018018007,0.0,-0.012048192771084335,-0.07710834532937294,-0.055209334083500594,-0.054218297984200525,-0.00804008375668552,-0.0005366188530212118,0.0003289138025317005,-0.0002566732240055665,0.00017186429559858042,-0.05515359709244816,0.001389884264855673,-0.03017840711992381,-0.03154543837194246,-0.03909698684608076,-0.0009815437397059298,
large,det_lora_warm_start,military_tank,stage_2,large:det_lora_warm_start:military_tank:stage_2,44,experiments/suites/thesis_l40_main/extend/model_large/seed_44/det_lora_warm_start/military_tank/stage_2,0.059514267738211495,0.005909262622596106,0.03303078310704695,0.0032470419460824784,0.9443690340946701,0.12159238964715675,0.5991470761171059,0.4093688663892921,0.46343267577889025,0.012604164682179562,0.029114148766199183,0.0035505059470974615,0.014774774774774775,0.0018018018018018018,0.9879518072289156,0.12048192771084337,0.7947721255239191,0.4900036290025727,0.5162722730498719,0.0037131475531859246,-0.0003550505947097424,0.0007101011894194921,-0.00018018018018018007,0.00036036036036036037,-0.012048192771084376,0.02409638554216867,-0.05377899066807035,-0.043609278791479744,-0.051102951768585814,-0.00105444530527826,0.026816861576878327,0.0019264967586052686,0.016363326581226283,0.0012176243448164315,-0.03454153713069941,-0.007270267903746783,-0.013606064705382948,-0.02095644778511163,-0.027984819838543507,-0.009329429892038941,
large,ewc,military_aircraft,stage_1,large:ewc:military_aircraft:stage_1,42,experiments/suites/thesis_l40_main/extend/model_large/seed_42/ewc/military_aircraft/stage_1,0.10682585262566986,0.00600935898325278,0.061684427033161966,0.0033953205943814246,0.9556895099844128,0.08858272000078239,0.535078693484102,0.359163098121605,0.4075996849972971,0.008664605196390963,0.02831367106176266,0.0019430950728660651,0.01436619718309859,0.0009859154929577464,0.9714285714285714,0.06666666666666667,0.7789403007667641,0.500125039428531,0.5471278156196537,0.0057990548075553235,,,,,,,0.4001691157319625,0.25752951650298106,0.28186321101460315,0.003752777605134828,,,,,,,0.0457489420867902,0.03314528775523723,0.04243467815625601,0.0008215089933318633,
large,ewc,military_aircraft,stage_1,large:ewc:military_aircraft:stage_1,43,experiments/suites/thesis_l40_main/extend/model_large/seed_43/ewc/military_aircraft/stage_1,0.10505654013910128,0.002323811184972236,0.06664810396123091,0.0013863628263126489,0.94385296348609,0.05514768734221372,0.4814448331694321,0.31214962778410815,0.3563747584172674,0.004726710590029704,0.029146426092990976,0.002498265093684941,0.014788732394366197,0.0012676056338028169,1.0,0.08571428571428572,0.8564961355016335,0.5538883981890405,0.6549206678659398,0.007900498477646858,,,,,,,0.36650140023008043,0.23700219953326657,0.31400297734298027,-0.00034716873347992797,,,,,,,0.011423745579574318,-0.005316233788822344,-0.01659451998031919,-0.004786502139550531,
large,ewc,military_aircraft,stage_1,large:ewc:military_aircraft:stage_1,44,experiments/suites/thesis_l40_main/extend/model_large/seed_44/ewc/military_aircraft/stage_1,0.08193582490794472,0.005426004533121739,0.04766626698594661,0.003175889214955546,0.8899937499512965,0.07205423005203494,0.4722197236225824,0.32169387677271105,0.3669610442224199,0.007495664904159947,0.028868841082581538,0.0016655100624566274,0.014647887323943662,0.0008450704225352113,0.9904761904761905,0.05714285714285714,0.8439382803838932,0.5373793485168848,0.6238819066220163,0.0021756767544711493,,,,,,,0.2626894356178209,0.16268472814455415,0.19695329459897942,-0.003408651398059133,,,,,,,0.067687472532456,0.03657570991443343,0.03875330988630188,-0.0018439960064226667,
large,ewc,military_aircraft,stage_2,large:ewc:military_aircraft:stage_2,42,experiments/suites/thesis_l40_main/extend/model_large/seed_42/ewc/military_aircraft/stage_2,0.09172221581459038,0.005258395691577735,0.05117662617037999,0.002916762032994255,0.9690838736870965,0.05541592659490167,0.5161628407272134,0.34381693487650306,0.3953460261764509,0.003695209107882112,0.028591256072172104,0.0013879250520471896,0.014507042253521127,0.0007042253521126761,0.9809523809523809,0.047619047619047616,0.7787711496271454,0.48866040759655255,0.5748060173228465,0.005201605188032224,,,,,,,-0.000169151139618684,-0.011464631831978489,0.027678201703192795,-0.0005974496195230994,,,,,,,-0.018915852756888563,-0.015346163245101963,-0.01225365882084617,-0.0049693960885088505,
large,ewc,military_aircraft,stage_2,large:ewc:military_aircraft:stage_2,43,experiments/suites/thesis_l40_main/extend/model_large/seed_43/ewc/military_aircraft/stage_2,0.09495532782734634,0.005170479672235152,0.0586696851070048,0.003177352152350438,0.9474008259970356,0.07255626677171172,0.458053316047035,0.299579700508344,0.3425584793224446,0.004087302185983456,0.029146426092990976,0.0027758501040943792,0.014788732394366197,0.0014084507042253522,1.0,0.09523809523809523,0.8237547687964681,0.5200623075345059,0.5912919484070667,0.004087715683275734,,,,,,,-0.032741366705165365,-0.03382609065453457,-0.06362871945887316,-0.0038127827943711242,,,,,,,-0.02339151712239712,-0.01256992727576417,-0.013816279094822803,-0.000639408404046248,
large,ewc,military_aircraft,stage_2,large:ewc:military_aircraft:stage_2,44,experiments/suites/thesis_l40_main/extend/model_large/seed_44/ewc/military_aircraft/stage_2,0.07615346020103113,0.006853548021372855,0.043505957774234515,0.00396011329164041,0.8983008440946492,0.08572458418226013,0.44583386332501945,0.303668164371431,0.35033981323568675,0.00912318991212418,0.029146426092990976,0.002498265093684941,0.014788732394366197,0.0012676056338028169,1.0,0.08571428571428572,0.8516792226131688,0.5416574685417139,0.6078240874280779,0.01289477295277502,,,,,,,0.007740942229275571,0.00427812002482908,-0.01605781919393834,0.01071909619830387,,,,,,,-0.026385860297562957,-0.018025712401280036,-0.016621230986733126,0.001627525007964233,
large,ewc,military_helicopter,stage_1,large:ewc:military_helicopter:stage_1,42,experiments/suites/thesis_l40_main/extend/model_large/seed_42/ewc/military_helicopter/stage_1,0.10301313476112674,0.0070001415552757885,0.057628013775982645,0.003918073608302616,0.9278304273983187,0.0682180734650154,0.48863574910314705,0.3275129067207338,0.370992270577865,0.008868788987306158,0.02463991303560105,0.0010870549868647525,0.012477064220183486,0.0005504587155963303,0.9784172661870504,0.04316546762589928,0.8412630256920111,0.4772790560943555,0.49736579545374876,0.0033281589761184486,,,,,,,0.07834796137074262,0.05138647667587404,0.04310112359643953,-0.0010756394111606738,,,,,,,-0.0006940022941647195,0.00149509635436601,0.005827263736823907,0.0010256927842470578,
large,ewc,military_helicopter,stage_1,large:ewc:military_helicopter:stage_1,43,experiments/suites/thesis_l40_main/extend/model_large/seed_43/ewc/military_helicopter/stage_1,0.13468124892447597,0.010513069690566966,0.08757719514593142,0.006778855042686594,0.8320916803643978,0.07632605774909379,0.44173703606280473,0.30218074555739366,0.3447974950204977,0.009150505486734743,0.02463991303560105,0.0012682308180088776,0.012477064220183486,0.0006422018348623853,0.9784172661870504,0.050359712230215826,0.8565717638725511,0.49308149317713446,0.5312171414572829,0.0016251526615299334,,,,,,,0.07617850350389155,0.04577698234836264,0.008302688570251848,0.001254127068986671,,,,,,,-0.028284051527053045,-0.015285116015536837,-0.028171783377088866,-0.0003627072428454923,
large,ewc,military_helicopter,stage_1,large:ewc:military_helicopter:stage_1,44,experiments/suites/thesis_l40_main/extend/model_large/seed_44/ewc/military_helicopter/stage_1,0.10181345881921039,0.0061852637381905945,0.06537933539515549,0.0037632770174713392,0.8193499259263959,0.08613895584748255,0.42138589960716866,0.2983644112074533,0.3434278883857292,0.00960412678158653,0.024821088866745177,0.001449406649153003,0.012568807339449541,0.0007339449541284404,0.9856115107913669,0.05755395683453238,0.8803925186642634,0.540240582147141,0.6108755245401131,0.0019100748081142733,,,,,,,0.1507350178154988,0.08916874189377583,0.1250412661719258,-0.004654320713862722,,,,,,,0.01685364851704224,0.013246244349175651,0.01522015404961119,0.000264465871003915,
large,ewc,military_helicopter,stage_2,large:ewc:military_helicopter:stage_2,42,experiments/suites/thesis_l40_main/extend/model_large/seed_42/ewc/military_helicopter/stage_2,0.09823971651415057,0.0066142749103581455,0.05465015784685425,0.0036927253336878877,0.9265997927076303,0.0570353292042553,0.465165933079839,0.29887700849763993,0.33762572923012213,0.0028995270735745295,0.024458737204456925,0.000905879155720627,0.012385321100917432,0.00045871559633027525,0.9712230215827338,0.03597122302158273,0.8533313912739133,0.4596324556228912,0.48095999777526277,0.00033439995297451807,,,,,,,0.012068365581902274,-0.017646600471464324,-0.01640579767848599,-0.0029937590231439307,,,,,,,-0.023469816023308054,-0.02863589822309387,-0.03336654134774286,-0.0059692619137316286,
large,ewc,military_helicopter,stage_2,large:ewc:military_helicopter:stage_2,43,experiments/suites/thesis_l40_main/extend/model_large/seed_43/ewc/military_helicopter/stage_2,0.11248929143722268,0.0078010045263118485,0.07035888883193384,0.004858685724803461,0.8334200074694538,0.07461424560440676,0.4059188050239819,0.26560082863949536,0.2897547315528121,0.007148288204520732,0.024458737204456925,0.0016305824802971285,0.012385321100917432,0.0008256880733944954,0.9712230215827338,0.06474820143884892,0.8408786506016578,0.46611012101991306,0.44069666941249924,0.006067356655243049,,,,,,,-0.01569311327089329,-0.026971372157221396,-0.0905204720447837,0.004442203993713116,,,,,,,-0.03581823103882281,-0.0365799169178983,-0.05504276346768561,-0.0020022172822140106,
large,ewc,military_helicopter,stage_2,large:ewc:military_helicopter:stage_2,44,experiments/suites/thesis_l40_main/extend/model_large/seed_44/ewc/military_helicopter/stage_2,0.08789833343525522,0.004205737800873028,0.05615774876296639,0.002497770685968463,0.8261341200123237,0.05897125534615977,0.4106317739088648,0.2821603083237082,0.3226485320048946,0.008716099919026986,0.024821088866745177,0.0007247033245765015,0.012568807339449541,0.0003669724770642202,0.9856115107913669,0.02877697841726619,0.8406921275582383,0.4900319360103761,0.5158342429976276,0.000774324814680421,,,,,,,-0.03970039110602508,-0.0502086461367649,-0.09504128154248548,-0.0011357499934338522,,,,,,,-0.010754125698303862,-0.016204102883745075,-0.020779356380834613,-0.000888026862559543,
large,ewc,military_tank,stage_1,large:ewc:military_tank:stage_1,42,experiments/suites/thesis_l40_main/extend/model_large/seed_42/ewc/military_tank/stage_1,0.08049764882161725,0.00480834134664575,0.04401146401705877,0.0026002089920199637,0.9254139559207931,0.07383030161592259,0.4681520696221491,0.31033736378817817,0.342227445494637,0.009422799481994216,0.029469199360908926,0.002662879460323096,0.014954954954954955,0.0013513513513513514,1.0,0.09036144578313253,0.9203197938792105,0.6256959940389781,0.6829594258096311,0.013526577532366387,,,,,,,0.14360217480792548,0.1209711603025998,0.15220775258511832,-0.0007488675025742568,,,,,,,-0.02117768177516266,-0.015680446578189622,-0.022937561346404067,0.0015797032789351163,
large,ewc,military_tank,stage_1,large:ewc:military_tank:stage_1,43,experiments/suites/thesis_l40_main/extend/model_large/seed_43/ewc/military_tank/stage_1,0.07258339532979492,0.004186657115783422,0.03909965483788468,0.002300707967785883,0.9209436666030103,0.05624894150130363,0.45959477211903105,0.3022032779383635,0.36393749391525776,0.0035248449265458154,0.029469199360908926,0.0017752529735487307,0.014954954954954955,0.0009009009009009009,1.0,0.060240963855421686,0.9531869708838315,0.6344406613102256,0.7564536157995323,0.0020083253892112358,,,,,,,0.11840909187709858,0.09003872701122817,0.1306609728580429,0.0015250708629250182,,,,,,,-0.01042631547082673,-0.015262583634567006,-0.00903178448232883,-0.00598836780303442,
large,ewc,military_tank,stage_1,large:ewc:military_tank:stage_1,44,experiments/suites/thesis_l40_main/extend/model_large/seed_44/ewc/military_tank/stage_1,0.061594133939806756,0.0031770055269965147,0.03231364387762493,0.001662728171846059,0.9607515088762261,0.0698332155283657,0.46089449196648696,0.3141658177442698,0.3622096686572293,0.0034525318357998915,0.029469199360908926,0.0023078288656133497,0.014954954954954955,0.0011711711711711711,1.0,0.0783132530120482,0.873394847846843,0.5533844507762056,0.6318638217274258,0.002193952906709122,,,,,,,0.26031349282624416,0.16414958337738217,0.22997144063273728,-0.0049310607267999945,,,,,,,0.05636224087636055,0.029047650885992204,0.034001934321111316,-0.005887129074782723,
large,ewc,military_tank,stage_2,large:ewc:military_tank:stage_2,42,experiments/suites/thesis_l40_main/extend/model_large/seed_42/ewc/military_tank/stage_2,0.07407269880262154,0.004104174487248146,0.04095858401041588,0.0022666747955130606,0.9087472332491778,0.07139633294229135,0.44696478445870924,0.2962394564257662,0.33274001372087186,0.00776756403398917,0.029291674063554058,0.002485354162968223,0.014864864864864866,0.0012612612612612612,0.9939759036144579,0.08433734939759036,0.8987195905836749,0.6152281506069112,0.7092490629425448,0.013680462345487504,,,,,,,-0.02160020329553558,-0.01046784343206697,0.026289637132913657,0.00015388481312111728,,,,,,,-0.021187285163439873,-0.014097907362411954,-0.009487431773765154,-0.001655235448005046,
large,ewc,military_tank,stage_2,large:ewc:military_tank:stage_2,43,experiments/suites/thesis_l40_main/extend/model_large/seed_43/ewc/military_tank/stage_2,0.06465880120485203,0.0033487058756162488,0.034300515622415276,0.0017719004069186872,0.9313252465700187,0.045568701499841886,0.4513653667445985,0.29793902952678847,0.35107718325144704,0.0030501230046163824,0.029469199360908926,0.002130303568258477,0.014954954954954955,0.001081081081081081,1.0,0.07228915662650602,0.9445159390991416,0.630863901736231,0.774789874579379,0.00377083769293966,,,,,,,-0.008671031784689975,-0.0035767595739946145,0.01833625877984668,0.0017625123037284243,,,,,,,-0.008229405374432563,-0.004264248411575022,-0.012860310663810715,-0.00047472192192943297,
large,ewc,military_tank,stage_2,large:ewc:military_tank:stage_2,44,experiments/suites/thesis_l40_main/extend/model_large/seed_44/ewc/military_tank/stage_2,0.05819789812927175,0.003891404550095593,0.030478351406065765,0.0020375613217521226,0.960592371311956,0.0843437024790723,0.46499860243043606,0.31397655771514493,0.36735677547163076,0.005458455161187817,0.029469199360908926,0.0014202023788389847,0.014954954954954955,0.0007207207207207207,1.0,0.04819277108433735,0.9074843689296205,0.5870103014564465,0.673428253912844,0.0023991476817584673,,,,,,,0.03408952108277752,0.03362585068024093,0.041564432185418165,0.00020519477504934514,,,,,,,0.0041041104639490955,-0.0001892600291248936,0.005147106814401448,0.002005923325387925,
large,finetuning,military_aircraft,stage_1,large:finetuning:military_aircraft:stage_1,42,experiments/suites/thesis_l40_main/extend/model_large/seed_42/finetuning/military_aircraft/stage_1,0.17481311640569575,0.006077189462507077,0.11656562396198379,0.0037232751097407667,0.8171622220740633,0.04568805347290078,0.3763978715548127,0.24436496575857472,0.2784358683042606,0.010125913933757223,0.029146426092990976,0.0002775850104094379,0.014788732394366197,0.00014084507042253522,1.0,0.009523809523809525,0.7991019314030882,0.4775069315219162,0.5395012923368803,0.0009000900090009002,,,,,,,0.5515600886666543,0.35647508792462346,0.438527238491248,-9.423027146031587e-05,,,,,,,0.02784109481323621,0.011308001117519756,0.027556422157888782,-0.028915098258093165,
large,finetuning,military_aircraft,stage_1,large:finetuning:military_aircraft:stage_1,43,experiments/suites/thesis_l40_main/extend/model_large/seed_43/finetuning/military_aircraft/stage_1,0.07250539320683809,0.003725815104023016,0.044431966057181756,0.002264550473652351,0.7260162035639292,0.07153646506277238,0.3662518351249169,0.24492917230370104,0.27985528146736915,0.006484287926549829,0.028868841082581538,0.0019430950728660651,0.014647887323943662,0.0009859154929577464,0.9904761904761905,0.06666666666666667,0.8101912730281579,0.5154212772616833,0.6131452945083903,0.0062053103347226345,,,,,,,0.2724536652823023,0.18570393429733395,0.2320364027140891,0.0028884401516526405,,,,,,,0.0380010879494293,0.01913315584119077,0.021159034414500955,0.0029851212019217288,
large,finetuning,military_aircraft,stage_1,large:finetuning:military_aircraft:stage_1,44,experiments/suites/thesis_l40_main/extend/model_large/seed_44/finetuning/military_aircraft/stage_1,0.09336808161546768,0.0044953858301483565,0.12580503026857193,0.002719704325988868,0.7466222693537805,0.05672980674644354,0.40912386396105743,0.2839418596170286,0.34296201677105986,0.004152068766412332,0.028868841082581538,0.0013879250520471896,0.014647887323943662,0.0007042253521126761,0.9904761904761905,0.047619047619047616,0.8192349743215586,0.5124508333253421,0.6179909311427764,0.002858017287346594,,,,,,,-0.0024409626807027074,0.01763042617117072,0.06767738491940001,0.0016915178535204275,,,,,,,0.06328344863075025,0.0448309769750673,0.05901603923224236,-8.833264032212605e-05,
large,finetuning,military_aircraft,stage_2,large:finetuning:military_aircraft:stage_2,42,experiments/suites/thesis_l40_main/extend/model_large/seed_42/finetuning/military_aircraft/stage_2,0.13249621264853373,0.005341187224142527,0.08123295714084038,0.0032249493916258615,0.8942399887671145,0.04332464315058912,0.43216001620751004,0.2862927580125083,0.3272578999597483,0.004015094374121792,0.029146426092990976,0.0002775850104094379,0.014788732394366197,0.00014084507042253522,1.0,0.009523809523809525,0.7890589276629332,0.4939035635820693,0.5792314808526592,3.85102687631657e-06,,,,,,,-0.010043003740154988,0.016396632060153127,0.03973018851577892,-0.0008962389821245836,,,,,,,0.055762144652697354,0.04192779225393359,0.04882203165548771,-0.006110819559635431,
large,finetuning,military_aircraft,stage_2,large:finetuning:military_aircraft:stage_2,43,experiments/suites/thesis_l40_main/extend/model_large/seed_43/finetuning/military_aircraft/stage_2,0.06902129347788231,0.005618601049569401,0.04515280196875452,0.0034311220165649903,0.7368248594529717,0.06897418927399254,0.3822261076819938,0.2580983944643543,0.3013717522382861,0.005092712870575117,0.02831367106176266,0.0016655100624566274,0.01436619718309859,0.0008450704225352113,0.9714285714285714,0.05714285714285714,0.7986299875599845,0.5147234151187152,0.6125374361991809,0.002440399067582627,,,,,,,-0.011561285468173366,-0.0006978621429680754,-0.000607858309209397,-0.0037649112671400073,,,,,,,0.015974272557076896,0.013169222160653249,0.02151647077091695,-0.0013915750559747118,
large,finetuning,military_aircraft,stage_2,large:finetuning:military_aircraft:stage_2,44,experiments/suites/thesis_l40_main/extend/model_large/seed_44/finetuning/military_aircraft/stage_2,0.08163091983886225,0.005044365075488887,0.07901898195090659,0.0060357029955632755,0.7634508404227057,0.05455981235513671,0.4066110315560425,0.2785833354998652,0.3382112149009014,0.0033475903110309056,0.029146426092990976,0.0013879250520471896,0.014788732394366197,0.0007042253521126761,1.0,0.047619047619047616,0.8083722511177664,0.5220375067970318,0.5932427887961381,0.003394625176803394,,,,,,,-0.010862723203792113,0.009586673471689622,-0.024748142346638247,0.0005366078894568,,,,,,,-0.002512832405014931,-0.005358524117163421,-0.004750801870158472,-0.0008044784553814265,
large,finetuning,military_helicopter,stage_1,large:finetuning:military_helicopter:stage_1,42,experiments/suites/thesis_l40_main/extend/model_large/seed_42/finetuning/military_helicopter/stage_1,0.12721737835133476,0.007167271099079058,0.09567654628794037,0.005561391074066445,0.728633516712704,0.02262192411276272,0.38777828371439726,0.25267820112488626,0.27916242521517515,0.0008202735662081968,0.024821088866745177,0.0007247033245765015,0.012568807339449541,0.0003669724770642202,0.9856115107913669,0.02877697841726619,0.8122877901827319,0.4384301007615198,0.421872587245998,0.0007351236795920395,,,,,,,-0.0394189754674833,0.015138022449976307,0.04784854226979596,-0.00021284345754720628,,,,,,,0.039221506972820785,0.019621236483831295,0.028282979068803338,-0.038220738625642195,
large,finetuning,military_helicopter,stage_1,large:finetuning:military_helicopter:stage_1,43,experiments/suites/thesis_l40_main/extend/model_large/seed_43/finetuning/military_helicopter/stage_1,0.039833100922571064,0.0004290881930435831,0.057733954374374154,0.00021604440510472614,0.5164575263932671,0.03561512253975759,0.32868245284085373,0.21940441432522853,0.246945563597496,0.001796460679818749,0.0250022646978893,0.0012682308180088776,0.012660550458715596,0.0006422018348623853,0.9928057553956835,0.050359712230215826,0.8869052030271408,0.504068933240563,0.47809297545737084,0.00359553515488875,,,,,,,0.04058014314731773,-0.02469206655655376,-0.09673879093501714,0.0019549399495086715,,,,,,,0.0004317056653661555,-0.006391602137281738,-0.011750683455372196,-0.0017027060448093513,
large,finetuning,military_helicopter,stage_1,large:finetuning:military_helicopter:stage_1,44,experiments/suites/thesis_l40_main/extend/model_large/seed_44/finetuning/military_helicopter/stage_1,0.11511585751731224,0.01250160817687883,0.31344307967388313,0.019312577341850712,0.5884755662302857,0.045420019053890794,0.36623785886244664,0.26184872926021935,0.30606023002861077,0.005391664029368558,0.0250022646978893,0.0012682308180088776,0.012660550458715596,0.0006422018348623853,0.9928057553956835,0.050359712230215826,0.9197583236853942,0.5861147483097336,0.6686021868721559,0.005057860870092215,,,,,,,0.06648634018238941,0.05694516989094056,0.04756905853962912,0.0042977110498222774,,,,,,,0.02039744353213946,0.022737846618258034,0.022114252489793262,0.0011512626226340998,
large,finetuning,military_helicopter,stage_2,large:finetuning:military_helicopter:stage_2,42,experiments/suites/thesis_l40_main/extend/model_large/seed_42/finetuning/military_helicopter/stage_2,0.12473260168726043,0.007778800727189121,0.11045933121112467,0.0073081311786454125,0.7001448929375526,0.03439231491644525,0.3615270483662383,0.23823042697092425,0.26393033409677474,0.006680799975774424,0.024821088866745177,0.000905879155720627,0.012568807339449541,0.00045871559633027525,0.9856115107913669,0.03597122302158273,0.8181945201263182,0.44080456305047144,0.43575205753755025,0.0009484740966219986,,,,,,,0.00590672994358632,0.002374462288951662,0.013879470291552232,0.00021335041702995913,,,,,,,-0.026251235348158986,-0.014447774153962006,-0.015232091118400404,0.005860526409566228,
large,finetuning,military_helicopter,stage_2,large:finetuning:military_helicopter:stage_2,43,experiments/suites/thesis_l40_main/extend/model_large/seed_43/finetuning/military_helicopter/stage_2,0.053695951932388304,0.006211019607480238,0.08513796686090991,0.008682832014185434,0.5266286568395274,0.03009871259658556,0.33428475163091537,0.2166901549153372,0.23444997807020376,0.00319470790406081,0.0250022646978893,0.0012682308180088776,0.012660550458715596,0.0006422018348623853,0.9928057553956835,0.050359712230215826,0.8875461367815817,0.4873219177171732,0.4284319451500764,0.004385636828917813,,,,,,,0.0006409337544408533,-0.016747015523389808,-0.04966103030729446,0.0007901016740290631,,,,,,,0.005602298790061633,-0.0027142594098913397,-0.012495585527292241,0.001398247224242061,
large,finetuning,military_helicopter,stage_2,large:finetuning:military_helicopter:stage_2,44,experiments/suites/thesis_l40_main/extend/model_large/seed_44/finetuning/military_helicopter/stage_2,0.1000005878458972,0.009679597199858694,0.33222772171267606,0.021422766923791067,0.5488396132094615,0.022427291929711556,0.3260676120430922,0.2186264898872029,0.2462884621335407,0.004361331450612549,0.024821088866745177,0.0010870549868647525,0.012568807339449541,0.0005504587155963303,0.9856115107913669,0.04316546762589928,0.8318308546248345,0.47578738503513174,0.46446520582733175,0.005050523616140788,,,,,,,-0.0879274690605597,-0.11032736327460191,-0.20413698104482414,-7.337253951427217e-06,,,,,,,-0.04017024681935444,-0.04322223937301645,-0.05977176789507008,-0.0010303325787560085,
large,finetuning,military_tank,stage_1,large:finetuning:military_tank:stage_1,42,experiments/suites/thesis_l40_main/extend/model_large/seed_42/finetuning/military_tank/stage_1,0.09796904101020605,0.004180386878326874,0.056236397533329006,0.002433832050032811,0.9177864720090726,0.03405490572860866,0.45024206027972236,0.29045054132099796,0.3351625604702418,0.006266218778558496,0.029469199360908926,0.002130303568258477,0.014954954954954955,0.001081081081081081,1.0,0.07228915662650602,0.8599208735155153,0.5675759637809753,0.6511365566706605,0.014071639138441247,,,,,,,0.20318267906562948,0.16570562478474926,0.23058687655567445,0.012281548220044958,,,,,,,0.10168528353814588,0.05739357667994299,0.08428311432386998,-0.0327747934132919,
large,finetuning,military_tank,stage_1,large:finetuning:military_tank:stage_1,43,experiments/suites/thesis_l40_main/extend/model_large/seed_43/finetuning/military_tank/stage_1,0.12666841761457098,0.004806840096182167,0.0930889043405529,0.0031671749953897303,0.777122683999207,0.04561951679852633,0.4152768555910142,0.27134533693298407,0.31982561249123126,0.003738192151600842,0.029469199360908926,0.0008876264867743654,0.014954954954954955,0.00045045045045045046,1.0,0.030120481927710843,0.8700027584666591,0.5652691404296257,0.6576098871213557,0.0015079234626002047,,,,,,,0.3224822799830569,0.22697817646811363,0.31434477090716884,0.0005126706082001912,,,,,,,0.0870261084155266,0.0455493204704738,0.06112936543836306,0.0002390254269727418,
large,finetuning,military_tank,stage_1,large:finetuning:military_tank:stage_1,44,experiments/suites/thesis_l40_main/extend/model_large/seed_44/finetuning/military_tank/stage_1,0.12356485923368198,0.0079614684141654,0.0746143983593512,0.004845373989458566,0.9138866591511162,0.07653243807407949,0.4645358284745949,0.3186542325384483,0.3647646082643398,0.011004893631128885,0.029469199360908926,0.0008876264867743654,0.014954954954954955,0.00045045045045045046,1.0,0.030120481927710843,0.7882255335675641,0.5047633829624851,0.5570099848216895,0.0015855183145909411,,,,,,,-0.03239886872314379,-0.0281592785485153,-0.028786394154180828,-0.00500541887116249,,,,,,,0.11869541314428772,0.07954334989648701,0.08081863072552231,0.006764492224394427,
large,finetuning,military_tank,stage_2,large:finetuning:military_tank:stage_2,42,experiments/suites/thesis_l40_main/extend/model_large/seed_42/finetuning/military_tank/stage_2,0.1142169675607466,0.009436177646868492,0.07081475245031207,0.0061884037544210875,0.8595228625444654,0.043108044011889224,0.44504882940973123,0.2917477022318807,0.3327298222847325,0.00664893447054439,0.028936623468844312,0.0007101011894194923,0.014684684684684684,0.00036036036036036037,0.9819277108433735,0.024096385542168676,0.7990005229585669,0.5209770219614446,0.6033555211193018,0.003562607916420781,,,,,,,-0.06092035055694833,-0.046598941819530726,-0.04778103555135871,-0.010509031222020467,,,,,,,-0.005193230869991128,0.001297160910882722,-0.0024327381855092645,0.0003827156919858944,
large,finetuning,military_tank,stage_2,large:finetuning:military_tank:stage_2,43,experiments/suites/thesis_l40_main/extend/model_large/seed_43/finetuning/military_tank/stage_2,0.11673054603086726,0.007575245089078988,0.09300162372865206,0.006679264148353948,0.7617563950058628,0.034838742039727165,0.3999617498072379,0.2632060632364201,0.29862357933764344,0.004966219929226418,0.029469199360908926,0.0007101011894194923,0.014954954954954955,0.00036036036036036037,1.0,0.024096385542168676,0.853224088482528,0.5389082831499926,0.6063328153002481,0.00048503879005665885,,,,,,,-0.016778669984131134,-0.02636085727963311,-0.051277071821107634,-0.0010228846725435458,,,,,,,-0.015315105783776262,-0.008139273696563976,-0.021202033153587818,0.001228027777625576,
large,finetuning,military_tank,stage_2,large:finetuning:military_tank:stage_2,44,experiments/suites/thesis_l40_main/extend/model_large/seed_44/finetuning/military_tank/stage_2,0.1303636911561239,0.011629108264956943,0.08250787026165206,0.007710794961876772,0.8914327261640406,0.062839285395787,0.4649527414829832,0.314074322169753,0.3593897936619396,0.016791089250009883,0.029469199360908926,0.0010651517841292384,0.014954954954954955,0.0005405405405405405,1.0,0.03614457831325301,0.8621886444719413,0.5604287280891903,0.6254079894337535,0.003097368560385451,,,,,,,0.07396311090437724,0.05566534512670518,0.06839800461206402,0.0015118502457945097,,,,,,,0.0004169130083883088,-0.004579910368695317,-0.005374814602400191,0.005786195618880998,
large,replay,military_aircraft,stage_1,large:replay:military_aircraft:stage_1,42,experiments/suites/thesis_l40_main/extend/model_large/seed_42/replay/military_aircraft/stage_1,0.09777098042184312,0.010784435763930874,0.054038071550438334,0.005925844174142655,0.9792219329478602,0.13442414382477086,0.77332138674507,0.5498087917958818,0.6118646663093503,0.041175190515003894,0.028868841082581538,0.0036086051353226923,0.014647887323943662,0.0018309859154929577,0.9904761904761905,0.12380952380952381,0.8386318553898348,0.5831573939144497,0.6635719753124433,0.06424929806413478,,,,,,,0.03253286907598507,0.018165961645904782,0.012132524310307535,0.027454604101984942,,,,,,,0.004543709607434554,0.003816917511201723,-0.02252309141681519,0.02110540108347486,
large,replay,military_aircraft,stage_1,large:replay:military_aircraft:stage_1,43,experiments/suites/thesis_l40_main/extend/model_large/seed_43/replay/military_aircraft/stage_1,0.1096629059131033,0.014074035542361625,0.060741143709677724,0.007743804506409862,0.9622458435154441,0.13659389502189828,0.7296001808898008,0.5267220002287673,0.6103046059301445,0.02916755461160851,0.028868841082581538,0.005274115197779319,0.014647887323943662,0.002676056338028169,0.9904761904761905,0.18095238095238095,0.8579221497413176,0.5991874411772711,0.7098096127994754,0.0592400008062805,,,,,,,0.051941411896833434,0.04198891075020317,0.05110750321095803,0.05095215237410416,,,,,,,0.03327285472466279,0.03264960029623026,0.022912302244462057,0.012802752402584213,
large,replay,military_aircraft,stage_1,large:replay:military_aircraft:stage_1,44,experiments/suites/thesis_l40_main/extend/model_large/seed_44/replay/military_aircraft/stage_1,0.10358724862766755,0.008877115692155926,0.05797391303194801,0.004908371142350298,0.9658404329431951,0.12963949838706446,0.7368940500675584,0.5238549863000532,0.6022941098205079,0.03703370994855246,0.02831367106176266,0.0019430950728660651,0.01436619718309859,0.0009859154929577464,0.9714285714285714,0.06666666666666667,0.7461483521115251,0.47325764105990775,0.5716788696222578,0.01628563456566493,,,,,,,0.10402117892307905,0.04050501110436955,0.061487171059395274,0.009827227229242081,,,,,,,0.015693017795507247,0.013431666449579382,0.009140847869407276,0.008889210558523947,
large,replay,military_aircraft,stage_2,large:replay:military_aircraft:stage_2,42,experiments/suites/thesis_l40_main/extend/model_large/seed_42/replay/military_aircraft/stage_2,0.08270776718019397,0.006892543155861791,0.04465375975438566,0.003692822735414375,0.9781707861327845,0.10928638127077661,0.7786054855915175,0.5406611020466823,0.6192550689681157,0.02486943981683247,0.028868841082581538,0.0033310201249132547,0.014647887323943662,0.0016901408450704226,0.9904761904761905,0.11428571428571428,0.8531602851271165,0.6005900156262506,0.6930469975379366,0.03932493249324933,,,,,,,0.014528429737281745,0.017432621711800933,0.029475022225493364,-0.024924365570885447,,,,,,,0.005284098846447538,-0.00914768974919955,0.007390402658765338,-0.016305750698171424,
large,replay,military_aircraft,stage_2,large:replay:military_aircraft:stage_2,43,experiments/suites/thesis_l40_main/extend/model_large/seed_43/replay/military_aircraft/stage_2,0.07146746143807486,0.009083512293160642,0.03835302648384111,0.004860790417309836,0.9666501685923876,0.12165462731578747,0.7333660731491531,0.5297710369481736,0.6235937947896494,0.02494773909527967,0.028868841082581538,0.005274115197779319,0.014647887323943662,0.002676056338028169,0.9904761904761905,0.18095238095238095,0.8660488279274359,0.6040307544232966,0.7305477681143822,0.06437995092019543,,,,,,,0.00812667818611823,0.0048433132460254935,0.020738155314906748,0.005139950113914923,,,,,,,0.0037658922593523103,0.0030490367194063728,0.013289188859504919,-0.004219815516328839,
large,replay,military_aircraft,stage_2,large:replay:military_aircraft:stage_2,44,experiments/suites/thesis_l40_main/extend/model_large/seed_44/replay/military_aircraft/stage_2,0.06400572035955729,0.005592680186824528,0.034069629362108736,0.002934225966191894,0.9636210667507782,0.12070728216281777,0.734728384133393,0.5222401194089864,0.5920227470811407,0.030773990420987583,0.028591256072172104,0.002498265093684941,0.014507042253521127,0.0012676056338028169,0.9809523809523809,0.08571428571428572,0.7666695935640384,0.4931272781069767,0.5830808254851746,0.017896164873151658,,,,,,,0.020521241452513328,0.019869637047068955,0.011401955862916813,0.0016105303074867294,,,,,,,-0.0021656659341653395,-0.001614866891066824,-0.01027136273936724,-0.006259719527564874,
large,replay,military_helicopter,stage_1,large:replay:military_helicopter:stage_1,42,experiments/suites/thesis_l40_main/extend/model_large/seed_42/replay/military_helicopter/stage_1,0.09545057247249276,0.00990467287059888,0.05232255162432025,0.005332764509604325,0.9766280824218944,0.1424525523422769,0.77038723979829,0.5436807720424031,0.6101401628044993,0.05610433818050135,0.0250022646978893,0.002898813298306006,0.012660550458715596,0.0014678899082568807,0.9928057553956835,0.11510791366906475,0.9293713152066037,0.6223946821039124,0.7056328460475849,0.0298153054647476,,,,,,,0.009694365114916725,-0.013370491311910149,-0.05622399191786853,0.015248401995760628,,,,,,,0.0016095626606545954,-0.002311102242277041,-0.02424759492166617,0.036034548748972314,
large,replay,military_helicopter,stage_1,large:replay:military_helicopter:stage_1,43,experiments/suites/thesis_l40_main/extend/model_large/seed_43/replay/military_helicopter/stage_1,0.1162074827476779,0.01578017263789338,0.06500613867938906,0.008791038566931272,0.9526891604363247,0.13628975633380952,0.7294810458493726,0.5311471937051087,0.6173292369312208,0.03391450074149182,0.024277561373312797,0.004167044116314884,0.012293577981651376,0.002110091743119266,0.9640287769784173,0.16546762589928057,0.9241116389471623,0.6774023701440025,0.8100424893935437,0.04377310729788906,,,,,,,0.010430108786042891,0.04271760899394528,0.03374909643050261,0.03701529394578848,,,,,,,0.03315371968423453,0.03707479377257167,0.029936933245538366,0.017549698532467524,
large,replay,military_helicopter,stage_1,large:replay:military_helicopter:stage_1,44,experiments/suites/thesis_l40_main/extend/model_large/seed_44/replay/military_helicopter/stage_1,0.10619190274942929,0.010383959798698947,0.060052406162251354,0.005806905346261777,0.959721253892822,0.12759406317134786,0.726502091543522,0.5206046518918449,0.5924775913489345,0.03510808264867787,0.0250022646978893,0.0025364616360177552,0.012660550458715596,0.0012844036697247706,0.9928057553956835,0.10071942446043165,0.9150746419801966,0.6043682529798442,0.6330572483526561,0.03960545511941703,,,,,,,0.03540951241072654,0.023196908677674544,-0.05834951496744034,0.032632078646371174,,,,,,,0.005301059271470843,0.01018133204137106,-0.0006756706021661119,0.006963583258649358,
large,replay,military_helicopter,stage_2,large:replay:military_helicopter:stage_2,42,experiments/suites/thesis_l40_main/extend/model_large/seed_42/replay/military_helicopter/stage_2,0.07913772296660149,0.008255527643704713,0.04270660725357996,0.00439103709127117,0.9771652619923655,0.13314672758247595,0.7669375122511721,0.5398651240200595,0.6127559439039864,0.05333239613045623,0.0250022646978893,0.003079989129450131,0.012660550458715596,0.0015596330275229357,0.9928057553956835,0.1223021582733813,0.926925749075008,0.62602252169064,0.7160580839991788,0.02641090777098697,,,,,,,-0.0024455661315956334,0.0036278395867276325,0.010425237951593891,-0.003404397693760629,,,,,,,-0.00344972754711792,-0.0038156480223435763,0.0026157810994870134,-0.0027719420500451133,
large,replay,military_helicopter,stage_2,large:replay:military_helicopter:stage_2,43,experiments/suites/thesis_l40_main/extend/model_large/seed_43/replay/military_helicopter/stage_2,0.09373546713710841,0.009410869808869744,0.05100801041443495,0.005104646021787088,0.9654835975462985,0.09883465617118604,0.7294584785726986,0.5254706744992305,0.6149267734502717,0.017483188211148148,0.024277561373312797,0.003442340791738382,0.012293577981651376,0.0017431192660550458,0.9640287769784173,0.1366906474820144,0.9080512324407377,0.6418267171326562,0.7759660731974377,0.028570748447891575,,,,,,,-0.016060406506424596,-0.03557565301134635,-0.03407641619610602,-0.015202358849997485,,,,,,,-2.2567276673934877e-05,-0.005676519205878194,-0.0024024634809490797,-0.016431312530343672,
large,replay,military_helicopter,stage_2,large:replay:military_helicopter:stage_2,44,experiments/suites/thesis_l40_main/extend/model_large/seed_44/replay/military_helicopter/stage_2,0.09164169243841071,0.008555455533155622,0.05042779060808606,0.004648887122657111,0.9631708226967216,0.11507720832978167,0.7189443811287912,0.5126990313994527,0.5847119200087175,0.02988269530346571,0.0250022646978893,0.00235528580487363,0.012660550458715596,0.0011926605504587156,0.9928057553956835,0.09352517985611511,0.8809347183726157,0.575102469304861,0.6055842378381153,0.03237301360749893,,,,,,,-0.03413992360758089,-0.029265783674983226,-0.027473010514540763,-0.007232441511918097,,,,,,,-0.007557710414730745,-0.007905620492392185,-0.007765671340216995,-0.0052253873452121555,
large,replay,military_tank,stage_1,large:replay:military_tank:stage_1,42,experiments/suites/thesis_l40_main/extend/model_large/seed_42/replay/military_tank/stage_1,0.09420710208187348,0.010234448418552458,0.051334881958339046,0.005557904362259769,0.9787848930458738,0.1313328638591292,0.7751116435745168,0.550601460191425,0.6236185630773071,0.04988308064962543,0.029469199360908926,0.0008876264867743654,0.014954954954954955,0.00045045045045045046,1.0,0.030120481927710843,0.8711255129661365,0.5560935984262951,0.5772612877915438,0.004585209034719411,,,,,,,0.02933334452761016,0.006102308672904733,-0.040329083698660395,0.0009433177183083125,,,,,,,0.006333966436881333,0.004609585906744873,-0.010769194648858393,0.029813291218096397,
large,replay,military_tank,stage_1,large:replay:military_tank:stage_1,43,experiments/suites/thesis_l40_main/extend/model_large/seed_43/replay/military_tank/stage_1,0.13863832054370062,0.01958948868598958,0.07844015213120482,0.011104642291371628,0.9584049369281186,0.12516935958207534,0.7342304701424207,0.5290534633717335,0.6125468574207951,0.0344869825317329,0.029469199360908926,0.0028404047576779693,0.014954954954954955,0.0014414414414414415,1.0,0.0963855421686747,0.8642033050912739,0.5890168693029925,0.6594821108955451,0.01608358289435302,,,,,,,0.11387087513538352,0.06265281024659852,0.043411405451716956,0.008103469617810562,,,,,,,0.03790314397728267,0.03498106343919655,0.02515455373511266,0.018122180322708605,
large,replay,military_tank,stage_1,large:replay:military_tank:stage_1,44,experiments/suites/thesis_l40_main/extend/model_large/seed_44/replay/military_tank/stage_1,0.08316040261290789,0.009883693593803224,0.045243038684102864,0.005408807555364579,0.97262516494184,0.14279014992970232,0.7140246943749453,0.5139583384152308,0.5998260272904696,0.04120975783567566,0.029469199360908926,0.0019527782709036037,0.014954954954954955,0.000990990990990991,1.0,0.06626506024096386,0.8461886292827782,0.5494943108264551,0.5852219054735887,0.010841965058743293,,,,,,,0.01449609065258295,0.018862413216436225,0.012246723432455253,0.00197265219155604,,,,,,,-0.007176337897105811,0.003535018564756909,0.006672765339369002,0.01306525844564715,
large,replay,military_tank,stage_2,large:replay:military_tank:stage_2,42,experiments/suites/thesis_l40_main/extend/model_large/seed_42/replay/military_tank/stage_2,0.10404416615036126,0.017558801465712173,0.058283061568097226,0.009812295519078968,0.9627173331788711,0.14312342515993629,0.7593372099964188,0.5339331443595952,0.6022192452859038,0.05939016297875321,0.029291674063554058,0.0007101011894194923,0.014864864864864866,0.00036036036036036037,0.9939759036144579,0.024096385542168676,0.8123337677600365,0.5180042349625583,0.5656145015012471,0.005879888043063665,,,,,,,-0.05879174520609998,-0.038089363463736814,-0.011646786290296696,0.001294679008344254,,,,,,,-0.015774433578097935,-0.016668315831829816,-0.02139931779140336,0.009507082329127774,
large,replay,military_tank,stage_2,large:replay:military_tank:stage_2,43,experiments/suites/thesis_l40_main/extend/model_large/seed_43/replay/military_tank/stage_2,0.09372666582406407,0.012197772788486555,0.051448821444405435,0.006679320963627393,0.9562343498177727,0.11741460881666509,0.7277432513122233,0.5262993703090747,0.6094048539995859,0.03299954115391076,0.029469199360908926,0.0030179300550328423,0.014954954954954955,0.0015315315315315315,1.0,0.10240963855421686,0.8487600629777549,0.5848244398802728,0.6535254066975908,0.014906114951433477,,,,,,,-0.015443242113518996,-0.00419242942271969,-0.0059567041979542434,-0.0011774679429195443,,,,,,,-0.006487218830197428,-0.0027540930626588356,-0.003142003421209183,-0.0014874413778221407,
large,replay,military_tank,stage_2,large:replay:military_tank:stage_2,44,experiments/suites/thesis_l40_main/extend/model_large/seed_44/replay/military_tank/stage_2,0.06126901382532749,0.007008159652398239,0.03250716752341936,0.0037046461406247525,0.9782294153293246,0.1255347190863558,0.7219293508184154,0.5111712914684797,0.583826553477525,0.03119797920647238,0.028936623468844312,0.0019527782709036037,0.014684684684684684,0.000990990990990991,0.9819277108433735,0.06626506024096386,0.8677155222086854,0.5767239178451475,0.6332724830106582,0.02235826261197548,,,,,,,0.02152689292590726,0.02722960701869248,0.04805057753706954,0.011516297553232187,,,,,,,0.007904656443470048,-0.002787046946751026,-0.015999473812944642,-0.010011778629203279,
medium,det_lora_grow_freeze,military_aircraft,stage_1,medium:det_lora_grow_freeze:military_aircraft:stage_1,42,experiments/suites/thesis_l40_main/extend/model_medium/seed_42/det_lora_grow_freeze/military_aircraft/stage_1,0.10021143733295629,0.00789079928408538,0.055182717046813316,0.004305114518368267,0.9309544459732502,0.09598351688385291,0.67103781495211,0.45753083450925885,0.5186189869899852,0.017003448372844815,0.027758501040943788,0.002498265093684941,0.014084507042253521,0.0012676056338028169,0.9523809523809523,0.08571428571428572,0.751364934595142,0.4727707328416494,0.5469819021430706,0.012314695781498344,0.00027758501040943406,0.0005551700208188757,0.00014084507042253468,0.00028169014084507044,0.00952380952380949,0.01904761904761905,-0.016219404439755336,-0.030465648760011566,-0.044865994357068395,0.00790891980658403,0.0617464148141618,0.004801333756191285,0.03537830240916894,0.002719886167571059,-0.0473728397290748,0.000776521639830996,0.01482338494907287,0.006812771634567616,0.009989099355612208,-0.000756205227812199,
medium,det_lora_grow_freeze,military_aircraft,stage_1,medium:det_lora_grow_freeze:military_aircraft:stage_1,43,experiments/suites/thesis_l40_main/extend/model_medium/seed_43/det_lora_grow_freeze/military_aircraft/stage_1,0.074542394005796,0.007152502540662994,0.041931166575912567,0.004033551606621048,0.9171016889402583,0.093917099078626,0.6445968199439579,0.4360843196110687,0.49167585067907343,0.015150856621780845,0.027480916030534354,0.002498265093684941,0.013943661971830987,0.0012676056338028169,0.9428571428571428,0.08571428571428572,0.756665169045518,0.48500971571574514,0.5789805470341279,0.0191013387052991,0.0,0.0,0.0,0.0,0.0,0.0,-0.019628654886417296,-0.013882778764976511,-0.01035941159798126,-0.00027463154705745577,0.035295410094791355,0.003683517043587737,0.021695988261868422,0.0022496106847708867,-0.061338891952685715,-0.005699135422128673,-0.002904176596119745,-0.009327881765652801,-0.012855056227493777,-0.0013384633237966976,
medium,det_lora_grow_freeze,military_aircraft,stage_1,medium:det_lora_grow_freeze:military_aircraft:stage_1,44,experiments/suites/thesis_l40_main/extend/model_medium/seed_44/det_lora_grow_freeze/military_aircraft/stage_1,0.10177611178512436,0.008276530053173721,0.056488398898060434,0.004561848873318377,0.9520271307391264,0.10797778538014818,0.6381370602349477,0.42713097229638314,0.47142372279376366,0.014766479383507745,0.02831367106176266,0.0027758501040943792,0.01436619718309859,0.0014084507042253522,0.9714285714285714,0.09523809523809523,0.732611945500019,0.4661634482426861,0.5446634524967444,0.015321535869677641,0.00027758501040943406,0.0,0.00014084507042253468,0.0,0.00952380952380949,0.0,-0.051834424180546734,-0.04283517252142832,-0.05456681376571393,-0.0012342146420823933,0.06213907587603389,0.0047667615213141355,0.036028728047713704,0.0027612387153569482,-0.021895689631164728,-0.0022030568316431243,-0.008998111345062565,-0.021812918682575344,-0.02473309721629252,-0.008221916057648788,
medium,det_lora_grow_freeze,military_aircraft,stage_2,medium:det_lora_grow_freeze:military_aircraft:stage_2,42,experiments/suites/thesis_l40_main/extend/model_medium/seed_42/det_lora_grow_freeze/military_aircraft/stage_2,0.1312319059377379,0.010583126344502343,0.07352110350080544,0.005877917453663979,0.9213689936693511,0.09439621529655133,0.6681229028522185,0.45444828623199524,0.5169367047750862,0.018121042555715682,0.027758501040943788,0.002498265093684941,0.014084507042253521,0.0012676056338028169,0.9523809523809523,0.08571428571428572,0.7288277326207551,0.45410154291107147,0.5373812803399024,0.017201844214772125,0.0,0.0,0.0,0.0,0.0,0.0,-0.02253720197438691,-0.018669189930577923,-0.00960062180316823,0.004887148433273781,0.08940100784398564,0.007239927927815417,0.05190762527976478,0.004157345863682863,-0.057346552852889365,-0.002786342354687679,0.016467365112122656,0.008856902814685985,0.015681950172727777,-0.0003910795816520936,
medium,det_lora_grow_freeze,military_aircraft,stage_2,medium:det_lora_grow_freeze:military_aircraft:stage_2,43,experiments/suites/thesis_l40_main/extend/model_medium/seed_43/det_lora_grow_freeze/military_aircraft/stage_2,0.1066670559418444,0.010579279419513176,0.06573286564193533,0.006590053857108334,0.9095026388215232,0.09232979749132442,0.6317110209628217,0.4273908399526791,0.48179831785181126,0.01491994056028085,0.027480916030534354,0.0022206800832755033,0.013943661971830987,0.0011267605633802818,0.9428571428571428,0.0761904761904762,0.7517688816627193,0.47799047300966757,0.5711725336544187,0.014422196936674798,0.0,-0.00027758501040943753,0.0,-0.0001408450704225351,0.0,-0.009523809523809518,-0.004896287382798681,-0.007019242706077566,-0.0078080133797092666,-0.004679141768624301,0.0660170710746783,0.00688393422135542,0.04473980755768317,0.004686651431841902,-0.07013698283880698,-0.008485477776816353,-0.010425134343536202,-0.01479139091854198,-0.01698193964364053,-0.002007364502301526,
medium,det_lora_grow_freeze,military_aircraft,stage_2,medium:det_lora_grow_freeze:military_aircraft:stage_2,44,experiments/suites/thesis_l40_main/extend/model_medium/seed_44/det_lora_grow_freeze/military_aircraft/stage_2,0.0764875892726261,0.0066367052670900685,0.042515660130966894,0.0036718544163404504,0.9429873516130315,0.11355047008952353,0.6374204044977543,0.4280983862103855,0.4741130230906845,0.015436025269943497,0.028036086051353225,0.0033310201249132547,0.014225352112676056,0.0016901408450704226,0.9619047619047619,0.11428571428571428,0.7285800846396888,0.45193455881626854,0.5091004955228952,0.015310319348839184,-0.00027758501040943406,0.0005551700208188755,-0.00014084507042253468,0.00028169014084507044,-0.00952380952380949,0.01904761904761905,-0.004031860860330139,-0.014228889426417535,-0.03556295697384926,-1.1216520838457089e-05,0.031059162262996647,0.00258978526716107,0.018962709229821604,0.0015877951160297747,-0.02455379268675606,0.0024319165083661887,-0.004217608220290603,-0.01408933599960116,-0.012450285109262993,-0.007412553149181343,
medium,det_lora_grow_freeze,military_helicopter,stage_1,medium:det_lora_grow_freeze:military_helicopter:stage_1,42,experiments/suites/thesis_l40_main/extend/model_medium/seed_42/det_lora_grow_freeze/military_helicopter/stage_1,0.07254202623071812,0.005947845597003351,0.039129505955890355,0.0031950253874267827,0.9471212609655831,0.09394164978174485,0.6498709450242968,0.4316718167017521,0.4769491688027119,0.01505193440122938,0.0250022646978893,0.0010870549868647525,0.012660550458715596,0.0005504587155963303,0.9928057553956835,0.04316546762589928,0.7935481733252294,0.40534157565649725,0.3909057479409116,0.0020323084940072956,0.0,-0.0003623516622882504,0.0,-0.00018348623853211004,0.0,-0.014388489208633094,-0.04034666671631881,-0.08213363511198918,-0.14240279706222436,-0.010133613980593105,0.03407700371192363,0.0028583800691092546,0.01932509131824598,0.0016097970366295742,-0.031206024736741833,-0.001265345462277065,-0.006343484978740377,-0.019046246172939152,-0.031680718831661125,-0.002707719199427633,
medium,det_lora_grow_freeze,military_helicopter,stage_1,medium:det_lora_grow_freeze:military_helicopter:stage_1,43,experiments/suites/thesis_l40_main/extend/model_medium/seed_43/det_lora_grow_freeze/military_helicopter/stage_1,0.06595377328405438,0.006137936734585206,0.035772738968868706,0.0033268706514859403,0.9287998980808284,0.08912093600908162,0.6304055912836116,0.4152084607122471,0.46066497960312996,0.014503231128818352,0.0250022646978893,0.0012682308180088776,0.012660550458715596,0.0006422018348623853,0.9928057553956835,0.050359712230215826,0.7804837396829525,0.3848659815360285,0.36663140026537616,0.003038613313394558,0.00018117583114412444,-0.0005435274934323764,9.17431192660554e-05,-0.0002752293577981652,0.007194244604316613,-0.021582733812949638,-0.07515317568414748,-0.11860416620650899,-0.18570811867287323,-0.0024044707402463158,0.02670678937304974,0.002668951237509949,0.015537560654824562,0.0015429297296357784,-0.049640682812115644,-0.01049529849167305,-0.017095405256466023,-0.0302037406644744,-0.04386592730343725,-0.0019860888167591902,
medium,det_lora_grow_freeze,military_helicopter,stage_1,medium:det_lora_grow_freeze:military_helicopter:stage_1,44,experiments/suites/thesis_l40_main/extend/model_medium/seed_44/det_lora_grow_freeze/military_helicopter/stage_1,0.05615133709142776,0.005072952423746488,0.02961309654946624,0.0026645731282399256,0.955264884769981,0.10677874461276209,0.6377967702120254,0.42754219310567293,0.47225612328411887,0.017925503885058324,0.0250022646978893,0.000905879155720627,0.012660550458715596,0.00045871559633027525,0.9928057553956835,0.03597122302158273,0.7748841909092845,0.4244067842301053,0.4103171242971999,0.001318232238957826,-6.357854977212876e-05,-0.0003655766611897352,-3.260627417623653e-05,-0.00018514017997583218,0.0,-0.014388489208633094,-0.04802788916617051,-0.06306843779401872,-0.07414457736031527,-0.0017416960560299464,0.016514301182337293,0.0015631838918869017,0.009153425699119512,0.0008639629702784967,-0.01865793560031015,-0.003402097599029222,-0.009338401367984805,-0.021401697873285552,-0.02390069672593731,-0.005062891556098209,
medium,det_lora_grow_freeze,military_helicopter,stage_2,medium:det_lora_grow_freeze:military_helicopter:stage_2,42,experiments/suites/thesis_l40_main/extend/model_medium/seed_42/det_lora_grow_freeze/military_helicopter/stage_2,0.08572598646009184,0.006702910264516059,0.046554837050498565,0.003622273080978179,0.9377225942773263,0.09394164978174485,0.6725852154582882,0.44674620055872877,0.49221638763913234,0.0161220268226296,0.0250022646978893,0.0012682308180088776,0.012660550458715596,0.0006422018348623853,0.9928057553956835,0.050359712230215826,0.8046804184848394,0.40272040920208035,0.37457210830521587,0.0021301017319826014,0.0,0.0001811758311441251,0.0,9.174311926605496e-05,0.0,0.007194244604316544,0.011132245159609977,-0.002621166454416901,-0.01633363963569573,9.779323797530579e-05,0.04899283143625027,0.0035867761060914744,0.02761870753066298,0.0020205306426358677,-0.038629129017781594,-0.0010040160642570267,0.0373261810615626,0.017141090708612805,0.015142335123191686,-0.0018375306234275704,
medium,det_lora_grow_freeze,military_helicopter,stage_2,medium:det_lora_grow_freeze:military_helicopter:stage_2,43,experiments/suites/thesis_l40_main/extend/model_medium/seed_43/det_lora_grow_freeze/military_helicopter/stage_2,0.08441952121052781,0.008038478807918343,0.047747964080184474,0.004556362984614518,0.9190456856693663,0.08672285447430944,0.6366300349373336,0.4192778473544821,0.4607205196836186,0.015133866723308867,0.0250022646978893,0.000905879155720627,0.012660550458715596,0.00045871559633027525,0.9928057553956835,0.03597122302158273,0.7706197522315815,0.36756997895959204,0.31567693802339886,0.001210177510781159,0.0,-0.0003623516622882506,0.0,-0.00018348623853211004,0.0,-0.014388489208633094,-0.009863987451370959,-0.017296002576436487,-0.050954462241977305,-0.0018284358026133991,0.045887857684296894,0.004625769756881571,0.02781192766214773,0.002794958114510226,-0.060205675171048356,-0.00929625772428698,0.004297224786518394,-0.003939151858519452,-0.009737359571920123,-0.001873452126549921,
medium,det_lora_grow_freeze,military_helicopter,stage_2,medium:det_lora_grow_freeze:military_helicopter:stage_2,44,experiments/suites/thesis_l40_main/extend/model_medium/seed_44/det_lora_grow_freeze/military_helicopter/stage_2,0.06336138651778496,0.005770525462568976,0.034140953503790046,0.0030921196850959734,0.9634614971073022,0.10438066307798989,0.6430331798180641,0.42525747545009956,0.4699616909017961,0.017915423931254216,0.0250022646978893,0.0005435274934323763,0.012660550458715596,0.00027522935779816516,0.9928057553956835,0.02158273381294964,0.7482098759671206,0.3762438533400542,0.3528248407069889,0.000536800668018609,0.0,-0.00036235166228825073,0.0,-0.0001834862385321101,0.0,-0.01438848920863309,-0.02667431494216388,-0.04816293089005108,-0.057492283590211024,-0.0007814315709392171,0.029222000221412067,0.0024101570007680055,0.01661393696326399,0.0013709090573135105,-0.013054429500890086,-0.0034020975990292357,0.0051820581110381125,-0.012638030024741953,-0.013003878667939617,-0.004861753681063209,
medium,det_lora_grow_freeze,military_tank,stage_1,medium:det_lora_grow_freeze:military_tank:stage_1,42,experiments/suites/thesis_l40_main/extend/model_medium/seed_42/det_lora_grow_freeze/military_tank/stage_1,0.08719265325158558,0.005963206313477763,0.04702456104270313,0.0032084290163213996,0.9186840433525697,0.08929277663153683,0.6556593225324132,0.4436476157003965,0.49896067922916104,0.015773484508775373,0.029291674063554058,0.0019527782709036037,0.014864864864864866,0.000990990990990991,0.9939759036144579,0.06626506024096386,0.9144006806106902,0.5982541240359975,0.6672596713759658,0.009743484044590627,0.0,-0.00017752529735487314,0.0,-9.009009009009004e-05,0.0,-0.00602409638554216,-0.0212105210894058,-0.016745660803578644,-0.01818116574280948,-0.005082419560836578,0.04872763073279109,0.002873740785583667,0.027220146405058758,0.001623200665524191,-0.059643242349755266,-0.005914218612485089,-0.0005551074706239278,-0.007070447174294725,-0.00966920840521196,-0.0019861690918816406,
medium,det_lora_grow_freeze,military_tank,stage_1,medium:det_lora_grow_freeze:military_tank:stage_1,43,experiments/suites/thesis_l40_main/extend/model_medium/seed_43/det_lora_grow_freeze/military_tank/stage_1,0.06533972598876787,0.006550410945611672,0.03720259293347051,0.0037442830076617815,0.9209690029470142,0.09365576968060596,0.6529283814629668,0.4399951685770753,0.4950702656524961,0.014857715035217267,0.029469199360908926,0.0023078288656133497,0.014954954954954955,0.0011711711711711711,1.0,0.0783132530120482,0.9198668515919673,0.6055558510322274,0.660360881949073,0.012887233965634414,0.0,0.0,0.0,0.0,0.0,0.0,-0.004835370119977811,-0.0015498542803503712,-0.0029403947847391754,0.0,0.02609274207776323,0.0030814254485364147,0.016967414619426364,0.0019603420858116194,-0.05747157794592983,-0.0059604648201487115,0.005427384922889189,-0.005417032799646171,-0.00946064125407109,-0.001631604910360275,
medium,det_lora_grow_freeze,military_tank,stage_1,medium:det_lora_grow_freeze:military_tank:stage_1,44,experiments/suites/thesis_l40_main/extend/model_medium/seed_44/det_lora_grow_freeze/military_tank/stage_1,0.06028340453152483,0.005944390940980683,0.031713237733337944,0.003113771264622686,0.9472165871502414,0.11401997971280681,0.6468311862614134,0.4377393712686915,0.488703861099327,0.018049434349203194,0.029291674063554058,0.002485354162968223,0.014864864864864866,0.0012612612612612612,0.9939759036144579,0.08433734939759036,0.8903916832191432,0.5969554223600372,0.6412583758293373,0.016924031226811763,-0.00017752529735486772,0.0,-9.009009009008917e-05,0.0,-0.0060240963855421326,0.0,-0.017699872147561413,-0.009708762134654547,-0.015455158201715391,-8.021029513926095e-05,0.020646368622434366,0.002434622409121097,0.011253566882991218,0.0013131611066612573,-0.026706233220049724,0.0038391375010154993,-0.0003039853185967667,-0.01120451971026698,-0.007452958910729168,-0.004938961091953339,
medium,det_lora_grow_freeze,military_tank,stage_2,medium:det_lora_grow_freeze:military_tank:stage_2,42,experiments/suites/thesis_l40_main/extend/model_medium/seed_42/det_lora_grow_freeze/military_tank/stage_2,0.08201989627744648,0.005820298721017199,0.04457330787160072,0.003149000774530144,0.9275466503472392,0.09465541565417697,0.6499439387757789,0.44230986262051575,0.49976660754257485,0.01681048880782188,0.029469199360908926,0.0019527782709036037,0.014954954954954955,0.000990990990990991,1.0,0.06626506024096386,0.8994712175941172,0.5832198199476456,0.6458889350324314,0.008117046016017322,0.00017752529735486772,0.0,9.009009009008917e-05,0.0,0.0060240963855421326,0.0,-0.014929463016573052,-0.015034304088351935,-0.02137073634353437,-0.0016264380285733043,0.04393798787028666,0.0025382032781763983,0.025015730740850554,0.0014664785161218987,-0.05144386180429761,-0.0007774256830187232,0.007901039245908348,0.0026674888396911456,0.007483776202158898,-0.0012957424731529603,
medium,det_lora_grow_freeze,military_tank,stage_2,medium:det_lora_grow_freeze:military_tank:stage_2,43,experiments/suites/thesis_l40_main/extend/model_medium/seed_43/det_lora_grow_freeze/military_tank/stage_2,0.04481251717046073,0.004285634777380593,0.023452177891337286,0.002241914800490252,0.9311593707173079,0.09605385121537813,0.644750905306157,0.4371183678615136,0.49245465884743306,0.015440158442533188,0.029469199360908926,0.0023078288656133497,0.014954954954954955,0.0011711711711711711,1.0,0.0783132530120482,0.9171762840996398,0.602674363407875,0.6605504413414949,0.012835375271313183,0.0,0.0,0.0,0.0,0.0,0.0,-0.0026905674923275447,-0.0028814876243524745,0.00018955939242182307,-5.185869432123083e-05,0.009002472159205528,0.0008883290618662614,0.005118179762418417,0.0005057075459869351,-0.0451106230652899,-0.00450009465474259,-0.0005364640941831755,-0.007205357529978584,-0.009043367945850755,-0.0006989377800853073,
medium,det_lora_grow_freeze,military_tank,stage_2,medium:det_lora_grow_freeze:military_tank:stage_2,44,experiments/suites/thesis_l40_main/extend/model_medium/seed_44/det_lora_grow_freeze/military_tank/stage_2,0.04305890398206611,0.003929216056729342,0.022305109894782158,0.0020261423133844467,0.955898737961439,0.10767378694714978,0.6542577359755193,0.43892077452951633,0.48925810813017684,0.015070838551727075,0.029291674063554058,0.0023078288656133497,0.014864864864864866,0.0011711711711711711,0.9939759036144579,0.0783132530120482,0.8862142460654382,0.5901806291077307,0.6344018143412878,0.015919416341343084,0.0,-0.00017752529735487335,0.0,-9.009009009009004e-05,0.0,-0.00602409638554216,-0.004177437153704999,-0.006774793252306455,-0.006856561488049473,-0.0010046148854686784,-0.009084279332775329,-0.0017732379087861032,-0.004852393409340766,-0.0009322288784451862,-0.015626000874079726,-0.008354224894171064,0.008983368788063162,-0.009200182339405838,-0.00887525492641833,-0.008239424398506825,
medium,det_lora_warm_start,military_aircraft,stage_1,medium:det_lora_warm_start:military_aircraft:stage_1,42,experiments/suites/thesis_l40_main/extend/model_medium/seed_42/det_lora_warm_start/military_aircraft/stage_1,0.08774712036106623,0.00849697278226184,0.048456241981397315,0.0046863758932324555,0.9166459692568433,0.10439043848683184,0.637870283533864,0.44437597149409264,0.5106420435957796,0.017697951002459387,0.02831367106176266,0.0027758501040943792,0.01436619718309859,0.0014084507042253522,0.9714285714285714,0.09523809523809523,0.7148608754335732,0.45116873728000506,0.5363160268707051,0.019315313280014096,0.0005551700208188716,0.0,0.00028169014084506935,0.0,0.01904761904761909,0.0,-0.044279619958686345,-0.0499901721607835,-0.055814955160393254,0.014726719248408923,0.055818704812700196,0.005223473569108019,0.03215357607468085,0.003017846287665768,-0.059705754038264613,-0.009167537716048876,0.0028027265576534566,-0.004028102775887055,-0.0037360750414913158,-0.00018498142480068494,
medium,det_lora_warm_start,military_aircraft,stage_1,medium:det_lora_warm_start:military_aircraft:stage_1,43,experiments/suites/thesis_l40_main/extend/model_medium/seed_43/det_lora_warm_start/military_aircraft/stage_1,0.048542495577191064,0.005394230055446879,0.025487187893091973,0.0028309357869356743,0.9284566038365694,0.10830064586227679,0.610614559564403,0.42240640313952055,0.48216954318411837,0.014418798713886127,0.02831367106176266,0.0022206800832755033,0.01436619718309859,0.0011267605633802818,0.9714285714285714,0.0761904761904762,0.6626616433508231,0.38912757473200277,0.43874364803502053,0.0053244562271506065,0.0008327550312283057,-0.0008327550312283135,0.00042253521126760403,-0.00042253521126760555,0.02857142857142858,-0.028571428571428567,-0.10315581035703303,-0.1084323714224611,-0.15430953117984714,-0.014245407196411687,0.015978217102131133,0.001400444539015608,0.008828951714776222,0.0007883937468223935,-0.04410297245325101,-0.01418509390808717,-0.021859252996882406,-0.02109585567854,-0.02894723136287153,-0.0022905182782141063,
medium,det_lora_warm_start,military_aircraft,stage_1,medium:det_lora_warm_start:military_aircraft:stage_1,44,experiments/suites/thesis_l40_main/extend/model_medium/seed_44/det_lora_warm_start/military_aircraft/stage_1,0.05254946932455499,0.006211965769078189,0.027725864715759354,0.003275396062879632,0.9402548648441015,0.12111363306939961,0.6172791582430647,0.4244861906270668,0.4772548335482664,0.015453875227613932,0.027758501040943788,0.0038861901457321302,0.014084507042253521,0.001971830985915493,0.9523809523809523,0.13333333333333333,0.6596373852531412,0.40259943946832566,0.46788415644919973,0.01839595494278941,-0.00027758501040943753,0.0008327550312283135,-0.00014084507042253468,0.00042253521126760555,-0.009523809523809601,0.028571428571428567,-0.1066820561398536,-0.1037859937468395,-0.1362375732743309,0.001965484401258155,0.019864583484365025,0.0025915071286011474,0.011018186599845076,0.001429789024251849,-0.029682572404115537,-0.006201595475851071,-0.010588939930411434,-0.022724222671166305,-0.030548306407938763,-0.007848768483451772,
medium,det_lora_warm_start,military_aircraft,stage_2,medium:det_lora_warm_start:military_aircraft:stage_2,42,experiments/suites/thesis_l40_main/extend/model_medium/seed_42/det_lora_warm_start/military_aircraft/stage_2,0.035713411908679535,0.0035957635830133495,0.018293013887133593,0.0018394518615173355,0.9675231866077615,0.11224564024487547,0.624676818610339,0.4336388987271625,0.49884889466410026,0.01657641550522714,0.028591256072172104,0.0027758501040943792,0.014507042253521127,0.0014084507042253522,0.9809523809523809,0.09523809523809523,0.7295772210757151,0.46315813441201537,0.5547888371498824,0.016039150753482844,0.0005551700208188785,0.0,0.0002816901408450711,0.0,0.01904761904761898,0.0,-0.013297203568046423,-0.0024613069780399233,0.00408677656066847,-0.006903631644371237,0.0031908659854597357,0.00032359221335089873,0.0016902075070278598,0.0001714611932222053,-0.013590441449251145,0.0008244161787468868,-0.004126509001052381,-0.008529639172107195,-0.01002797942006467,-0.0031024553067132248,
medium,det_lora_warm_start,military_aircraft,stage_2,medium:det_lora_warm_start:military_aircraft:stage_2,43,experiments/suites/thesis_l40_main/extend/model_medium/seed_43/det_lora_warm_start/military_aircraft/stage_2,0.05074675873375659,0.005585854033260288,0.026619620820628753,0.00292672491109053,0.9274977323066014,0.11082565881894442,0.6092875687134519,0.42259271220587086,0.4833612904640417,0.014391418675084264,0.027480916030534354,0.0022206800832755033,0.013943661971830987,0.0011267605633802818,0.9428571428571428,0.0761904761904762,0.6383421537121502,0.37963367990350083,0.42564110445985875,0.005018739577821565,-0.0008327550312283057,0.0,-0.00042253521126760403,0.0,-0.02857142857142858,0.0,-0.12783929235969194,-0.09426777209518461,-0.11195721615180293,-0.0021402718148977647,0.017677425155864138,0.0018342501587352692,0.009712200821746526,0.0010086785112274628,-0.055008172634583796,-0.004373163232847144,-0.018960158582697617,-0.016236197507889905,-0.01717598111254187,-0.0007980803799189206,
medium,det_lora_warm_start,military_aircraft,stage_2,medium:det_lora_warm_start:military_aircraft:stage_2,44,experiments/suites/thesis_l40_main/extend/model_medium/seed_44/det_lora_warm_start/military_aircraft/stage_2,0.05576286635870367,0.007336260652204417,0.029587626817945998,0.003887510585607563,0.9375177822806267,0.13562158714569902,0.6148550641899102,0.41973345010605706,0.473476839101467,0.015587734941864113,0.027758501040943788,0.004163775156141568,0.014084507042253521,0.002112676056338028,0.9523809523809523,0.14285714285714285,0.6704588451584669,0.3997294483357877,0.46972929513770095,0.024715264390638425,-0.00027758501040943753,0.00027758501040943797,-0.00014084507042253468,0.0001408450704225351,-0.009523809523809601,0.009523809523809518,-0.06726666690803995,-0.06873630007750053,-0.0638501048874735,0.005066824412897835,0.021350987004104836,0.0032707601617748133,0.01198193880430204,0.0018094282608079838,-0.033618695734976556,0.006880246742681839,-0.010029643168549818,-0.022771015992649912,-0.026822733962143186,-0.007444109262936031,
medium,det_lora_warm_start,military_helicopter,stage_1,medium:det_lora_warm_start:military_helicopter:stage_1,42,experiments/suites/thesis_l40_main/extend/model_medium/seed_42/det_lora_warm_start/military_helicopter/stage_1,0.06423642236771508,0.00565172687287906,0.03402847601858514,0.002984123213965706,0.9234394702411158,0.10281629242166442,0.6409015253624087,0.4452982536332312,0.5069487566355626,0.016376398881154757,0.024458737204456925,0.002174109973729505,0.012385321100917432,0.0011009174311926607,0.9712230215827338,0.08633093525179857,0.7079417065007704,0.40516556833566375,0.4309940461338036,0.0037874056309481798,-0.0005435274934323768,-0.0003623516622882502,-0.00027522935779816446,-0.00018348623853210993,-0.021582733812949728,-0.014388489208633087,-0.04825339774780202,-0.057983054726366556,-0.09189790356023991,-0.009336178538021381,0.03230800681934905,0.0023782276597252385,0.017725810111868672,0.0013155936083990188,-0.05291225305399205,-0.010741683781216302,0.005833968386198207,-0.0031058206367484686,-0.007429362001708295,-0.0015065335461053146,
medium,det_lora_warm_start,military_helicopter,stage_1,medium:det_lora_warm_start:military_helicopter:stage_1,43,experiments/suites/thesis_l40_main/extend/model_medium/seed_43/det_lora_warm_start/military_helicopter/stage_1,0.056134727004225525,0.0062964446647659255,0.029963695584390687,0.0033547259024382693,0.9280814985387881,0.10939912362713229,0.6184681322948636,0.4252414091699322,0.4805063300396594,0.015870057813551143,0.024821088866745177,0.002898813298306006,0.012568807339449541,0.0014678899082568807,0.9856115107913669,0.11510791366906475,0.6851556009857439,0.3836948223030767,0.39811904342989696,0.007375226940128783,-0.00018117583114412444,-0.0001811758311441253,-9.17431192660554e-05,-9.174311926605496e-05,-0.007194244604316613,-0.007194244604316544,-0.10539388053313148,-0.10010120752147966,-0.1683463489195814,0.0015329508168224829,0.023570448529165594,0.0023026591483346548,0.013305459406074936,0.0013121838623249885,-0.0444780777510323,-0.013086616143231672,-0.014005680266421794,-0.018260849648128352,-0.03061044450733047,-0.0008392591785490906,
medium,det_lora_warm_start,military_helicopter,stage_1,medium:det_lora_warm_start:military_helicopter:stage_1,44,experiments/suites/thesis_l40_main/extend/model_medium/seed_44/det_lora_warm_start/military_helicopter/stage_1,0.04626069997779575,0.005023923246565728,0.024515007070594636,0.002647532517919496,0.945810533779702,0.12273519296434081,0.6223569045543299,0.4280138623725711,0.48832352504596055,0.01676951544279474,0.02463991303560105,0.00235528580487363,0.012477064220183486,0.0011926605504587156,0.9784172661870504,0.09352517985611511,0.6901590167577834,0.38962282353844735,0.40654746440555456,0.0035700678780436154,-0.0001811758311441279,0.0005435274934323759,-9.17431192660554e-05,0.0002752293577981651,-0.007194244604316502,0.021582733812949645,-0.06026459250504612,-0.07934937616823506,-0.10666250370890773,0.0007293947672480472,0.013575814137605786,0.0014034646060886867,0.007807328954680358,0.0008019254792917131,-0.024126903468514982,-0.004580035580909872,-0.005511193619146204,-0.01919655092566197,-0.019479614910244636,-0.006533128268270964,
medium,det_lora_warm_start,military_helicopter,stage_2,medium:det_lora_warm_start:military_helicopter:stage_2,42,experiments/suites/thesis_l40_main/extend/model_medium/seed_42/det_lora_warm_start/military_helicopter/stage_2,0.038254281262739304,0.0037680443389579445,0.019664010019085198,0.0019341663377028869,0.9399018833800644,0.10934600269956862,0.6352847218098613,0.43846344360444767,0.4984882504673746,0.015653556739983563,0.024458737204456925,0.002898813298306006,0.012385321100917432,0.0014678899082568807,0.9712230215827338,0.11510791366906475,0.7112853239797906,0.3961881569454619,0.4137008357215008,0.006533543466776523,-0.0005435274934323768,0.0007247033245765008,-0.00027522935779816446,0.0003669724770642201,-0.021582733812949728,0.02877697841726619,-0.021077278182769277,-0.013658320234428645,-0.010613271640034339,0.002204090392053583,0.004618687706304456,0.0005407200186624992,0.002449190912838326,0.00028610031011579596,-0.030846333815623184,-0.0011643017506043768,0.006454576295283787,-0.00017592602472887853,0.001534087392078054,-0.002608286493918418,
medium,det_lora_warm_start,military_helicopter,stage_2,medium:det_lora_warm_start:military_helicopter:stage_2,43,experiments/suites/thesis_l40_main/extend/model_medium/seed_43/det_lora_warm_start/military_helicopter/stage_2,0.04469852024486262,0.005439469508085409,0.023573358876847472,0.002868509637456338,0.9445158636896074,0.11333613150114803,0.6044063808888186,0.4164246109859136,0.4654466700026647,0.014868163824774794,0.024458737204456925,0.0025364616360177552,0.012385321100917432,0.0012844036697247706,0.9712230215827338,0.10071942446043165,0.6490139865031126,0.3667250411693138,0.35475896602995627,0.004355255090056461,-0.00018117583114412444,-0.0003623516622882506,-9.174311926605366e-05,-0.00018348623853211015,-0.007194244604316613,-0.014388489208633101,-0.08951747928657672,-0.06328258921030261,-0.10795819608885188,-0.005361331475661972,0.010680308311316819,0.001380112847979625,0.006126458139952964,0.0007869888507808409,-0.024838288035565204,-0.006751526734443736,-0.015273841589059978,-0.015498025518727532,-0.02606767889493028,-0.0033604005037731755,
medium,det_lora_warm_start,military_helicopter,stage_2,medium:det_lora_warm_start:military_helicopter:stage_2,44,experiments/suites/thesis_l40_main/extend/model_medium/seed_44/det_lora_warm_start/military_helicopter/stage_2,0.05363374380679454,0.006228831077532557,0.028694743056838157,0.0033071339703555293,0.9491168705460927,0.12390341234168221,0.6133221538642247,0.41945406933057644,0.4802783978187452,0.014938913394687036,0.02463991303560105,0.00235528580487363,0.012477064220183486,0.0011926605504587156,0.9784172661870504,0.09352517985611511,0.6625267538097145,0.3698793424831117,0.38635595396185507,0.004718759933612909,-0.0001811758311441279,0.00018117583114412488,-9.17431192660554e-05,9.174311926605496e-05,-0.007194244604316502,0.007194244604316544,-0.05041391802565376,-0.049768081126977115,-0.06856478623548395,-0.00011096261583086985,0.01914584578346959,0.002412469534659035,0.01102470861612264,0.0013571507878070517,-0.02441768900428265,-0.003673145601588504,-0.004229438392273632,-0.018051957300378507,-0.016751572312985852,-0.00857782752273135,
medium,det_lora_warm_start,military_tank,stage_1,medium:det_lora_warm_start:military_tank:stage_1,42,experiments/suites/thesis_l40_main/extend/model_medium/seed_42/det_lora_warm_start/military_tank/stage_1,0.09278461382135343,0.006123763766950962,0.058230287847686975,0.0037324831266505386,0.911860340246689,0.10038689747377054,0.6094887428394902,0.4255402943282594,0.49000066876659004,0.01585428623741573,0.029469199360908926,0.002485354162968223,0.014954954954954955,0.0012612612612612612,1.0,0.08433734939759036,0.7069238173512651,0.45874314785078296,0.5241994820774333,0.003258604269475011,0.0,0.0,0.0,0.0,0.0,0.0,-0.196030025070836,-0.15900630940385496,-0.1754076002507574,-0.011537905064084652,0.0608561982729874,0.0028502645537971404,0.04192762194097051,0.0020639535210838517,-0.06449138304841884,-0.013171078729110178,-0.025578814136720363,-0.022863779941720286,-0.024377449870680856,-0.00202864618984434,
medium,det_lora_warm_start,military_tank,stage_1,medium:det_lora_warm_start:military_tank:stage_1,43,experiments/suites/thesis_l40_main/extend/model_medium/seed_43/det_lora_warm_start/military_tank/stage_1,0.04689454512649289,0.005159751889102616,0.024483926967147296,0.002693624397796772,0.9071626884436181,0.10186945516679845,0.591974744874808,0.40773493054057247,0.4685255694275163,0.013021621886395744,0.029469199360908926,0.002130303568258477,0.014954954954954955,0.001081081081081081,1.0,0.07228915662650602,0.7374555730927845,0.4954746634065712,0.5638108705132382,0.010212132831843652,0.0,-0.0015977276761938576,0.0,-0.0008108108108108108,0.0,-0.05421686746987951,-0.15492426066483234,-0.1211673258352044,-0.1282757587845338,-0.005131142621978618,0.014330266651432957,0.0011659663726713452,0.007825690788831545,0.0006510823576834912,-0.06539688784620223,-0.020616284603565516,-0.040499067686477486,-0.035767328277488075,-0.04259120511947362,-0.00368769510570449,
medium,det_lora_warm_start,military_tank,stage_1,medium:det_lora_warm_start:military_tank:stage_1,44,experiments/suites/thesis_l40_main/extend/model_medium/seed_44/det_lora_warm_start/military_tank/stage_1,0.063173400665666,0.005219306928098432,0.03482973403024952,0.0028189309282900758,0.941906144627234,0.11483164420343232,0.6067541687861268,0.4117942328002416,0.4640747183851006,0.012647978009972478,0.029469199360908926,0.002662879460323096,0.014954954954954955,0.0013513513513513514,1.0,0.09036144578313253,0.7471865090092156,0.46513238529577966,0.49808624673761415,0.002855716060256832,0.0,-0.0003550505947097463,0.0,-0.00018018018018018007,0.0,-0.012048192771084335,-0.13099957734496648,-0.14466561950987028,-0.17949380595452602,-0.014697624056915801,0.030488514825476036,0.0015988482876213906,0.01812205591433524,0.0009733238896622927,-0.028031292620983028,-0.012483584341818357,-0.02111392938734935,-0.0354161804979915,-0.04372842157110457,-0.010654665701093226,
medium,det_lora_warm_start,military_tank,stage_2,medium:det_lora_warm_start:military_tank:stage_2,42,experiments/suites/thesis_l40_main/extend/model_medium/seed_42/det_lora_warm_start/military_tank/stage_2,0.09220662604581592,0.00897634372396137,0.05383561263839157,0.0052485159561184306,0.9003442274347453,0.10757529560991706,0.60275708310213,0.4219558804878656,0.48569597911851975,0.016751898476777723,0.029469199360908926,0.002662879460323096,0.014954954954954955,0.0013513513513513514,1.0,0.09036144578313253,0.7003213529737087,0.4506958362982235,0.5019920833982848,0.0058011084238727756,0.00017752529735486772,0.00017752529735487292,9.009009009008917e-05,9.009009009009025e-05,0.0060240963855421326,0.006024096385542174,-0.11996724004714565,-0.0721115923284571,-0.09590438001511048,0.002289395308782411,0.05893073471637386,0.00584200202036453,0.036838254205459775,0.003650454701965169,-0.07973456316796546,-0.000456354101149109,-0.009739800436858181,-0.008304876942897443,-0.007248672893525543,-0.001274217812290205,
medium,det_lora_warm_start,military_tank,stage_2,medium:det_lora_warm_start:military_tank:stage_2,43,experiments/suites/thesis_l40_main/extend/model_medium/seed_43/det_lora_warm_start/military_tank/stage_2,0.040272498912838885,0.004795806350549547,0.021005761884459406,0.0024988227528524097,0.9080307897104284,0.10952556302595073,0.5900420002494372,0.40913318907001545,0.4720642949988522,0.015461044981759708,0.029469199360908926,0.002485354162968223,0.014954954954954955,0.0012612612612612612,1.0,0.08433734939759036,0.7459536222732497,0.5018286074720614,0.5793620854756971,0.012718203857806133,0.0,0.0003550505947097463,0.0,0.00018018018018018007,0.0,0.012048192771084335,-0.09490681305422966,-0.06368318658090277,-0.059524999285550106,-0.007046129650825173,0.009927281770169553,0.001478672369252775,0.005560577783151175,0.0008123480902889686,-0.07160883194990175,-0.006384500769026094,-0.024785110683560707,-0.020152242851821267,-0.021475196522175388,-0.0009343483230203863,
medium,det_lora_warm_start,military_tank,stage_2,medium:det_lora_warm_start:military_tank:stage_2,44,experiments/suites/thesis_l40_main/extend/model_medium/seed_44/det_lora_warm_start/military_tank/stage_2,0.05620445135438417,0.003906588626099879,0.030931131534888884,0.0020753657945962543,0.9451665182649162,0.11553001350343865,0.6079498274107318,0.4149956479950931,0.47507232317332654,0.012842318352786373,0.029469199360908926,0.0019527782709036037,0.014954954954954955,0.000990990990990991,1.0,0.06626506024096386,0.7983578962550769,0.5143566199009072,0.5783106373981953,0.001792467532419011,0.00017752529735486772,-0.0007101011894194923,9.009009009008917e-05,-0.00036036036036036037,0.0060240963855421326,-0.02409638554216867,-0.030970944291569436,-0.018112326425394953,-0.0014398886887553308,-0.0036781847531024993,0.024055399647330278,0.00025862616169344864,0.014532816023405115,0.000217447391348791,-0.026941506093647094,-0.00755795697597135,-0.0025622489671713877,-0.013420863475268274,-0.007823202571312748,-0.008384643062049712,
medium,ewc,military_aircraft,stage_1,medium:ewc:military_aircraft:stage_1,42,experiments/suites/thesis_l40_main/extend/model_medium/seed_42/ewc/military_aircraft/stage_1,0.14987766747158376,0.010536914648237508,0.09661419437913234,0.006729973433340752,0.9256261934862162,0.08276444066500636,0.5621921539591105,0.38354715227622277,0.43594495159467983,0.007944210457896485,0.028868841082581538,0.0027758501040943792,0.014647887323943662,0.0014084507042253522,0.9904761904761905,0.09523809523809523,0.790383176275893,0.5039596859894997,0.5895264852640767,0.010438168666806656,,,,,,,0.31072999130090917,0.19475654037040419,0.25126365151991986,0.0026838977989903914,,,,,,,0.08866124724729857,0.06210533774280225,0.0671320837398715,0.0029245916799518074,
medium,ewc,military_aircraft,stage_1,medium:ewc:military_aircraft:stage_1,43,experiments/suites/thesis_l40_main/extend/model_medium/seed_43/ewc/military_aircraft/stage_1,0.08177795377642416,0.005272435219091855,0.048159328157955685,0.003011688098381054,0.9103081525518001,0.09427734283400796,0.4704020527183208,0.32044469917965546,0.3759333074404452,0.010535711898554146,0.029146426092990976,0.0027758501040943792,0.014788732394366197,0.0014084507042253522,1.0,0.09523809523809523,0.8730023948323833,0.575908237586699,0.7068129214234309,0.011409380930678972,,,,,,,0.21055608706887052,0.16929091188898432,0.2861028003321774,0.005911483648641385,,,,,,,0.01614992796827469,0.00754637310029832,0.011824226293029483,0.0002726934639339113,
medium,ewc,military_aircraft,stage_1,medium:ewc:military_aircraft:stage_1,44,experiments/suites/thesis_l40_main/extend/model_medium/seed_44/ewc/military_aircraft/stage_1,0.08863398065972085,0.004907371782669403,0.05274269934509553,0.002862964219526088,0.9172290603580396,0.08994476821394955,0.4798945284363936,0.3178523473497696,0.35613100308078677,0.005450537361629755,0.028868841082581538,0.0030534351145038168,0.014647887323943662,0.0015492957746478873,0.9904761904761905,0.10476190476190476,0.8463139406905604,0.5420130422102252,0.6289914050938852,0.011919434111055853,,,,,,,0.11478082885699392,0.046873463861482056,0.0581519083228349,0.006464732250110137,,,,,,,0.034915496707161875,0.005612319843545266,-0.00976297164733192,-0.002981813417631864,
medium,ewc,military_aircraft,stage_2,medium:ewc:military_aircraft:stage_2,42,experiments/suites/thesis_l40_main/extend/model_medium/seed_42/ewc/military_aircraft/stage_2,0.11352572219149204,0.009713665939322763,0.06628637378625184,0.005692818445844988,0.9479608553142848,0.06793945595740648,0.5479377187130917,0.37228057340865367,0.42660541735205254,0.00851064772410857,0.029146426092990976,0.0016655100624566274,0.014788732394366197,0.0008450704225352113,1.0,0.05714285714285714,0.7935387573713836,0.49198034299211946,0.5388845621958334,0.01035076584581535,,,,,,,0.003155581095490523,-0.011979342997380238,-0.05064192306824333,-8.74028209913065e-05,,,,,,,-0.01425443524601877,-0.0112665788675691,-0.00933953424262729,0.0005664372662120849,
medium,ewc,military_aircraft,stage_2,medium:ewc:military_aircraft:stage_2,43,experiments/suites/thesis_l40_main/extend/model_medium/seed_43/ewc/military_aircraft/stage_2,0.07520272310318922,0.005545325084389538,0.04388798175051334,0.0031699355610286498,0.9103907666074648,0.08871592210960368,0.46303276095991164,0.31359662511208714,0.3658648078709606,0.009756413268329026,0.028868841082581538,0.0027758501040943792,0.014647887323943662,0.0014084507042253522,0.9904761904761905,0.09523809523809523,0.859408551852261,0.5694363791931798,0.7079026306729406,0.009393849735539153,,,,,,,-0.01359384298012234,-0.006471858393519159,0.001089709249509685,-0.0020155311951398185,,,,,,,-0.007369291758409169,-0.006848074067568322,-0.01006849956948458,-0.0007792986302251198,
medium,ewc,military_aircraft,stage_2,medium:ewc:military_aircraft:stage_2,44,experiments/suites/thesis_l40_main/extend/model_medium/seed_44/ewc/military_aircraft/stage_2,0.08617322504192217,0.006576737566806129,0.05011696021579192,0.003827949067042031,0.9439501178162187,0.08792938185501993,0.4751703738461352,0.31626068596658347,0.3613145056850793,0.004267234640717916,0.028868841082581538,0.0027758501040943792,0.014647887323943662,0.0014084507042253522,0.9904761904761905,0.09523809523809523,0.8344494116068936,0.5332474089952786,0.6411919155610956,0.009173590176998186,,,,,,,-0.011864529083666864,-0.008765633214946611,0.01220051046721038,-0.0027458439340576676,,,,,,,-0.004724154590258378,-0.001591661383186116,0.005183502604292511,-0.0011833027209118387,
medium,ewc,military_helicopter,stage_1,medium:ewc:military_helicopter:stage_1,42,experiments/suites/thesis_l40_main/extend/model_medium/seed_42/ewc/military_helicopter/stage_1,0.12484426575786371,0.008692580413733863,0.07251848856821615,0.0049946385953793535,0.9214661623619639,0.06974588955781517,0.5119105184895083,0.34065163612816524,0.3857875729751574,0.0055735899980976465,0.024821088866745177,0.001811758311441254,0.012568807339449541,0.0009174311926605505,0.9856115107913669,0.07194244604316546,0.8467634882822072,0.468531787816008,0.4903496746928316,0.007037187876889209,,,,,,,0.08371230455540113,-0.0024211694760126745,-0.04153810490983961,-0.005000376188263652,,,,,,,0.03837961177769639,0.019209821594744714,0.0169747051203491,0.0005539712201529691,
medium,ewc,military_helicopter,stage_1,medium:ewc:military_helicopter:stage_1,43,experiments/suites/thesis_l40_main/extend/model_medium/seed_43/ewc/military_helicopter/stage_1,0.12617985897180953,0.011419776094355611,0.07772190475625744,0.006902222172414566,0.8111089371074534,0.09192383093045396,0.4434595854675489,0.30430929003190954,0.3457683449654751,0.013645699084993107,0.02463991303560105,0.000905879155720627,0.012477064220183486,0.00045871559633027525,0.9784172661870504,0.03597122302158273,0.8179022121535416,0.4771797293929042,0.47859013823900887,0.000979853298278178,,,,,,,0.016806758152028922,-0.0013969344227347524,-0.08155522035100937,-0.001287452957819586,,,,,,,-0.010792539282497238,-0.008589036047447596,-0.018340736181940598,0.0033826806503728726,
medium,ewc,military_helicopter,stage_1,medium:ewc:military_helicopter:stage_1,44,experiments/suites/thesis_l40_main/extend/model_medium/seed_44/ewc/military_helicopter/stage_1,0.0943393976149024,0.008364844871371404,0.061522840483926915,0.005427307575316599,0.857111292834896,0.0802968610375755,0.44188116110437053,0.3117612614001648,0.35762757963062386,0.011173093722295855,0.0250022646978893,0.001449406649153003,0.012660550458715596,0.0007339449541284404,0.9928057553956835,0.05755395683453238,0.878523477823124,0.5193944680614937,0.5665190414948299,0.003468854077357903,,,,,,,0.13607613623971238,0.07989362954569101,0.06842692167616465,0.002662728853892508,,,,,,,-0.0030978706248611654,-0.00047876610605951386,-0.008266395097494827,0.0027407429430342366,
medium,ewc,military_helicopter,stage_2,medium:ewc:military_helicopter:stage_2,42,experiments/suites/thesis_l40_main/extend/model_medium/seed_42/ewc/military_helicopter/stage_2,0.0961269791900286,0.005900937578932221,0.053234073089173745,0.0032254724877582553,0.9456801645555014,0.08002207522249755,0.5224175076911617,0.34686595000934556,0.3901822739534527,0.007910136260804524,0.0250022646978893,0.0012682308180088776,0.012660550458715596,0.0006422018348623853,0.9928057553956835,0.050359712230215826,0.8858055148053583,0.49404142630002035,0.5285494062361363,0.004092632871769438,,,,,,,0.03904202652315114,0.02550963848401233,0.03819973154330475,-0.0029445550051197715,,,,,,,0.010506989201653383,0.006214313881180322,0.004394700978295252,0.002336546262706877,
medium,ewc,military_helicopter,stage_2,medium:ewc:military_helicopter:stage_2,43,experiments/suites/thesis_l40_main/extend/model_medium/seed_43/ewc/military_helicopter/stage_2,0.10781836384912229,0.00865407388914385,0.06415687706858109,0.0049931407802041505,0.878099781277882,0.08630072786683224,0.42613682349997345,0.27673930961678056,0.30665237826800856,0.00830911936799524,0.024458737204456925,0.0010870549868647525,0.012385321100917432,0.0005504587155963303,0.9712230215827338,0.04316546762589928,0.83500170826732,0.46798322714999463,0.4137849611274045,0.005380550998205944,,,,,,,0.017099496113778367,-0.009196502242909577,-0.06480517711160438,0.004400697699927765,,,,,,,-0.01732276196757543,-0.02756998041512898,-0.03911596669746653,-0.005336579716997867,
medium,ewc,military_helicopter,stage_2,medium:ewc:military_helicopter:stage_2,44,experiments/suites/thesis_l40_main/extend/model_medium/seed_44/ewc/military_helicopter/stage_2,0.08960669714894876,0.008036660673936812,0.05743070572311543,0.005022907370722474,0.8400096654780745,0.06678344849988349,0.4315577278855988,0.29397059919604906,0.3340578664332457,0.005261771990477106,0.0250022646978893,0.000905879155720627,0.012660550458715596,0.00045871559633027525,0.9928057553956835,0.03597122302158273,0.8290841042923656,0.4648501619566317,0.47889028260210975,0.00034591144832176975,,,,,,,-0.049439373530758446,-0.054544306104861995,-0.08762875889272015,-0.003122942629036133,,,,,,,-0.010323433218771716,-0.017790662204115737,-0.02356971319737816,-0.0059113217318187495,
medium,ewc,military_tank,stage_1,medium:ewc:military_tank:stage_1,42,experiments/suites/thesis_l40_main/extend/model_medium/seed_42/ewc/military_tank/stage_1,0.08150227973495644,0.00873411342656332,0.04463161318806075,0.004799469067734585,0.9332371686666819,0.10774427284770023,0.5043037872401945,0.3490579384909915,0.40125839031040256,0.008743310109806982,0.029469199360908926,0.002662879460323096,0.014954954954954955,0.0013513513513513514,1.0,0.09036144578313253,0.9033411274423364,0.6036677237428357,0.6642808202246725,0.007104963364819098,,,,,,,0.25698024923428764,0.2129915567716742,0.2748422429958926,0.006799441698659047,,,,,,,0.030772880528382618,0.02761612395757096,0.03244552245559423,0.0037236913318623045,
medium,ewc,military_tank,stage_1,medium:ewc:military_tank:stage_1,43,experiments/suites/thesis_l40_main/extend/model_medium/seed_43/ewc/military_tank/stage_1,0.09370558459996026,0.006656930936800307,0.052368189746397065,0.003745564074218163,0.9594892316322988,0.06990250556161286,0.4847010655105672,0.3225329612305455,0.36400809316676846,0.005459135623173908,0.029469199360908926,0.0028404047576779693,0.014954954954954955,0.0014414414414414415,1.0,0.0963855421686747,0.9163427780781197,0.6132951160471414,0.6988504676574309,0.00901075468148345,,,,,,,0.2680358007526791,0.18219074041828331,0.22192520350219702,0.0009319361370842202,,,,,,,0.03044894076052107,0.009634635151188342,-0.00010098798064722692,-0.004803882811446327,
medium,ewc,military_tank,stage_1,medium:ewc:military_tank:stage_1,44,experiments/suites/thesis_l40_main/extend/model_medium/seed_44/ewc/military_tank/stage_1,0.0606516623306626,0.003255445204843003,0.03169528889241545,0.0016877156018367092,0.9623255780662641,0.07133759173585409,0.461498146900932,0.3151771794017846,0.36887356848187863,0.010589900668294086,0.029469199360908926,0.002485354162968223,0.014954954954954955,0.0012612612612612612,1.0,0.08433734939759036,0.9078315635530916,0.6115517039980933,0.7253451624094487,0.005150796603075716,,,,,,,0.23280555109427115,0.1613493169919874,0.22812190343904376,0.002028158601261737,,,,,,,0.016519115171700294,0.002937151895560264,0.002979593753759946,0.0021575498890324674,
medium,ewc,military_tank,stage_2,medium:ewc:military_tank:stage_2,42,experiments/suites/thesis_l40_main/extend/model_medium/seed_42/ewc/military_tank/stage_2,0.08457736677555706,0.007624706056188996,0.04801561818148472,0.004342764343578112,0.8923555882167561,0.0789353772982545,0.4982293731789986,0.33814315386415433,0.3896854102975049,0.006567284636977747,0.029291674063554058,0.0019527782709036037,0.014864864864864866,0.000990990990990991,0.9939759036144579,0.06626506024096386,0.904403115857013,0.5953200003238084,0.685913280377705,0.005424942843622134,,,,,,,0.00106198841467664,-0.008347723419027342,0.02163246015303255,-0.001680020521196964,,,,,,,-0.00607441406119591,-0.010914784626837148,-0.011572980012897638,-0.002176025472829235,
medium,ewc,military_tank,stage_2,medium:ewc:military_tank:stage_2,43,experiments/suites/thesis_l40_main/extend/model_medium/seed_43/ewc/military_tank/stage_2,0.08274666502533859,0.00789864526668795,0.04568778930316553,0.004385310359587207,0.9530613093541319,0.10010894739082826,0.453694069478767,0.30341450455916297,0.348636660471938,0.010266992037030478,0.029469199360908926,0.0030179300550328423,0.014954954954954955,0.0015315315315315315,1.0,0.10240963855421686,0.8962487702689995,0.6105569277829916,0.726126002770637,0.007709201927058048,,,,,,,-0.020094007809120185,-0.0027381882641497324,0.02727553511320613,-0.0013015527544254024,,,,,,,-0.031006996031800182,-0.01911845667138251,-0.015371432694830489,0.004807856413856571,
medium,ewc,military_tank,stage_2,medium:ewc:military_tank:stage_2,44,experiments/suites/thesis_l40_main/extend/model_medium/seed_44/ewc/military_tank/stage_2,0.054164807419817586,0.003621850938897622,0.028217133288268234,0.0018843770430006983,0.9646419300885264,0.07382095171062829,0.45211046370441915,0.30912842967287685,0.3600570950986057,0.007821249569488244,0.029469199360908926,0.0019527782709036037,0.014954954954954955,0.000990990990990991,1.0,0.06626506024096386,0.9324930995532577,0.6283456176734521,0.735456764565852,0.0071410074868425225,,,,,,,0.024661536000166073,0.016793913675358763,0.010111602156403277,0.0019902108837668063,,,,,,,-0.009387683196512842,-0.006048749728907732,-0.00881647338327296,-0.0027686510988058424,
medium,finetuning,military_aircraft,stage_1,medium:finetuning:military_aircraft:stage_1,42,experiments/suites/thesis_l40_main/extend/model_medium/seed_42/finetuning/military_aircraft/stage_1,0.15015992520734864,0.011602261938363658,0.10082423242376874,0.007823514799901619,0.7593550619433707,0.07298622389438642,0.379534246583185,0.25464376175732006,0.2927420308766398,0.009786628753344752,0.029146426092990976,0.0016655100624566274,0.014788732394366197,0.0008450704225352113,1.0,0.05714285714285714,0.7893055522160198,0.488590926519917,0.581793877404826,0.0031923791007338626,,,,,,,0.33203958841117814,0.22023136856310982,0.29954765837767305,-0.0007109674272724126,,,,,,,0.017202285792872418,0.007293214010746146,0.007470557653014853,0.0021431162043640825,
medium,finetuning,military_aircraft,stage_1,medium:finetuning:military_aircraft:stage_1,43,experiments/suites/thesis_l40_main/extend/model_medium/seed_43/finetuning/military_aircraft/stage_1,0.02600441933252967,0.002634915684231843,0.016252163750521242,0.002277933551096388,0.6540510487228474,0.05696734891552572,0.3375232610321228,0.22338214478446217,0.2601294465044765,0.0041580630549517055,0.029146426092990976,0.0019430950728660651,0.014788732394366197,0.0009859154929577464,1.0,0.06666666666666667,0.8498554870632813,0.543596022838749,0.6522708465173627,0.00496179867429681,,,,,,,0.34618219487321655,0.23461172736711072,0.33551361145918274,-0.010823553342485474,,,,,,,0.00584224826258134,-0.007654664185769988,-0.005505515921118809,-0.0027910948086103124,
medium,finetuning,military_aircraft,stage_1,medium:finetuning:military_aircraft:stage_1,44,experiments/suites/thesis_l40_main/extend/model_medium/seed_44/finetuning/military_aircraft/stage_1,0.09124489341180884,0.0018549795117337438,0.06294811136303667,0.001003661316360766,0.7941044175341615,0.032818789815510306,0.3809833910934579,0.24770625096283252,0.2822792316651009,0.0022269773217803847,0.029146426092990976,0.0008327550312283137,0.014788732394366197,0.00042253521126760566,1.0,0.02857142857142857,0.7805665916361294,0.4884172115255091,0.5740241198742588,0.0011824517619621073,,,,,,,0.13670711386823442,0.06016829011620978,0.053719288018824196,-0.0013321032325573083,,,,,,,0.029236973240882314,0.009345789819552613,0.010198254984663535,-0.007400030556079072,
medium,finetuning,military_aircraft,stage_2,medium:finetuning:military_aircraft:stage_2,42,experiments/suites/thesis_l40_main/extend/model_medium/seed_42/finetuning/military_aircraft/stage_2,0.12748463958976708,0.005509053565343833,0.08144611718731541,0.0035424927840598404,0.8114459136744164,0.038263610814609335,0.38746993908951405,0.2661310050184483,0.31610411832699153,0.004617602517649053,0.029146426092990976,0.0013879250520471896,0.014788732394366197,0.0007042253521126761,1.0,0.047619047619047616,0.7912816349632076,0.5028710000295599,0.5869729363651552,0.015115012788890709,,,,,,,0.0019760827471877462,0.014280073509642888,0.005179058960329219,0.011922633688156846,,,,,,,0.007935692506329028,0.01148724326112821,0.02336208745035173,-0.005169026235695698,
medium,finetuning,military_aircraft,stage_2,medium:finetuning:military_aircraft:stage_2,43,experiments/suites/thesis_l40_main/extend/model_medium/seed_43/finetuning/military_aircraft/stage_2,0.03527730200905112,0.004410528833184482,0.029002470945565184,0.003184743417151995,0.6773955974632383,0.05076945393619201,0.34228952494258236,0.22578041183740064,0.2647202748569198,0.004180717465610822,0.029146426092990976,0.0013879250520471896,0.014788732394366197,0.0007042253521126761,1.0,0.047619047619047616,0.8328864260132864,0.5353192609320854,0.6436988053430934,0.0016382621868744251,,,,,,,-0.01696906104999485,-0.008276761906663599,-0.00857204117426924,-0.0033235364874223848,,,,,,,0.004766263910459534,0.0023982670529384686,0.004590828352443288,2.265441065911651e-05,
medium,finetuning,military_aircraft,stage_2,medium:finetuning:military_aircraft:stage_2,44,experiments/suites/thesis_l40_main/extend/model_medium/seed_44/finetuning/military_aircraft/stage_2,0.0794238769655716,0.0028866536410183975,0.051919976985843545,0.001645269899579663,0.7929096982275251,0.040493599654753264,0.37491786608193306,0.24019470416172098,0.27516119055151167,0.004253569705438036,0.028868841082581538,0.0011103400416377516,0.014647887323943662,0.0005633802816901409,0.9904761904761905,0.0380952380952381,0.796325112632691,0.5005804810795379,0.5944057828247521,0.0036840893391664746,,,,,,,0.01575852099656161,0.0121632695540288,0.020381662950493262,0.0025016375772043673,,,,,,,-0.006065525011524853,-0.007511546801111546,-0.007118041113589213,0.002026592383657651,
medium,finetuning,military_helicopter,stage_1,medium:finetuning:military_helicopter:stage_1,42,experiments/suites/thesis_l40_main/extend/model_medium/seed_42/finetuning/military_helicopter/stage_1,0.061916213235205304,0.0022776805952215624,0.07849177518273341,0.0017998599758944113,0.6231343276637976,0.02070950999302241,0.3343692680847421,0.21907794182966356,0.25227014259686026,0.0023305815613902307,0.0250022646978893,0.000905879155720627,0.012660550458715596,0.00045871559633027525,0.9928057553956835,0.03597122302158273,0.8428631007947411,0.45399568375871296,0.47491983180146313,0.0031856126789149507,,,,,,,-0.07903998651420463,-0.10554645536760515,-0.1439440231061383,0.00016050069138168633,,,,,,,-0.027962692705570502,-0.02827260591691036,-0.03300133062676469,-0.005312930987590439,
medium,finetuning,military_helicopter,stage_1,medium:finetuning:military_helicopter:stage_1,43,experiments/suites/thesis_l40_main/extend/model_medium/seed_43/finetuning/military_helicopter/stage_1,0.0701262914845725,0.0071722531992662875,0.06741930691636737,0.006904733566774879,0.550955642186347,0.052971654469873376,0.33656868216896435,0.23441863043662417,0.270744838249205,0.004998546491622563,0.024096385542168672,0.0016305824802971285,0.012201834862385321,0.0008256880733944954,0.9568345323741008,0.06474820143884892,0.8801078669675043,0.5264766085257442,0.5860381346341722,0.0029670025137235154,,,,,,,0.08657092788341947,0.04489281928922351,0.04714725504978601,0.0010421040903290024,,,,,,,0.004887669399422867,0.0033818214663920154,0.005109875823609666,-0.0019506113719394546,
medium,finetuning,military_helicopter,stage_1,medium:finetuning:military_helicopter:stage_1,44,experiments/suites/thesis_l40_main/extend/model_medium/seed_44/finetuning/military_helicopter/stage_1,0.11935104094024834,0.007306694345746157,0.17845388700376588,0.03236339761622912,0.6267048800511063,0.04224299501477763,0.3845484853132202,0.2600987545104109,0.306344042139488,0.005696680538166102,0.024821088866745177,0.0012682308180088776,0.012568807339449541,0.0006422018348623853,0.9856115107913669,0.050359712230215826,0.8831883745118481,0.4912388738814646,0.5412791511615086,0.0029645411519648246,,,,,,,0.054034744649407274,-0.0011500944018316694,-0.010530085850770754,0.0003715759293205466,,,,,,,0.032802067460644624,0.021738293367131012,0.03426306545905067,-0.003930327339693355,
medium,finetuning,military_helicopter,stage_2,medium:finetuning:military_helicopter:stage_2,42,experiments/suites/thesis_l40_main/extend/model_medium/seed_42/finetuning/military_helicopter/stage_2,0.05907354710933383,0.0037983302061047448,0.1261652295104379,0.00873202027168333,0.6552660017350479,0.0458988038885725,0.33458575059846346,0.22451715170444966,0.24348191395805743,0.008690874756787936,0.0250022646978893,0.0010870549868647525,0.012660550458715596,0.0005504587155963303,0.9928057553956835,0.04316546762589928,0.8906604027953609,0.4926381328010206,0.46973599982948755,0.0028021670091537454,,,,,,,0.04779730200061971,0.038642449042307625,-0.005183831971975583,-0.0003834456697612053,,,,,,,0.00021648251372136107,0.005439209874786105,-0.008788228638802825,0.0063602931953977045,
medium,finetuning,military_helicopter,stage_2,medium:finetuning:military_helicopter:stage_2,43,experiments/suites/thesis_l40_main/extend/model_medium/seed_43/finetuning/military_helicopter/stage_2,0.0692069251956129,0.004533641319266886,0.1557184111489899,0.004027899699824445,0.5544192423103752,0.02651522652570358,0.3237752388202682,0.22272485998672278,0.25464582252016466,0.0009559437664918643,0.024458737204456925,0.00036235166228825073,0.012385321100917432,0.0001834862385321101,0.9712230215827338,0.014388489208633094,0.8817832998870767,0.5127031255877871,0.5137716661808447,0.0004235154309216834,,,,,,,0.001675432919572395,-0.013773482937957104,-0.07226646845332751,-0.002543487082801832,,,,,,,-0.012793443348696143,-0.011693770449901386,-0.016099015729040322,-0.004042602725130699,
medium,finetuning,military_helicopter,stage_2,medium:finetuning:military_helicopter:stage_2,44,experiments/suites/thesis_l40_main/extend/model_medium/seed_44/finetuning/military_helicopter/stage_2,0.1243282208127628,0.010278884781823776,0.16707233527443935,0.023059321931951385,0.6115609146130511,0.021895658817196767,0.372746114416832,0.24604232319399078,0.29030976641056244,0.0050305372834084,0.024821088866745177,0.000905879155720627,0.012568807339449541,0.00045871559633027525,0.9856115107913669,0.03597122302158273,0.8093577999742598,0.45345347403538244,0.49076981171294154,0.012209418984922643,,,,,,,-0.07383057453758823,-0.037785399846082146,-0.05050933944856706,0.00924487783295782,,,,,,,-0.011802370896388248,-0.014056431316420148,-0.016034275728925573,-0.000666143254757702,
medium,finetuning,military_tank,stage_1,medium:finetuning:military_tank:stage_1,42,experiments/suites/thesis_l40_main/extend/model_medium/seed_42/finetuning/military_tank/stage_1,0.10195981862406157,0.004392485625368475,0.057169653101038435,0.0024251759102281393,0.9532041463027884,0.056135249366246386,0.4643376325589263,0.29987411783117557,0.3365727201044782,0.006804724020014596,0.029291674063554058,0.0015977276761938576,0.014864864864864866,0.0008108108108108108,0.9939759036144579,0.05421686746987952,0.8680085804425436,0.5680915582139695,0.6416068294142424,0.006507838064033668,,,,,,,0.13187984724047197,0.14499783957830004,0.2065228243776439,0.006289743368595802,,,,,,,0.10200567176861369,0.05252357008460165,0.051301246880853246,-0.0008387885289660732,
medium,finetuning,military_tank,stage_1,medium:finetuning:military_tank:stage_1,43,experiments/suites/thesis_l40_main/extend/model_medium/seed_43/finetuning/military_tank/stage_1,0.08196899064276085,0.005154865323352233,0.07701392344932616,0.003705511094232226,0.7320713224086246,0.0488225204986642,0.3842893793122575,0.25605296069166733,0.305105579717909,0.0032228741492447495,0.029469199360908926,0.0010651517841292384,0.014954954954954955,0.0005405405405405405,1.0,0.03614457831325301,0.8821622801558405,0.5642859459381017,0.6364167814915929,0.0007301954393455608,,,,,,,0.41889506171209934,0.29214146350979453,0.3626450288989904,-0.002008294368389473,,,,,,,0.052608366542716,0.025016151721435176,0.039470617292313714,-0.0037262837143172685,
medium,finetuning,military_tank,stage_1,medium:finetuning:military_tank:stage_1,44,experiments/suites/thesis_l40_main/extend/model_medium/seed_44/finetuning/military_tank/stage_1,0.08891188765869791,0.004864525043094619,0.04888933745129084,0.002701693704644109,0.932485952944428,0.05579457176109837,0.44973098130639094,0.29333822997199377,0.3324620583457161,0.005633594667434161,0.029291674063554058,0.0014202023788389847,0.014864864864864866,0.0007207207207207207,0.9939759036144579,0.04819277108433735,0.7830057729040208,0.48869912656751613,0.5493606775450153,0.003276497851537382,,,,,,,0.052540726489557876,0.06300418414585068,0.10647103718063616,-0.0028624387634805775,,,,,,,0.09798456345381534,0.05497776882871386,0.06038108166527878,-0.003993413210425296,
medium,finetuning,military_tank,stage_2,medium:finetuning:military_tank:stage_2,42,experiments/suites/thesis_l40_main/extend/model_medium/seed_42/finetuning/military_tank/stage_2,0.13990815550361183,0.005847196285040337,0.08529768046405457,0.003430035721702765,0.8859298868909505,0.053380981644003234,0.4665855656754378,0.2914219752469623,0.3172451822845961,0.006330770907526402,0.029291674063554058,0.0008876264867743654,0.014864864864864866,0.00045045045045045046,0.9939759036144579,0.030120481927710843,0.8549369637298612,0.5294681567933952,0.5481080432847732,0.002477555447852477,,,,,,,-0.013071616712682421,-0.0386234014205743,-0.09349878612946916,-0.004030282616181191,,,,,,,0.0022479331165115024,-0.008452142584213285,-0.019327537819882112,-0.00047395311248819415,
medium,finetuning,military_tank,stage_2,medium:finetuning:military_tank:stage_2,43,experiments/suites/thesis_l40_main/extend/model_medium/seed_43/finetuning/military_tank/stage_2,0.068128147261233,0.00439977380437757,0.04569984092326168,0.003054512018396222,0.7353121182682214,0.03626337663529947,0.3615983139215922,0.2349238144585466,0.2807108116513264,0.0015629438226644435,0.029291674063554058,0.0010651517841292384,0.014864864864864866,0.0005405405405405405,0.9939759036144579,0.03614457831325301,0.8644756336307202,0.5503965461334014,0.6474797710755607,0.0008130912147868108,,,,,,,-0.01768664652512031,-0.013889399804700275,0.011062989583967786,8.289577544124999e-05,,,,,,,-0.022691065390665288,-0.021129146233120732,-0.02439476806658264,-0.001659930326580306,
medium,finetuning,military_tank,stage_2,medium:finetuning:military_tank:stage_2,44,experiments/suites/thesis_l40_main/extend/model_medium/seed_44/finetuning/military_tank/stage_2,0.09171079249222637,0.0062925415782568,0.05094189774139846,0.003554944426355473,0.9429504018008634,0.044779044396971966,0.4708550710134793,0.30998866592183894,0.3606526492630738,0.003046354133343573,0.029291674063554058,0.0008876264867743654,0.014864864864864866,0.00045045045045045046,0.9939759036144579,0.030120481927710843,0.8710457016505869,0.543493458845032,0.6152200901939527,0.002511185782825107,,,,,,,0.08803992874656608,0.054794332277515845,0.06585941264893747,-0.0007653120687122752,,,,,,,0.021124089707088345,0.016650435949845166,0.02819059091735765,-0.0025872405340905884,
medium,replay,military_aircraft,stage_1,medium:replay:military_aircraft:stage_1,42,experiments/suites/thesis_l40_main/extend/model_medium/seed_42/replay/military_aircraft/stage_1,0.10005812309837099,0.009262625839890976,0.0564258049899729,0.0050748814559687,0.965242486390629,0.13636828169367926,0.763827113586737,0.5550286199410799,0.6422829813351262,0.05192811517037584,0.02831367106176266,0.005829285218598196,0.01436619718309859,0.0029577464788732395,0.9714285714285714,0.2,0.8013456308289639,0.5829943134092959,0.6641002410676742,0.11850621351592999,,,,,,,0.09711243093132649,0.09252616973465944,0.08298817956355797,0.11064669212131593,,,,,,,0.007324983128243812,0.00986438122748512,-0.008266399655423862,0.030389338358360867,
medium,replay,military_aircraft,stage_1,medium:replay:military_aircraft:stage_1,43,experiments/suites/thesis_l40_main/extend/model_medium/seed_43/replay/military_aircraft/stage_1,0.14622677324492914,0.01605684021248189,0.08364208033297334,0.009181763999392053,0.9572893947595523,0.12247800521285218,0.7430050780353653,0.544975020482092,0.6433431842015872,0.0228743700093104,0.028868841082581538,0.0033310201249132547,0.014647887323943662,0.0016901408450704226,0.9904761904761905,0.11428571428571428,0.8931292547028583,0.6219515528196634,0.7408889062052559,0.009996242534458688,,,,,,,0.08901231954723032,0.06943349264569987,0.11064161902558167,0.0016313485951617197,,,,,,,0.03491492470486901,0.0237525864791176,0.027116984416423406,0.007119574009375497,
medium,replay,military_aircraft,stage_1,medium:replay:military_aircraft:stage_1,44,experiments/suites/thesis_l40_main/extend/model_medium/seed_44/replay/military_aircraft/stage_1,0.09718756279264511,0.009312620602207793,0.05369947782714926,0.005061950532722605,0.9686574564328372,0.14604871902065908,0.720700703580798,0.5179800772352718,0.5829060456964307,0.04449055452651742,0.028868841082581538,0.0030534351145038168,0.014647887323943662,0.0015492957746478873,0.9904761904761905,0.10476190476190476,0.6825490073220911,0.41481861705741174,0.4226360016504105,0.020417759765702266,,,,,,,0.18150978841468768,0.09781468108353514,0.10353468068004923,0.004939769083142831,,,,,,,0.030011406362719928,0.018176785746785606,0.020347525626535412,-0.005818614227956792,
medium,replay,military_aircraft,stage_2,medium:replay:military_aircraft:stage_2,42,experiments/suites/thesis_l40_main/extend/model_medium/seed_42/replay/military_aircraft/stage_2,0.095619353825825,0.010276690341961625,0.053414903138903874,0.005670188668137663,0.9636551848033275,0.1408359261271577,0.7553949077741061,0.5446908550288605,0.6322267036966035,0.04958732629278786,0.027758501040943788,0.0055517002081887585,0.014084507042253521,0.0028169014084507044,0.9523809523809523,0.19047619047619047,0.7971819727595058,0.5767418802368379,0.6637097168272194,0.10524642485506855,,,,,,,-0.004163658069458176,-0.0062524331724579385,-0.0003905242404548259,-0.013259788660861443,,,,,,,-0.008432205812630933,-0.010337764912219383,-0.010056277638522682,-0.002340788877587985,
medium,replay,military_aircraft,stage_2,medium:replay:military_aircraft:stage_2,43,experiments/suites/thesis_l40_main/extend/model_medium/seed_43/replay/military_aircraft/stage_2,0.07755618198449127,0.00907243972107797,0.04132194544490987,0.004829755527493174,0.9714291182579705,0.11855196949969192,0.7474046390873686,0.5497969058190985,0.632270790306921,0.02494092802546785,0.029146426092990976,0.0033310201249132547,0.014788732394366197,0.0016901408450704226,1.0,0.11428571428571428,0.9014992404344135,0.6377679831802695,0.7158024712534302,0.02268379612016415,,,,,,,0.00836998573155523,0.015816430360606093,-0.02508643495182572,0.01268755358570546,,,,,,,0.004399561052003342,0.0048218853370064485,-0.011072393894666188,0.00206655801615745,
medium,replay,military_aircraft,stage_2,medium:replay:military_aircraft:stage_2,44,experiments/suites/thesis_l40_main/extend/model_medium/seed_44/replay/military_aircraft/stage_2,0.053715319329568224,0.00554163665536161,0.028186158972510995,0.0028847934581046914,0.9732075464216968,0.133775347894984,0.7336472260461502,0.5247580326303583,0.6006062120268368,0.040152343016003574,0.028591256072172104,0.0022206800832755033,0.014507042253521127,0.0011267605633802818,0.9809523809523809,0.0761904761904762,0.7329791526249114,0.4572521001132558,0.487973554300806,0.015362680558547974,,,,,,,0.050430145302820306,0.042433483055844046,0.06533755265039554,-0.0050550792071542925,,,,,,,0.012946522465352217,0.00677795539508641,0.017700166330406164,-0.004338211510513848,
medium,replay,military_helicopter,stage_1,medium:replay:military_helicopter:stage_1,42,experiments/suites/thesis_l40_main/extend/model_medium/seed_42/replay/military_helicopter/stage_1,0.10083907285999466,0.00952500609852058,0.05594135852982227,0.005203037482264638,0.9649521241889069,0.12065383979579743,0.768344255876114,0.5456839819082734,0.6310739504028594,0.033024287032076646,0.0250022646978893,0.00235528580487363,0.012660550458715596,0.0011926605504587156,0.9928057553956835,0.09352517985611511,0.9152079556863565,0.6092070399530956,0.6967077395674994,0.013512438200341773,,,,,,,-0.027454253922949423,-0.045261425275203826,-0.1318000729030394,0.008658113729966891,,,,,,,0.011842125417620752,0.0005197431946786235,-0.019475430587690634,0.011485510220061671,
medium,replay,military_helicopter,stage_1,medium:replay:military_helicopter:stage_1,43,experiments/suites/thesis_l40_main/extend/model_medium/seed_43/replay/military_helicopter/stage_1,0.13298648891129694,0.015626578182761874,0.07471602786125954,0.008720959515524826,0.9553138323523352,0.12190798939134102,0.7398863062899425,0.5396205808428288,0.632753402620614,0.028558342588317423,0.024458737204456925,0.004891747440891385,0.012385321100917432,0.002477064220183486,0.9712230215827338,0.19424460431654678,0.9037091947596165,0.6681622216597435,0.7766868730926427,0.05339653391736327,,,,,,,0.007187809295251868,0.0008505185236376001,-0.03381029465505336,0.035690012568630004,,,,,,,0.031796152959446156,0.018398146839854412,0.016527202835450172,0.012803546588382519,
medium,replay,military_helicopter,stage_1,medium:replay:military_helicopter:stage_1,44,experiments/suites/thesis_l40_main/extend/model_medium/seed_44/replay/military_helicopter/stage_1,0.042836536303242856,0.004337618989174243,0.022286877354290264,0.0022389411874341215,0.9680600539693742,0.12969374273116227,0.689467273423285,0.49517749351007606,0.565826879011775,0.03132962162685355,0.0250022646978893,0.0025364616360177552,0.012660550458715596,0.0012844036697247706,0.9928057553956835,0.10071942446043165,0.883077775528078,0.5785340262122473,0.6410423465958593,0.013241900686742731,,,,,,,-0.005514315520445567,-0.016050494988683384,-0.029306916580860376,-0.0055619208047879235,,,,,,,-0.0012220237947930812,-0.004625797978410173,0.003268358941879712,-0.018979547127620663,
medium,replay,military_helicopter,stage_2,medium:replay:military_helicopter:stage_2,42,experiments/suites/thesis_l40_main/extend/model_medium/seed_42/replay/military_helicopter/stage_2,0.07348016548683124,0.005980750601621492,0.040168189849670674,0.0031819804733824006,0.9646592008675844,0.1234228081066902,0.7577519183273252,0.5380171122887973,0.6171452536334074,0.04477654247227147,0.0250022646978893,0.001992934142585379,0.012660550458715596,0.0010091743119266055,0.9928057553956835,0.07913669064748201,0.9013614678699291,0.5923329299150681,0.6771836847355032,0.011354369081767991,,,,,,,-0.013846487816427389,-0.016874110038027412,-0.019524054831996263,-0.0021580691185737813,,,,,,,-0.010592337548788744,-0.007666869619476047,-0.013928696769451965,0.011752255440194821,
medium,replay,military_helicopter,stage_2,medium:replay:military_helicopter:stage_2,43,experiments/suites/thesis_l40_main/extend/model_medium/seed_43/replay/military_helicopter/stage_2,0.07420534945154762,0.007677500952704117,0.0398181765447611,0.004123071354351,0.9613871885290903,0.10514636218504886,0.7389388851250215,0.5180481088038102,0.592670079224874,0.022268560402840008,0.024458737204456925,0.003079989129450131,0.012385321100917432,0.0015596330275229357,0.9712230215827338,0.1223021582733813,0.8971291411867296,0.6280248225138735,0.7400869646762942,0.021869010751244665,,,,,,,-0.006580053572886935,-0.04013739914587,-0.036599908416348526,-0.03152752316611861,,,,,,,-0.0009474211649209696,-0.021572472039018575,-0.040083323395739945,-0.006289782185477415,
medium,replay,military_helicopter,stage_2,medium:replay:military_helicopter:stage_2,44,experiments/suites/thesis_l40_main/extend/model_medium/seed_44/replay/military_helicopter/stage_2,0.058176325472801264,0.006077179344976126,0.030981099250631583,0.0032095571418715983,0.9618750509332522,0.1199322685991487,0.7098944869476065,0.5028875146205877,0.5741667295836953,0.027645517049892956,0.0250022646978893,0.002174109973729505,0.012660550458715596,0.0011009174311926607,0.9928057553956835,0.08633093525179857,0.8642679376165364,0.5579614076792467,0.6101761289935628,0.023904140414041403,,,,,,,-0.01880983791154156,-0.02057261853300052,-0.030866217602296575,0.010662239727298671,,,,,,,0.02042721352432153,0.007710021110511611,0.008339850571920326,-0.0036841045769605944,
medium,replay,military_tank,stage_1,medium:replay:military_tank:stage_1,42,experiments/suites/thesis_l40_main/extend/model_medium/seed_42/replay/military_tank/stage_1,0.08817994219217874,0.008976983536211855,0.048363084437617145,0.004895275352289764,0.9629247691160696,0.1276826365897901,0.7615198361057761,0.5481674658103376,0.6357047608284444,0.03715953747207837,0.029469199360908926,0.0010651517841292384,0.014954954954954955,0.0005405405405405405,1.0,0.03614457831325301,0.8841201968046297,0.5894043380476537,0.6885828789297712,0.0037906647807637904,,,,,,,0.027039578827133037,0.021199323692618788,0.042123517486310824,-0.0034645398158723688,,,,,,,0.005017705647282877,0.003003227096742833,-0.014844620162105637,0.015620760660063394,
medium,replay,military_tank,stage_1,medium:replay:military_tank:stage_1,43,experiments/suites/thesis_l40_main/extend/model_medium/seed_43/replay/military_tank/stage_1,0.11954504750802719,0.015850194055616686,0.06597358279805131,0.008699619198394124,0.9612255180904133,0.13442466441868883,0.7421696397245712,0.5469444007292901,0.6406321401641646,0.04199650388753811,0.029469199360908926,0.0039055565418072073,0.014954954954954955,0.001981981981981982,1.0,0.13253012048192772,0.8330087592498195,0.5852594260672939,0.6778534512141154,0.022862265460070946,,,,,,,0.07524003108797461,0.04515546222938627,0.048715287939988805,0.01537872044021103,,,,,,,0.034079486394074876,0.02572196672631566,0.02440594037900079,0.026241707887603206,
medium,replay,military_tank,stage_1,medium:replay:military_tank:stage_1,44,experiments/suites/thesis_l40_main/extend/model_medium/seed_44/replay/military_tank/stage_1,0.04748802061337107,0.005641696267936408,0.024623870145931065,0.00291075657032463,0.9596650190113944,0.1469688960320446,0.7024432364781757,0.5096024783399792,0.5908426346361072,0.04505500262693879,0.029469199360908926,0.002485354162968223,0.014954954954954955,0.0012612612612612612,1.0,0.08433734939759036,0.8331851050574371,0.5504801142937027,0.58758160710449,0.02250949626578583,,,,,,,-0.007664872601545136,-0.010165745096353151,-0.011167990136765615,0.0073161526690743404,,,,,,,0.011753939260097712,0.009799186851492947,0.028284114566211938,-0.005254166127535424,
medium,replay,military_tank,stage_2,medium:replay:military_tank:stage_2,42,experiments/suites/thesis_l40_main/extend/model_medium/seed_42/replay/military_tank/stage_2,0.07006026158723394,0.00863118439654031,0.03815915127194185,0.004689822249481788,0.9628096853391078,0.12450598124992186,0.7499246297808505,0.5332590094998856,0.6106462927340623,0.04321088441083679,0.028759098171489438,0.0012426770814841115,0.014594594594594595,0.0006306306306306306,0.9759036144578314,0.04216867469879518,0.8514743913250913,0.5577660528758626,0.6193289653794811,0.0061088794132531385,,,,,,,-0.03264580547953844,-0.031638285171791125,-0.06925391355029009,0.002318214632489348,,,,,,,-0.011595206324925611,-0.014908456310452012,-0.025058468094382058,0.006051346938758424,
medium,replay,military_tank,stage_2,medium:replay:military_tank:stage_2,43,experiments/suites/thesis_l40_main/extend/model_medium/seed_43/replay/military_tank/stage_2,0.06958421300223049,0.008111639931016766,0.03703136846527278,0.004328677931038967,0.9735988208251616,0.1155223674489075,0.7267068859957115,0.5260600753049506,0.6116387403860172,0.025256929774695142,0.029469199360908926,0.0035505059470974615,0.014954954954954955,0.0018018018018018018,1.0,0.12048192771084337,0.8155244521459817,0.5727860949716682,0.6784566313365067,0.013928251140152642,,,,,,,-0.01748430710383786,-0.01247333109562565,0.0006031801223912447,-0.008934014319918304,,,,,,,-0.015462753728859635,-0.02088432542433949,-0.02899339977814741,-0.016739574112842968,
medium,replay,military_tank,stage_2,medium:replay:military_tank:stage_2,44,experiments/suites/thesis_l40_main/extend/model_medium/seed_44/replay/military_tank/stage_2,0.05281620048930211,0.006438983602817133,0.02750160978791726,0.0033340011447808523,0.9492979598188174,0.13247576362510013,0.7080242054646114,0.5067314509890366,0.5799487423669925,0.03215229027679817,0.028936623468844312,0.002485354162968223,0.014684684684684684,0.0012612612612612612,0.9819277108433735,0.08433734939759036,0.8502769846175902,0.5583019092039652,0.6011669621821584,0.018411946337457456,,,,,,,0.01709187956015301,0.00782179491026247,0.013585355077668337,-0.004097549928328375,,,,,,,0.005580968986435675,-0.0028710273509425788,-0.010893892269114747,-0.012902712350140622,
nano,det_lora_grow_freeze,military_aircraft,stage_1,nano:det_lora_grow_freeze:military_aircraft:stage_1,42,experiments/suites/thesis_l40_main/extend/model_nano/seed_42/det_lora_grow_freeze/military_aircraft/stage_1,0.07947435042784566,0.006848090381427828,0.04472160410498483,0.0038209573831522914,0.9369574100558425,0.09585911833636467,0.612177424522812,0.40618913035475096,0.46177004839811975,0.01106300090569482,0.02831367106176266,0.0022206800832755033,0.01436619718309859,0.0011267605633802818,0.9714285714285714,0.0761904761904762,0.7381828888060451,0.46119370439758817,0.5429438798491716,0.007687278869592988,0.0,0.0,0.0,0.0,0.0,0.0,-0.04507138730082472,-0.037998077184276224,-0.04208142513535684,0.0008265201159978926,0.046380116780128225,0.003918531588396066,0.027819096002842752,0.0023275842532789943,-0.03974831575154103,-0.0010065489386642118,-0.0013650885296652149,-0.009444033074450908,-0.010281740341513468,-0.0016387985318251034,
nano,det_lora_grow_freeze,military_aircraft,stage_1,nano:det_lora_grow_freeze:military_aircraft:stage_1,43,experiments/suites/thesis_l40_main/extend/model_nano/seed_43/det_lora_grow_freeze/military_aircraft/stage_1,0.043744676903483465,0.004597796889639904,0.02263350753278484,0.0023739475870293543,0.9369226271591325,0.1090488786725539,0.6345504118025386,0.4247353146115021,0.4875562873474952,0.013866290902069431,0.028591256072172104,0.0033310201249132547,0.014507042253521127,0.0016901408450704226,0.9809523809523809,0.11428571428571428,0.8158654120877616,0.513882198400472,0.6208971351329704,0.023125415336889707,-0.00027758501040943406,0.0,-0.00014084507042253468,0.0,-0.009523809523809601,0.0,-0.011290419469270452,-0.0033673494331777354,-0.00027468051934254056,-9.914209044402725e-05,0.010531712368286948,0.0014232120434214146,0.0056625577236585935,0.0007584177706899066,-0.045582373738864757,-0.0026246719160104848,0.040783152926508026,0.018654834174152868,0.022893199072190784,-0.00388692804582425,
nano,det_lora_grow_freeze,military_aircraft,stage_1,nano:det_lora_grow_freeze:military_aircraft:stage_1,44,experiments/suites/thesis_l40_main/extend/model_nano/seed_44/det_lora_grow_freeze/military_aircraft/stage_1,0.04958818834015388,0.004316435380202433,0.02593275122635276,0.0022565256140334978,0.9443342289576315,0.09167516158366973,0.6413666502461013,0.42755772606042,0.48993436846681404,0.01291878087399862,0.02831367106176266,0.0027758501040943792,0.01436619718309859,0.0014084507042253522,0.9714285714285714,0.09523809523809523,0.7681199684438623,0.47463438818094295,0.5494950201738177,0.01624237555776488,-0.00027758501040944447,0.0005551700208188759,-0.0001408450704225364,0.00028169014084507044,-0.00952380952380949,0.019047619047619035,-0.022734813053586378,-0.014230971651472468,-0.03213806696627031,0.008192306999507184,0.013018029604093269,0.001820511819823851,0.007152858632203846,0.0009841989660126732,-0.03214818363098548,0.0019755624072170935,0.01887575249181439,0.006666943099351119,0.00620959785880465,0.0012218856490993704,
nano,det_lora_grow_freeze,military_aircraft,stage_2,nano:det_lora_grow_freeze:military_aircraft:stage_2,42,experiments/suites/thesis_l40_main/extend/model_nano/seed_42/det_lora_grow_freeze/military_aircraft/stage_2,0.0837890355189461,0.007565979981373494,0.0472046197821985,0.004209753192309351,0.9243722925480489,0.10073431828888858,0.6091958862921419,0.4008605147123851,0.4551245607427284,0.010690357042875418,0.028591256072172104,0.0030534351145038168,0.014507042253521127,0.0015492957746478873,0.9809523809523809,0.10476190476190476,0.74583851422248,0.46105474565855686,0.534912155568944,0.015825694830970218,0.00027758501040944447,0.0008327550312283135,0.0001408450704225364,0.00042253521126760555,0.00952380952380949,0.028571428571428567,0.007655625416434941,-0.00013895873903130296,-0.008031724280227581,0.008138415961377229,0.04349970851575957,0.0038586497164370347,0.02651872355534906,0.002310852177429829,-0.050746131672033123,0.002250528036513433,-0.003970883831423411,-0.014155850825114502,-0.01665544074779024,-0.002181245860103256,
nano,det_lora_grow_freeze,military_aircraft,stage_2,nano:det_lora_grow_freeze:military_aircraft:stage_2,43,experiments/suites/thesis_l40_main/extend/model_nano/seed_43/det_lora_grow_freeze/military_aircraft/stage_2,0.040125884827941105,0.0036927719964941082,0.020844193088581053,0.0019092627170602696,0.9601723191100726,0.10584345410790603,0.6305483576714327,0.420753016805467,0.4834686141499856,0.011809211595689956,0.028591256072172104,0.0030534351145038168,0.014507042253521127,0.0015492957746478873,0.9809523809523809,0.10476190476190476,0.8152993526199301,0.5132619427956151,0.6209382839065773,0.020071804255516485,0.0,-0.00027758501040943797,0.0,-0.00014084507042253533,0.0,-0.009523809523809518,-0.0005660594678315034,-0.0006202556048569008,4.114877360694713e-05,-0.003053611081373222,0.001181303095195721,-0.0001288808461722274,0.0008620948647059326,-4.35928251677107e-05,-0.02032629799066299,-0.005830096480658353,0.03765797244673719,0.015309728380747623,0.019667698383948218,-0.005972907553695363,
nano,det_lora_grow_freeze,military_aircraft,stage_2,nano:det_lora_grow_freeze:military_aircraft:stage_2,44,experiments/suites/thesis_l40_main/extend/model_nano/seed_44/det_lora_grow_freeze/military_aircraft/stage_2,0.08539899255935413,0.007784946353543006,0.04918907838871429,0.0045483922275499095,0.9279117625351652,0.08850055840906655,0.6492171760204434,0.43216455778471136,0.4930358068315523,0.013362065877837235,0.02831367106176266,0.0027758501040943792,0.01436619718309859,0.0014084507042253522,0.9714285714285714,0.09523809523809523,0.7662458570321563,0.47115819773605017,0.5390277608982185,0.024407638810959073,0.0,0.0,0.0,0.0,0.0,0.0,-0.0018741114117060143,-0.0034761904448927794,-0.010467259275599217,0.008165263253194194,0.0494259957811402,0.005385584251624444,0.03073252402265927,0.0033270618784955065,-0.047371609286065985,-0.003174603174603177,0.027923711149218655,0.01217763576559211,0.012522445568227958,0.0008857903316724369,
nano,det_lora_grow_freeze,military_helicopter,stage_1,nano:det_lora_grow_freeze:military_helicopter:stage_1,42,experiments/suites/thesis_l40_main/extend/model_nano/seed_42/det_lora_grow_freeze/military_helicopter/stage_1,0.1351697353658628,0.01431120787580078,0.08825991915634178,0.00947985064781472,0.8989858390020076,0.09245702073733546,0.5954979958999408,0.38671317927328336,0.43447099556009183,0.009657439111787654,0.02463991303560105,0.0012682308180088776,0.012477064220183486,0.0006422018348623853,0.9784172661870504,0.050359712230215826,0.7750077631391741,0.38455090552729254,0.3768209317608793,0.0017406771636916012,0.00018117583114412444,-0.00036235166228825084,9.174311926605366e-05,-0.00018348623853211015,0.007194244604316613,-0.014388489208633094,-0.03683904856545939,-0.06389577219291298,-0.11368758156108366,-0.002574770060940091,0.10207550171814536,0.011381649082769018,0.0713574110541997,0.007986477517941423,-0.077719886805376,-0.00440864653769342,-0.01804451715253641,-0.02891998415591851,-0.03758079317954138,-0.0030443603257322687,
nano,det_lora_grow_freeze,military_helicopter,stage_1,nano:det_lora_grow_freeze:military_helicopter:stage_1,43,experiments/suites/thesis_l40_main/extend/model_nano/seed_43/det_lora_grow_freeze/military_helicopter/stage_1,0.03930757289919892,0.0043314120256245986,0.020262855593357654,0.0022262245246992274,0.9567716062633732,0.10811116730318786,0.6216670994565252,0.41622966905739184,0.4759126915999441,0.015711638207549315,0.024458737204456925,0.0012682308180088776,0.012385321100917432,0.0006422018348623853,0.9712230215827338,0.050359712230215826,0.7685327424398534,0.42895309905359946,0.48760230378301456,0.001877876152377354,0.0,0.0001811758311441251,0.0,9.174311926605496e-05,0.0,0.007194244604316544,-0.013046284074398895,-0.013381837387581919,-0.010418461116176725,0.0004963426501899259,0.006094608364002406,0.0011568271794061094,0.0032919057842314067,0.0006106947083597796,-0.025733394634624096,-0.0035623832853765303,0.02789984058049466,0.010149188620042604,0.011249603324639701,-0.002041580740344367,
nano,det_lora_grow_freeze,military_helicopter,stage_1,nano:det_lora_grow_freeze:military_helicopter:stage_1,44,experiments/suites/thesis_l40_main/extend/model_nano/seed_44/det_lora_grow_freeze/military_helicopter/stage_1,0.14660730686291681,0.013180200383287837,0.08727960506792236,0.007813395680265092,0.9154258429491264,0.08869558311219561,0.6420422048384762,0.42935783567850644,0.4956729618131131,0.012821984797160698,0.024277561373312797,0.0005435274934323763,0.012293577981651376,0.00027522935779816516,0.9640287769784173,0.02158273381294964,0.8099002236829128,0.47141149630800633,0.5578588694025706,0.000536800668018609,-0.00036235166228825236,0.0,-0.00018348623853210906,0.0,-0.014388489208633115,0.0,-0.009546915508843457,-0.005538382016037069,-0.010113051878147927,-2.7179780659170125e-05,0.1100371481268562,0.010684276822909254,0.06849971247377344,0.006541069032244267,-0.06105656963949058,-0.0010040160642570267,0.019551307084189284,0.008467052717437584,0.011948191205103709,0.0011250895722614493,
nano,det_lora_grow_freeze,military_helicopter,stage_2,nano:det_lora_grow_freeze:military_helicopter:stage_2,42,experiments/suites/thesis_l40_main/extend/model_nano/seed_42/det_lora_grow_freeze/military_helicopter/stage_2,0.09089796819205383,0.007251937489055904,0.050712767363272314,0.004036115383815855,0.9242214072525178,0.09106295526682029,0.6080422876925665,0.397896338368753,0.44723132993645187,0.010938308093818938,0.02463991303560105,0.0012682308180088776,0.012477064220183486,0.0006422018348623853,0.9784172661870504,0.050359712230215826,0.7718783997096726,0.38123233892679875,0.3735963494111601,0.0017472335468841,0.0,0.0,0.0,0.0,0.0,0.0,-0.0031293634295014305,-0.0033185666004937886,-0.003224582349719174,6.556383192498792e-06,0.051302450721229964,0.0035519122577010137,0.03034144197055388,0.002137347431482024,-0.0514529180181591,-0.005022753450782694,0.0007035531685465335,-0.0071073538171415596,-0.005652124467403985,-0.0015252425814776,
nano,det_lora_grow_freeze,military_helicopter,stage_2,nano:det_lora_grow_freeze:military_helicopter:stage_2,43,experiments/suites/thesis_l40_main/extend/model_nano/seed_43/det_lora_grow_freeze/military_helicopter/stage_2,0.10772870057625861,0.009406382699882395,0.07272021940519975,0.0060525860380241546,0.9076664781856619,0.10551820132037697,0.6169175785348701,0.4122780654641165,0.4697111185815784,0.014661050813059429,0.024458737204456925,0.0010870549868647525,0.012385321100917432,0.0005504587155963303,0.9712230215827338,0.04316546762589928,0.7494200908494755,0.3994924322799135,0.4270011480724368,0.001145984686680376,0.0,-0.0001811758311441251,0.0,-9.174311926605496e-05,0.0,-0.007194244604316544,-0.019112651590377894,-0.029460666773685973,-0.06060115571057778,-0.0007318914656969779,0.0717786291002706,0.005470174749356078,0.054280652199964086,0.00404003864099416,-0.07480948990863345,-0.0073543900355735325,0.02993699506012537,0.010985843841910092,0.009484996816883529,-0.0030922825972914767,
nano,det_lora_grow_freeze,military_helicopter,stage_2,nano:det_lora_grow_freeze:military_helicopter:stage_2,44,experiments/suites/thesis_l40_main/extend/model_nano/seed_44/det_lora_grow_freeze/military_helicopter/stage_2,0.08107447977051742,0.007221428794178125,0.04400110895934304,0.003907388807013686,0.9488849399107236,0.09397310344995691,0.6476403576864639,0.4233522544102704,0.48106539950898863,0.013632928417985352,0.024458737204456925,0.0005435274934323763,0.012385321100917432,0.00027522935779816516,0.9712230215827338,0.02158273381294964,0.7719174816510677,0.4080579402030751,0.454980469256511,0.0004689942678478374,0.0001811758311441279,0.0,9.17431192660554e-05,0.0,0.007194244604316502,0.0,-0.03798274203184515,-0.06335355610493121,-0.10287840014605959,-6.780640017077158e-05,0.005429115033878967,0.0001366477145111223,0.0041245452633107554,0.00018349464416305555,-0.01959946221638642,0.004273504273504272,0.02619645536900872,0.0027433522509464625,-0.0012907586410249028,0.0018956310496090513,
nano,det_lora_grow_freeze,military_tank,stage_1,nano:det_lora_grow_freeze:military_tank:stage_1,42,experiments/suites/thesis_l40_main/extend/model_nano/seed_42/det_lora_grow_freeze/military_tank/stage_1,0.11382680353766127,0.011088954000694434,0.06878333202959273,0.006703931394662291,0.9299310808889789,0.09404850353029652,0.6126428878363276,0.4047337439925662,0.46310691891848527,0.009920609088810161,0.029469199360908926,0.0019527782709036037,0.014954954954954955,0.000990990990990991,1.0,0.06626506024096386,0.8689141435016182,0.5609334396525896,0.6271035987425787,0.010043152785353587,-3.404421858098361e-05,-2.255942195125574e-06,-1.753534900463677e-05,-1.1619809581384609e-06,0.0,0.0,-0.018939828149389437,-0.012739826307245905,-0.009745771383678825,-6.307421327525833e-05,0.08073256988994383,0.008159395207662672,0.05188082392745065,0.005210558264788994,-0.04677464491840466,-0.0028171637447323566,-0.0008996252161496132,-0.010899419436635693,-0.00894486982114795,-0.002781190348709762,
nano,det_lora_grow_freeze,military_tank,stage_1,nano:det_lora_grow_freeze:military_tank:stage_1,43,experiments/suites/thesis_l40_main/extend/model_nano/seed_43/det_lora_grow_freeze/military_tank/stage_1,0.027957933424721245,0.0031292519538568694,0.01420505285324144,0.0015900707664883397,0.9407494936811688,0.10373752336119858,0.6167890752607863,0.4136304252342263,0.47653159270622863,0.014237069069535355,0.029469199360908926,0.002130303568258477,0.014954954954954955,0.001081081081081081,1.0,0.07228915662650602,0.8670212887023924,0.5665050514712778,0.6452819122037241,0.010096500277441096,0.00017752529735486772,0.0,9.009009009008917e-05,0.0,0.0060240963855421326,0.0,-0.007212848788106241,-0.00332450480585067,-0.002136103399106304,0.0,-0.005255031110475272,-4.533289236161985e-05,-0.0027658969558848074,-2.545904985110808e-05,-0.041755507216828525,-0.007936027227365805,0.023021816384755756,0.0075499447968770395,0.011868504430924243,-0.0035161498783583267,
nano,det_lora_grow_freeze,military_tank,stage_1,nano:det_lora_grow_freeze:military_tank:stage_1,44,experiments/suites/thesis_l40_main/extend/model_nano/seed_44/det_lora_grow_freeze/military_tank/stage_1,0.0848398260607338,0.005713356591608657,0.045767682884486245,0.0030508543413180172,0.9421122752560067,0.08490687302450318,0.6564731981074329,0.4345586956857017,0.4998410885024745,0.014076999831232166,0.029291674063554058,0.002130303568258477,0.014864864864864866,0.001081081081081081,0.9939759036144579,0.07228915662650602,0.873047320939692,0.5702681398492291,0.6670375160320988,0.012305110236611167,-0.00017752529735486772,0.0,-9.009009009008917e-05,0.0,-0.0060240963855421326,0.0,-0.006433243954090062,-0.0033755531838812747,2.2317196977761355e-05,0.0,0.048269667324673186,0.003217433031230075,0.02698779029033733,0.0017785276932971927,-0.034370137332610295,-0.00479272615194945,0.03398230035314598,0.013667912724632858,0.016116317894465104,0.002380104606332917,
nano,det_lora_grow_freeze,military_tank,stage_2,nano:det_lora_grow_freeze:military_tank:stage_2,42,experiments/suites/thesis_l40_main/extend/model_nano/seed_42/det_lora_grow_freeze/military_tank/stage_2,0.09982784522174813,0.00985748255821217,0.057491519915631846,0.005668123554814851,0.9318708964124273,0.0952475442976826,0.5796698593981563,0.3811903692936234,0.4365677809512481,0.009105526596667872,0.029469199360908926,0.0019527782709036037,0.014954954954954955,0.000990990990990991,1.0,0.06626506024096386,0.8549832120618671,0.5517273975805981,0.6154289431487885,0.009848443603702503,0.0,0.0,0.0,0.0,0.0,0.0,-0.013930931439751104,-0.009206042071991494,-0.011674655593790217,-0.0001947091816510843,-0.01505707389954121,-0.0014249024670746,-0.005411072218195041,-0.0005064811256655062,-0.026149792401152006,-0.0004190822099601893,-0.03253483416886915,-0.03494141058629302,-0.03843615755749025,-0.0034386180464773437,
nano,det_lora_grow_freeze,military_tank,stage_2,nano:det_lora_grow_freeze:military_tank:stage_2,43,experiments/suites/thesis_l40_main/extend/model_nano/seed_43/det_lora_grow_freeze/military_tank/stage_2,0.0522445962222678,0.006080983402961613,0.027266858189131604,0.003173429232078409,0.9303181732138054,0.10211940038385231,0.6164771323670484,0.4137694388499836,0.47613715486920966,0.014623478472594549,0.029469199360908926,0.002130303568258477,0.014954954954954955,0.001081081081081081,1.0,0.07228915662650602,0.860797246398019,0.5632602927516925,0.6428034412588677,0.010096500277441096,0.0,0.0,0.0,0.0,0.0,0.0,-0.006224042304373345,-0.0032447587195852945,-0.0024784709448564257,0.0,-0.05311158527820376,-0.0062872692951807,-0.0298109792713962,-0.0035501286188843162,-0.040527379010939835,-0.006379547030108915,0.02401511685258506,0.00805893296389193,0.011040548463468136,-0.0030691504047673165,
nano,det_lora_grow_freeze,military_tank,stage_2,nano:det_lora_grow_freeze:military_tank:stage_2,44,experiments/suites/thesis_l40_main/extend/model_nano/seed_44/det_lora_grow_freeze/military_tank/stage_2,0.041001268447716684,0.002769246192551428,0.021163441498516178,0.0014186239920933026,0.9706045618241332,0.08928051696649246,0.6473279984787125,0.42724371147056045,0.4896185433557831,0.013287532898006327,0.029469199360908926,0.002130303568258477,0.014954954954954955,0.001081081081081081,1.0,0.07228915662650602,0.869213714961613,0.5687939498714748,0.6644700883941669,0.012290369308424056,0.00017752529735486772,0.0,9.009009009008917e-05,0.0,0.0060240963855421326,0.0,-0.0038336059780789133,-0.001474189977754281,-0.0025674276379319405,-1.4740928187111438e-05,-0.16136903104609038,-0.013516586185482784,-0.10108276790652647,-0.008402829358192254,0.012262397594671737,0.0011990407673861114,0.02585027847828747,0.007753967182942634,0.008673554538843609,0.001717651490515575,
nano,det_lora_warm_start,military_aircraft,stage_1,nano:det_lora_warm_start:military_aircraft:stage_1,42,experiments/suites/thesis_l40_main/extend/model_nano/seed_42/det_lora_warm_start/military_aircraft/stage_1,0.04250320794909285,0.0060460431124734725,0.021904354953677416,0.0031196209490725953,0.947926466209904,0.1391599663858344,0.5577184200652381,0.3812257254776928,0.44003454867874625,0.013055541525073086,0.028591256072172104,0.0033310201249132547,0.014507042253521127,0.0016901408450704226,0.9809523809523809,0.11428571428571428,0.7195076841515793,0.4447906312157824,0.5150868520842921,0.007312871317762164,0.00027758501040944447,0.0,0.0001408450704225364,0.0,0.00952380952380949,0.0,-0.04672024561166299,-0.04833310355997511,-0.07010516740815942,6.84527207259842e-05,0.012780865230973448,0.0018181905644189039,0.0067850902384186396,0.0009698740854937752,-0.02343708289607971,-0.00414492452035653,-0.037890282963958355,-0.03180854480125528,-0.03614215874529264,-0.0004151281666389065,
nano,det_lora_warm_start,military_aircraft,stage_1,nano:det_lora_warm_start:military_aircraft:stage_1,43,experiments/suites/thesis_l40_main/extend/model_nano/seed_43/det_lora_warm_start/military_aircraft/stage_1,0.027516714823023054,0.004270149910916885,0.01396401634514764,0.0021660936054488512,0.9656007821184615,0.15611045961822695,0.5879870853076883,0.40302345402810147,0.4656994990755927,0.013096921795671053,0.028868841082581538,0.004163775156141568,0.014647887323943662,0.002112676056338028,0.9904761904761905,0.14285714285714285,0.7046356683741184,0.42714190567738325,0.47600606625295,0.012437768470012394,0.0,-0.0002775850104094384,0.0,-0.00014084507042253554,0.0,-0.009523809523809545,-0.10562206628148452,-0.08759460888222331,-0.14716900027520413,-0.011051791227392844,-0.0028138076989093694,-1.1674767810526676e-05,-0.0014760828568898578,-1.1700692383891445e-05,-0.010575099162750123,0.007965964074255566,0.012967187123589463,-0.0006063455741085466,-0.0043586944232804625,-0.0048502540032269465,
nano,det_lora_warm_start,military_aircraft,stage_1,nano:det_lora_warm_start:military_aircraft:stage_1,44,experiments/suites/thesis_l40_main/extend/model_nano/seed_44/det_lora_warm_start/military_aircraft/stage_1,0.0384046210055398,0.00523564355629852,0.019824176261310028,0.0026922540481627497,0.9484359208538736,0.15575494902978912,0.5964695265075027,0.40520028615196146,0.47024177787352595,0.012109659283906,0.028868841082581538,0.0036086051353226923,0.014647887323943662,0.0018309859154929577,0.9904761904761905,0.12380952380952381,0.7121117553522213,0.43345126602078554,0.5014298031887383,0.014453937280895907,0.0,0.0005551700208188755,0.0,0.00028169014084507044,0.0,0.01904761904761905,-0.06835278425786773,-0.05403758145828291,-0.08312101265034322,0.006256421035203515,0.006774353638182226,0.00028620491081817606,0.0037015357146956175,0.00017030135624853402,-0.025651847117566184,-0.004060381623258752,-0.010300245469112124,-0.013367583440688502,-0.016362768252445814,-0.0011007024337796704,
nano,det_lora_warm_start,military_aircraft,stage_2,nano:det_lora_warm_start:military_aircraft:stage_2,42,experiments/suites/thesis_l40_main/extend/model_nano/seed_42/det_lora_warm_start/military_aircraft/stage_2,0.0647252867054923,0.008257291799423883,0.03430137920363482,0.004369610544505561,0.9004152152402662,0.14091746026433888,0.5621628830958446,0.3853288006784921,0.4463394792981065,0.0125945062217664,0.028036086051353225,0.0038861901457321302,0.014225352112676056,0.001971830985915493,0.9619047619047619,0.13333333333333333,0.7064646932745887,0.4494704289279796,0.5372899990835056,0.006445214935195107,-0.0005551700208188785,0.0005551700208188755,-0.0002816901408450711,0.0002816901408450702,-0.01904761904761898,0.01904761904761905,-0.04146478732403713,-0.015968637673364483,0.0051343798741033675,-0.0023193676439785364,0.03459291609493825,0.004076463956361451,0.018970459739302642,0.0022438164991730484,-0.0671904451680696,-0.001223873179312246,-0.031147409112781466,-0.025378923789183383,-0.025170271973829927,-0.0007819487791047505,
nano,det_lora_warm_start,military_aircraft,stage_2,nano:det_lora_warm_start:military_aircraft:stage_2,43,experiments/suites/thesis_l40_main/extend/model_nano/seed_43/det_lora_warm_start/military_aircraft/stage_2,0.028188377951108703,0.004162217122271568,0.014310305296986734,0.0021128233343691433,0.9732793693293512,0.14545527927421933,0.5920998537083061,0.4066695712204636,0.47023143478550605,0.013616385085622221,0.02831367106176266,0.0038861901457321302,0.01436619718309859,0.001971830985915493,0.9714285714285714,0.13333333333333333,0.7228998976412646,0.4361415600661867,0.48900977917785315,0.009527196105328777,-0.0005551700208188785,-0.0005551700208188764,-0.0002816901408450711,-0.00028169014084507065,-0.01904761904761909,-0.019047619047619063,-0.06015311602930684,-0.05232757602713728,-0.06401226559937023,-0.006662849897899814,-0.0017934035587264183,-0.000189159411769879,-0.0009417761974980718,-9.890552800754897e-05,-3.0228671005438912e-05,-0.007381802753216482,0.01713134207403666,0.004324354937871644,0.005169465643302729,-0.002911628233637968,
nano,det_lora_warm_start,military_aircraft,stage_2,nano:det_lora_warm_start:military_aircraft:stage_2,44,experiments/suites/thesis_l40_main/extend/model_nano/seed_44/det_lora_warm_start/military_aircraft/stage_2,0.04253285847924604,0.005781130242798815,0.022270695512486536,0.003008330712088513,0.9354492467489401,0.15050810982698218,0.5832167138524761,0.3959597767665946,0.46061803669158624,0.010931788233051841,0.028591256072172104,0.0036086051353226923,0.014507042253521127,0.0018309859154929577,0.9809523809523809,0.12380952380952381,0.7069583855064873,0.4327709358138544,0.5021581726246775,0.015500508747250973,-0.00027758501040943406,0.0,-0.00014084507042253468,0.0,-0.009523809523809601,0.0,-0.05970817526611538,-0.036815325585355774,-0.045275508570079004,0.0010627257281725973,0.009288297351530299,0.000838724212464355,0.0053021691588237795,0.0004888529121329921,-0.03348835564067931,-0.010894522413367275,-0.023517354500856902,-0.021514278133070053,-0.021595683108001196,-0.002651439022062569,
nano,det_lora_warm_start,military_helicopter,stage_1,nano:det_lora_warm_start:military_helicopter:stage_1,42,experiments/suites/thesis_l40_main/extend/model_nano/seed_42/det_lora_warm_start/military_helicopter/stage_1,0.036125421397588446,0.005294203982973189,0.018526434397769413,0.0027157506944761965,0.9485572229378189,0.14576689583047212,0.5809540413596824,0.3943602767689051,0.4515737441753575,0.013999406268353033,0.023552858048736303,0.0025364616360177552,0.011926605504587157,0.0012844036697247706,0.935251798561151,0.10071942446043165,0.6381635405533658,0.3500885052897435,0.35704079167057945,0.0032874313394613244,-0.0009058791557206222,-0.0003623516622882506,-0.00045871559633027525,-0.00018348623853211015,-0.03597122302158273,-0.014388489208633101,-0.08641172763467075,-0.0740094907745289,-0.12835711419580004,-0.0013621235277251572,0.0064030786794690465,0.0010663514349186203,0.0034071696825106364,0.0005660038308973763,-0.022806326168164803,0.002462004924281197,-0.014654661669514013,-0.018673993510042952,-0.024602963248681387,0.0005287365766410406,
nano,det_lora_warm_start,military_helicopter,stage_1,nano:det_lora_warm_start:military_helicopter:stage_1,43,experiments/suites/thesis_l40_main/extend/model_nano/seed_43/det_lora_warm_start/military_helicopter/stage_1,0.0315893877071462,0.004764691714923569,0.016124382750854,0.0024298044086810164,0.9647943236317409,0.15274563391038667,0.607668101275903,0.4143003219691048,0.4719249800267213,0.015243150730814892,0.024277561373312797,0.002898813298306006,0.012293577981651376,0.0014678899082568807,0.9640287769784173,0.11510791366906475,0.6659664479790894,0.36479408455576884,0.36142234150962976,0.004287729816488954,0.0,0.0001811758311441253,0.0,9.174311926605496e-05,0.0,0.0071942446043165575,-0.03308800031824666,-0.052530254036130375,-0.13537564219525572,0.002305635200826824,0.0012588651852137762,0.00048286703619615685,0.0006842835488165017,0.0002520101108482737,-0.011381557649470686,0.004601138366415292,0.03264820309180416,0.010670522366894808,0.0018667865278481077,-0.0027040250680831074,
nano,det_lora_warm_start,military_helicopter,stage_1,nano:det_lora_warm_start:military_helicopter:stage_1,44,experiments/suites/thesis_l40_main/extend/model_nano/seed_44/det_lora_warm_start/military_helicopter/stage_1,0.03409652034600461,0.0046653519892155765,0.017509125156910534,0.0023876587822079967,0.9547201877604862,0.15554061012749726,0.6219398774900629,0.42257764154526223,0.48958325649699447,0.014812239190300064,0.024458737204456925,0.002898813298306006,0.012385321100917432,0.0014678899082568807,0.9712230215827338,0.11510791366906475,0.7073373075794498,0.41161750225755955,0.45458853324421983,0.011928718285852874,-0.00036235166228825236,-0.0005435274934323759,-0.00018348623853210906,-0.0002752293577981651,-0.014388489208633115,-0.021582733812949645,-0.03662069954197644,-0.028145714351874185,-0.0722736731274714,0.010701437395219884,0.0024662529786470405,-0.0002840866562647676,0.001386484610296123,-0.00013429390970621895,-0.01936758021095364,-0.004274720525550613,0.015170105513447996,0.004009771952612262,0.002978710371022708,0.0016018774726143936,
nano,det_lora_warm_start,military_helicopter,stage_2,nano:det_lora_warm_start:military_helicopter:stage_2,42,experiments/suites/thesis_l40_main/extend/model_nano/seed_42/det_lora_warm_start/military_helicopter/stage_2,0.08619750498200084,0.010384752247893788,0.04957760987633236,0.006018211179218373,0.8858648876760068,0.11712779748337687,0.5680101368426905,0.3841270745927967,0.44684883307828577,0.013168115568937952,0.023371682217592175,0.001449406649153003,0.011834862385321101,0.0007339449541284404,0.9280575539568345,0.05755395683453238,0.656336829456174,0.3624098445160894,0.40712783541276876,0.0011323774970699058,-0.0003623516622882489,-0.0010870549868647523,-0.00018348623853210906,-0.0005504587155963302,-0.014388489208633115,-0.043165467625899276,-0.015481355543242814,-0.017936649439453778,0.02066485795014128,-0.0022207948635479457,0.05639276337964724,0.006311952434307174,0.03441008588063859,0.003947349957283054,-0.08112158057039287,-0.02429764104744772,-0.013663111315242116,-0.018120196473781602,-0.008739807487094187,-0.00017564814369733228,
nano,det_lora_warm_start,military_helicopter,stage_2,nano:det_lora_warm_start:military_helicopter:stage_2,43,experiments/suites/thesis_l40_main/extend/model_nano/seed_43/det_lora_warm_start/military_helicopter/stage_2,0.03013962422786004,0.004420311511280839,0.01535370554855617,0.002250346871269488,0.9661866005159133,0.14701175947147627,0.6139813102762262,0.417962378309015,0.47741574246172286,0.014996525731116359,0.024096385542168672,0.00235528580487363,0.012201834862385321,0.0011926605504587156,0.9568345323741008,0.09352517985611511,0.67733911940107,0.37260141631037086,0.37613932373449527,0.0017798802546836218,-0.00018117583114412444,-0.0005435274934323759,-9.17431192660554e-05,-0.0002752293577981651,-0.007194244604316502,-0.021582733812949645,-0.04443925618012512,-0.043282996284644604,-0.05516344760368802,-0.0047990870346147334,-0.0005375537741875436,0.00010492703829078666,-0.0002734672990532764,5.5390392331272284e-05,-0.012303984456308203,-0.005796289752257516,0.0398339831064477,0.017415362648606658,0.020847624161063505,-0.0028452794802939115,
nano,det_lora_warm_start,military_helicopter,stage_2,nano:det_lora_warm_start:military_helicopter:stage_2,44,experiments/suites/thesis_l40_main/extend/model_nano/seed_44/det_lora_warm_start/military_helicopter/stage_2,0.03211221494587505,0.004339495290407156,0.016408139904092744,0.0022141381489287613,0.9533568034249255,0.15033987687726355,0.6264592243572537,0.4238823105445131,0.48695044637485224,0.01602232507168042,0.024277561373312797,0.003079989129450131,0.012293577981651376,0.0015596330275229357,0.9640287769784173,0.1223021582733813,0.7118083570703637,0.4019575324401593,0.4165417204083439,0.01462092166803406,-0.0005435274934323803,0.0001811758311441253,-0.00027522935779816446,9.174311926605496e-05,-0.021582733812949617,0.007194244604316544,-0.033966592041389965,-0.036045017899726195,-0.08506436445838905,0.0050887503252121605,-0.0005770987114953469,-0.00033777745687518963,-0.0002864394179432385,-0.00016902256577669243,-0.01995100598908839,-0.007235125052952263,0.025046561690795,0.008459540958050793,0.008435741211837988,0.0012744379967153784,
nano,det_lora_warm_start,military_tank,stage_1,nano:det_lora_warm_start:military_tank:stage_1,42,experiments/suites/thesis_l40_main/extend/model_nano/seed_42/det_lora_warm_start/military_tank/stage_1,0.03574735386111509,0.00450083429389797,0.018354236528613493,0.0023079087670690155,0.9362785329136317,0.13282530905625242,0.5567251805256479,0.38050259128985725,0.4405573397542147,0.010145457287011023,0.029469199360908926,0.004083081839162081,0.014954954954954955,0.002072072072072072,1.0,0.13855421686746988,0.630039957568509,0.4000979927222682,0.43883505153666424,0.004081352293872143,0.0,-0.0008876264867743655,0.0,-0.0004504504504504502,0.0,-0.03012048192771083,-0.22473543756031822,-0.1736531867078719,-0.21806458187161537,-0.007906585876921553,0.006025011142995692,0.0002729817458434012,0.0032349718133547166,0.0001581619034901954,-0.03508501619235194,-0.010479581849938496,-0.03888352250354854,-0.03253167898909082,-0.03561936766982421,-0.00332521240470097,
nano,det_lora_warm_start,military_tank,stage_1,nano:det_lora_warm_start:military_tank:stage_1,43,experiments/suites/thesis_l40_main/extend/model_nano/seed_43/det_lora_warm_start/military_tank/stage_1,0.04188656388260625,0.005850099105704884,0.021714903907124068,0.003036803933090694,0.9546064887358542,0.13966422377105972,0.5940536125851309,0.40535978280528057,0.473024428559822,0.01413949786326761,0.029469199360908926,0.0033729806497425885,0.014954954954954955,0.0017117117117117118,1.0,0.1144578313253012,0.6853701389282508,0.4428792583249795,0.526271178177959,0.003058554531001487,0.0,-0.0012426770814841109,0.0,-0.0006306306306306305,0.0,-0.04216867469879519,-0.14976698679964506,-0.1192919775404136,-0.1238513290246267,-0.008208897487909605,0.011556041360673824,0.0015682744269774722,0.006274804705086569,0.0008590096352579513,-0.02156939254535739,-0.008480271772911663,0.019033714401032076,0.0017299832030705509,0.002966235060948841,-0.0038076779356303898,
nano,det_lora_warm_start,military_tank,stage_1,nano:det_lora_warm_start:military_tank:stage_1,44,experiments/suites/thesis_l40_main/extend/model_nano/seed_44/det_lora_warm_start/military_tank/stage_1,0.03325749227205642,0.003938051123128775,0.017063365048513662,0.002008148804414284,0.9583631329362624,0.14207474478509466,0.5945459329429461,0.39759224205475974,0.4604582114608195,0.011287921195570155,0.029291674063554058,0.002485354162968223,0.014864864864864866,0.0012612612612612612,0.9939759036144579,0.08433734939759036,0.7005667346814242,0.4204941449777242,0.47171304038915457,0.0007470453639262107,-0.00017752529735486772,-0.002485354162968223,-9.009009009008917e-05,-0.0012612612612612612,-0.0060240963855421326,-0.08433734939759036,-0.1483510349063325,-0.15152176673076823,-0.1985690127234177,-0.012800631246594982,0.0016272249046988471,-0.001011387522351569,0.0009407245018992517,-0.0005138038874999318,-0.015724635035177403,-0.017740585867953212,-0.012223839033668749,-0.02097562753789023,-0.02614633466515226,-0.001922440522115515,
nano,det_lora_warm_start,military_tank,stage_2,nano:det_lora_warm_start:military_tank:stage_2,42,experiments/suites/thesis_l40_main/extend/model_nano/seed_42/det_lora_warm_start/military_tank/stage_2,0.03886869640815555,0.004876688776505315,0.020041195918942982,0.0025100441354355984,0.9409430480116784,0.13212961288574357,0.5402273873840978,0.3687304863509171,0.42781261621163674,0.010565138553666113,0.029291674063554058,0.003195455352387715,0.014864864864864866,0.0016216216216216215,0.9939759036144579,0.10843373493975904,0.6051366441410233,0.3805623172353983,0.42028469352626197,0.005464625028679703,-0.00017752529735486772,-0.0008876264867743655,-9.009009009008917e-05,-0.0004504504504504506,-0.0060240963855421326,-0.030120481927710843,-0.09620756986553747,-0.046786167648353805,-0.04157520906315426,0.003354102592517358,0.006559542176257184,0.0008153596611691193,0.0035699349533085505,0.0004396509883478929,-0.027864666747592914,0.002445072030500345,-0.033435951366891814,-0.025763824370696853,-0.026355860266478404,-0.0016636619017522045,
nano,det_lora_warm_start,military_tank,stage_2,nano:det_lora_warm_start:military_tank:stage_2,43,experiments/suites/thesis_l40_main/extend/model_nano/seed_43/det_lora_warm_start/military_tank/stage_2,0.06833336845175468,0.007454472967657028,0.04012092083818312,0.004268883905449646,0.9217027900469023,0.13809536058492639,0.5716545460388485,0.3916832052515736,0.457176804985931,0.013700032971480444,0.029469199360908926,0.0035505059470974615,0.014954954954954955,0.0018018018018018018,1.0,0.12048192771084337,0.6935804521430442,0.4512433342535174,0.537702630875549,0.007236110786240162,0.00017752529735486772,0.0008876264867743655,9.009009009008917e-05,0.0004504504504504504,0.0060240963855421326,0.030120481927710843,-0.0696483794839815,-0.03941964444178453,-0.024717447815288396,0.005485772766658771,0.03412335118756666,0.0030432169512850113,0.022613404098133564,0.0020115372958105335,-0.052239213012621466,0.001007933690994084,-0.0019224613644103217,-0.008485851228301866,-0.007958553824678971,-0.003340135074681885,
nano,det_lora_warm_start,military_tank,stage_2,nano:det_lora_warm_start:military_tank:stage_2,44,experiments/suites/thesis_l40_main/extend/model_nano/seed_44/det_lora_warm_start/military_tank/stage_2,0.039550277051572824,0.004479772116382259,0.020612923557474638,0.002306413771968136,0.9491619005017099,0.14521815787040823,0.5852125812797558,0.3932051389220314,0.45561518791131367,0.011058167721406992,0.029291674063554058,0.0035505059470974615,0.014864864864864866,0.0018018018018018018,0.9939759036144579,0.12048192771084337,0.7034288975516694,0.43594155379725896,0.4934613355173435,0.002827025343291098,-0.00017752529735486772,0.0010651517841292384,-9.009009009008917e-05,0.0005405405405405407,-0.0060240963855421326,0.03614457831325302,-0.06826371335324555,-0.04418378717320404,-0.05634713492743948,0.001786681240387631,0.001994211507107581,-0.0005654398926015249,0.0012940225982238651,-0.00029155037408570405,-0.027128924301373036,0.0054599053626662175,-0.0016420776272380033,-0.007684872453865232,-0.008686142866198288,-0.000722077542946049,
nano,ewc,military_aircraft,stage_1,nano:ewc:military_aircraft:stage_1,42,experiments/suites/thesis_l40_main/extend/model_nano/seed_42/ewc/military_aircraft/stage_1,0.078436440934412,0.0038760576792628613,0.043983838355931594,0.002061583355759456,0.932089814902926,0.08536260359264526,0.38748334223995545,0.2685485225643538,0.31296891529256815,0.00955157859627838,0.028868841082581538,0.0022206800832755033,0.014647887323943662,0.0011267605633802818,0.9904761904761905,0.0761904761904762,0.7993382370194617,0.5036264061165556,0.5710491616505923,0.004577942115587935,,,,,,,0.26750468900654656,0.14384251056347264,0.1548879289266203,0.0035502631882282742,,,,,,,-0.0480955543296529,-0.03818698065782394,-0.04069996647341023,-0.005244265035287075,
nano,ewc,military_aircraft,stage_1,nano:ewc:military_aircraft:stage_1,43,experiments/suites/thesis_l40_main/extend/model_nano/seed_43/ewc/military_aircraft/stage_1,0.2091177342220635,0.007218477545510692,0.16623585666517102,0.005744104457131845,0.7899994225025072,0.072043315266276,0.39568930046329465,0.27288291442767204,0.308041896561082,0.005518805730156908,0.028868841082581538,0.0027758501040943792,0.014647887323943662,0.0014084507042253522,0.9904761904761905,0.09523809523809523,0.8478969520215294,0.5496744861993894,0.6240499004560788,0.02270702733990213,,,,,,,0.3391451533675708,0.2622125593179531,0.3392628622438842,0.02055795763466777,,,,,,,0.04970462370648909,0.043025754186921866,0.05018718191599136,-0.001506080994369407,
nano,ewc,military_aircraft,stage_1,nano:ewc:military_aircraft:stage_1,44,experiments/suites/thesis_l40_main/extend/model_nano/seed_44/ewc/military_aircraft/stage_1,0.08655765571981822,0.007112301010053047,0.054346828790595963,0.004438345988648659,0.9065362325340235,0.09192664086722051,0.40913194447013534,0.27329642038684515,0.32016779707305426,0.005107008624760306,0.028868841082581538,0.0038861901457321302,0.014647887323943662,0.001971830985915493,0.9904761904761905,0.13333333333333333,0.841239851224896,0.5296228738822493,0.6228863702278676,0.010714104655261498,,,,,,,0.2176757904125829,0.14243446299097318,0.19119975092727648,0.0012653213124766138,,,,,,,-0.019640243507575927,-0.01892202620387362,-0.017295861582367067,-0.0018677632627996437,
nano,ewc,military_aircraft,stage_2,nano:ewc:military_aircraft:stage_2,42,experiments/suites/thesis_l40_main/extend/model_nano/seed_42/ewc/military_aircraft/stage_2,0.07828354538777234,0.004275336746183212,0.04371754234657823,0.0023385521262083192,0.9384043017353833,0.06870772719581573,0.42533366898331465,0.2924710528286824,0.34216575176689124,0.007760757640032978,0.029146426092990976,0.0030534351145038168,0.014788732394366197,0.0015492957746478873,1.0,0.10476190476190476,0.8226496725186688,0.5014811394069475,0.5918467522988397,0.007146690168422918,,,,,,,0.02331143549920711,-0.002145266709608129,0.020797590648247377,0.002568748052834983,,,,,,,0.0378503267433592,0.023922530264328612,0.029196836474323085,-0.0017908209562454026,
nano,ewc,military_aircraft,stage_2,nano:ewc:military_aircraft:stage_2,43,experiments/suites/thesis_l40_main/extend/model_nano/seed_43/ewc/military_aircraft/stage_2,0.16522365656893953,0.01586108017269354,0.11267982244857767,0.011002753289339766,0.8711165242785522,0.07228480232468153,0.4118231401466051,0.27756101965815644,0.31198113192799887,0.006119252077766642,0.029146426092990976,0.0033310201249132547,0.014788732394366197,0.0016901408450704226,1.0,0.11428571428571428,0.8075043503930184,0.5243017912206575,0.5968515713198931,0.010509882632890013,,,,,,,-0.04039260162851099,-0.025372694978731958,-0.027198329136185695,-0.012197144707012116,,,,,,,0.016133839683310447,0.004678105230484397,0.003939235366916871,0.0006004463476097337,
nano,ewc,military_aircraft,stage_2,nano:ewc:military_aircraft:stage_2,44,experiments/suites/thesis_l40_main/extend/model_nano/seed_44/ewc/military_aircraft/stage_2,0.07434820177143338,0.006385067626077462,0.043648526991424554,0.0036916460203695154,0.9317534870037208,0.10395136205431553,0.4365176641697816,0.29595375391101525,0.3427723750031118,0.008391405248259834,0.029146426092990976,0.0030534351145038168,0.014788732394366197,0.0015492957746478873,1.0,0.10476190476190476,0.843252157325968,0.5379718170176285,0.6269365446343722,0.009405733879556111,,,,,,,0.002012306101072059,0.008348943135379261,0.00405017440650457,-0.0013083707757053867,,,,,,,0.02738571969964626,0.022657333524170098,0.022604577930057546,0.0032843966234995282,
nano,ewc,military_helicopter,stage_1,nano:ewc:military_helicopter:stage_1,42,experiments/suites/thesis_l40_main/extend/model_nano/seed_42/ewc/military_helicopter/stage_1,0.10999348071906856,0.0065380423282788,0.06399962752998314,0.0038006136368913773,0.8868685939848883,0.06429924041324546,0.40180448880530867,0.26789201478735175,0.29726217681455264,0.003583007924957747,0.024458737204456925,0.001811758311441254,0.012385321100917432,0.0009174311926605505,0.9712230215827338,0.07194244604316546,0.8000310668822503,0.4566390754073032,0.4453795891148236,0.0015517892284239313,,,,,,,0.1886055244485455,0.09286508732441517,0.053345020287547784,-0.008568002144043182,,,,,,,-0.033774407764299685,-0.03884348843482599,-0.056406704951425746,-0.011212835706607709,
nano,ewc,military_helicopter,stage_1,nano:ewc:military_helicopter:stage_1,43,experiments/suites/thesis_l40_main/extend/model_nano/seed_43/ewc/military_helicopter/stage_1,0.1432429801747606,0.007417660168619315,0.09917671378848081,0.005015586577234863,0.7391886751335704,0.06550324536050482,0.3520550356408134,0.2397669058850993,0.26841057874533397,0.00638470012104889,0.024821088866745177,0.002174109973729505,0.012568807339449541,0.0011009174311926607,0.9856115107913669,0.08633093525179857,0.818594138820175,0.46661652440870804,0.4919378783830416,0.004634744061134259,,,,,,,0.16942228776469925,0.11463105615796237,0.1330237646793644,0.004140585372880135,,,,,,,0.006070358884007865,0.009909745644349127,0.01055586410024334,-0.0006401866034774252,
nano,ewc,military_helicopter,stage_1,nano:ewc:military_helicopter:stage_1,44,experiments/suites/thesis_l40_main/extend/model_nano/seed_44/ewc/military_helicopter/stage_1,0.11624064275374414,0.012015110299913109,0.08036044464641119,0.008404563602585161,0.874714043409857,0.09720820591728867,0.42871927051174286,0.2959308335533481,0.3394918931093532,0.01285171904091653,0.024821088866745177,0.003079989129450131,0.012568807339449541,0.0015596330275229357,0.9856115107913669,0.1223021582733813,0.8250230886663491,0.4986248946410072,0.5502079148207735,0.00643047645785988,,,,,,,0.17659899696771086,0.11027682021024982,0.11050278510659095,0.005080045830493502,,,,,,,-5.291746596841618e-05,0.0037123869626293216,0.002028234453931854,0.0058769471533565805,
nano,ewc,military_helicopter,stage_2,nano:ewc:military_helicopter:stage_2,42,experiments/suites/thesis_l40_main/extend/model_nano/seed_42/ewc/military_helicopter/stage_2,0.09082535661812567,0.005570863188994787,0.051683585014776046,0.003117673759752228,0.9048301208253028,0.07580288774386025,0.4275491385997943,0.280044915259527,0.30883614765702155,0.008572065941292433,0.024458737204456925,0.001992934142585379,0.012385321100917432,0.0010091743119266055,0.9712230215827338,0.07913669064748201,0.8386501162940446,0.45544947288498017,0.45444021749016467,0.006217915868016256,,,,,,,0.03861904941179428,-0.00118960252232303,0.009060628375341051,0.004666126639592325,,,,,,,0.025744649794485652,0.012152900472175265,0.011573970842468917,0.004989058016334686,
nano,ewc,military_helicopter,stage_2,nano:ewc:military_helicopter:stage_2,43,experiments/suites/thesis_l40_main/extend/model_nano/seed_43/ewc/military_helicopter/stage_2,0.13815255704509383,0.01399658625434435,0.09978359480412452,0.010540161700284099,0.747350456115767,0.04874461255164556,0.3323303879983781,0.21109463712248985,0.22978863215128684,0.0020569779724449663,0.024821088866745177,0.0016305824802971285,0.012568807339449541,0.0008256880733944954,0.9856115107913669,0.06474820143884892,0.8140243390408908,0.42254520634975884,0.37179285371013593,0.001244360621486691,,,,,,,-0.004569799779284178,-0.044071318058949205,-0.12014502467290566,-0.0033903834396475678,,,,,,,-0.01972464764243531,-0.02867226876260945,-0.038621946594047135,-0.004327722148603923,
nano,ewc,military_helicopter,stage_2,nano:ewc:military_helicopter:stage_2,44,experiments/suites/thesis_l40_main/extend/model_nano/seed_44/ewc/military_helicopter/stage_2,0.09156201767844059,0.005335465177011616,0.06048484210711865,0.003438714078988449,0.8855472898867941,0.06553999785640238,0.42135165124004703,0.26952505187051784,0.30674760239115595,0.00606780291489742,0.024458737204456925,0.00235528580487363,0.012385321100917432,0.0011926605504587156,0.9712230215827338,0.09352517985611511,0.7628870772400763,0.4029860903986135,0.411815318436948,0.005352066754849581,,,,,,,-0.062136011426272786,-0.09563880424239368,-0.13839259638382545,-0.001078409703010299,,,,,,,-0.007367619271695824,-0.026405781682830254,-0.03274429071819723,-0.00678391612601911,
nano,ewc,military_tank,stage_1,nano:ewc:military_tank:stage_1,42,experiments/suites/thesis_l40_main/extend/model_nano/seed_42/ewc/military_tank/stage_1,0.10813572260504695,0.009017920565741636,0.07273216424653026,0.006265647524825388,0.8793882979826236,0.07069575989626327,0.4262153373982805,0.2987768425186912,0.3473362399466151,0.0065843832750042824,0.029469199360908926,0.0019527782709036037,0.014954954954954955,0.000990990990990991,1.0,0.06626506024096386,0.815097899822847,0.5362787977711951,0.62213003986027,0.016620090826262902,,,,,,,0.11928195657555174,0.09217091782759335,0.15112676893063137,0.003136239555646781,,,,,,,-0.009363559171327862,-0.007958660703486553,-0.006332641819363272,-0.008211460356561173,
nano,ewc,military_tank,stage_1,nano:ewc:military_tank:stage_1,43,experiments/suites/thesis_l40_main/extend/model_nano/seed_43/ewc/military_tank/stage_1,0.10497785423053786,0.005542949847595004,0.06210646071331408,0.0032991587717254235,0.8711634868992334,0.0575072041842691,0.42693823549667465,0.28698498046197823,0.33898852946566144,0.0035301119963758476,0.029469199360908926,0.0019527782709036037,0.014954954954954955,0.000990990990990991,1.0,0.06626506024096386,0.7978654924885982,0.5130367810954336,0.5704076333881989,0.0003495688332383579,,,,,,,0.12894939602478095,0.0988561418522077,0.14226129871783444,-0.012550645509725029,,,,,,,0.08095355873986909,0.05712782022122806,0.0811338148205708,-0.0034947747281504674,
nano,ewc,military_tank,stage_1,nano:ewc:military_tank:stage_1,44,experiments/suites/thesis_l40_main/extend/model_nano/seed_44/ewc/military_tank/stage_1,0.04050410868919611,0.0031505430689391274,0.020825804363237038,0.0016188980937821083,0.9633350003333873,0.07762833553321823,0.46635015354736814,0.3171169793266848,0.3649056944187609,0.004385888811359792,0.029469199360908926,0.0023078288656133497,0.014954954954954955,0.0011711711711711711,1.0,0.0783132530120482,0.8097067203703032,0.5308868310561748,0.6091011792960278,0.004886805417498798,,,,,,,0.2070423578666447,0.1609387201234967,0.21551816691282655,0.0007484217407072663,,,,,,,0.03757796556965687,0.02489853273596604,0.02744203576333959,-0.0025888830762001575,
nano,ewc,military_tank,stage_2,nano:ewc:military_tank:stage_2,42,experiments/suites/thesis_l40_main/extend/model_nano/seed_42/ewc/military_tank/stage_2,0.14341050237552191,0.007155035812622287,0.1109332645720994,0.004928303875267951,0.8418787185297142,0.05992176614887316,0.4204217784451951,0.29068482371730936,0.33678946674612525,0.003853851367485502,0.029291674063554058,0.0010651517841292384,0.014864864864864866,0.0005405405405405405,0.9939759036144579,0.03614457831325301,0.7682483386834559,0.4944140716865104,0.5707953577320426,0.001593962216375268,,,,,,,-0.046849561139391094,-0.04186472608468472,-0.05133468212822745,-0.015026128609887635,,,,,,,-0.005793558953085365,-0.008092018801381828,-0.010546773200489856,-0.0027305319075187806,
nano,ewc,military_tank,stage_2,nano:ewc:military_tank:stage_2,43,experiments/suites/thesis_l40_main/extend/model_nano/seed_43/ewc/military_tank/stage_2,0.06434816708592939,0.0022876713918588746,0.03533131713145166,0.0012404521229745313,0.8647984801435884,0.0471498921553408,0.39359282028943987,0.2649780210552014,0.3034943128955936,0.0012963538514062646,0.029469199360908926,0.0012426770814841115,0.014954954954954955,0.0006306306306306306,1.0,0.04216867469879518,0.8076102544097592,0.5161333558989035,0.6130359385042174,0.0011326746422596434,,,,,,,0.009744761921161027,0.0030965748034699203,0.04262830511601856,0.0007831058090212856,,,,,,,-0.033345415207234774,-0.022006959406776827,-0.03549421657006785,-0.002233758144969583,
nano,ewc,military_tank,stage_2,nano:ewc:military_tank:stage_2,44,experiments/suites/thesis_l40_main/extend/model_nano/seed_44/ewc/military_tank/stage_2,0.035992672922023385,0.0035021270375857933,0.018412951562082325,0.0017893338157342696,0.9631383272990058,0.10285729393927408,0.45791962991887525,0.31581645292243704,0.3618891152772235,0.007449044375160872,0.029291674063554058,0.0028404047576779693,0.014864864864864866,0.0014414414414414415,0.9939759036144579,0.0963855421686747,0.8352544303190358,0.5537170595694205,0.6243203522032146,0.009452053991304181,,,,,,,0.025547709948732567,0.022830228513245676,0.015219172907186773,0.0045652485738053835,,,,,,,-0.008430523628492892,-0.0013005264042477704,-0.003016579141537412,0.00306315556380108,
nano,finetuning,military_aircraft,stage_1,nano:finetuning:military_aircraft:stage_1,42,experiments/suites/thesis_l40_main/extend/model_nano/seed_42/finetuning/military_aircraft/stage_1,0.14526106359569407,0.010224535229229786,0.10999557225663294,0.007492828511291479,0.6342055395042993,0.04058084738002652,0.2839019942495001,0.19045966872122744,0.21916860412956093,0.0062089258017305575,0.029146426092990976,0.0016655100624566274,0.014788732394366197,0.0008450704225352113,1.0,0.05714285714285714,0.806512258047041,0.5056609690118632,0.5730350920845065,0.0023391290691487637,,,,,,,0.5793343802082416,0.40648971658155214,0.5001395909905043,0.002048183130205189,,,,,,,0.026575366291386626,0.013594112664327168,0.022062681652525534,-0.020220519036165972,
nano,finetuning,military_aircraft,stage_1,nano:finetuning:military_aircraft:stage_1,43,experiments/suites/thesis_l40_main/extend/model_nano/seed_43/finetuning/military_aircraft/stage_1,0.09304445438072811,0.009869300686645982,0.07521169074994637,0.006158542361075316,0.7590617521630647,0.07721230991375673,0.3177201521716358,0.2226007891907158,0.26098466243322943,0.004309819704827011,0.028868841082581538,0.0022206800832755033,0.014647887323943662,0.0011267605633802818,0.9904761904761905,0.0761904761904762,0.8221372545628195,0.5309241597930892,0.6076347638426624,0.0038067643359451465,,,,,,,0.5148328870961343,0.3539717574072516,0.41679435169009105,0.0028078045265944626,,,,,,,0.10233153866293293,0.06340472454501248,0.0714557653032922,-0.0011418645994393673,
nano,finetuning,military_aircraft,stage_1,nano:finetuning:military_aircraft:stage_1,44,experiments/suites/thesis_l40_main/extend/model_nano/seed_44/finetuning/military_aircraft/stage_1,0.07319990142553129,0.007023429118716636,0.05678804730847677,0.0041897163150501834,0.7560708350009921,0.06203423990658922,0.38341867501543175,0.2610162260000963,0.3059034887507604,0.00829515420175524,0.028868841082581538,0.0013879250520471896,0.014647887323943662,0.0007042253521126761,0.9904761904761905,0.047619047619047616,0.7932267211998599,0.48745508489634337,0.5825600509887405,0.0011962836214082077,,,,,,,0.21816063732566315,0.13069017303960934,0.18939802680825696,-0.0047130309647018895,,,,,,,0.06971653923391419,0.04173473619050333,0.051719099645824884,0.0036455470162262294,
nano,finetuning,military_aircraft,stage_2,nano:finetuning:military_aircraft:stage_2,42,experiments/suites/thesis_l40_main/extend/model_nano/seed_42/finetuning/military_aircraft/stage_2,0.14842370512238648,0.007240328893250933,0.10845099801202213,0.004907330230892568,0.6658411684027657,0.03656136570543631,0.2941317862724947,0.2017575938699674,0.23099817292876365,0.005009698813064888,0.029146426092990976,0.0013879250520471896,0.014788732394366197,0.0007042253521126761,1.0,0.047619047619047616,0.8068538922716293,0.5184965813477408,0.575068950356205,0.00024220020000227638,,,,,,,0.0003416342245883275,0.0128356123358776,0.002033858271698441,-0.002096928869146487,,,,,,,0.010229792022994622,0.011297925148739951,0.011829568799202717,-0.0011992269886656696,
nano,finetuning,military_aircraft,stage_2,nano:finetuning:military_aircraft:stage_2,43,experiments/suites/thesis_l40_main/extend/model_nano/seed_43/finetuning/military_aircraft/stage_2,0.09849953617284281,0.004824835326763075,0.06924987027778771,0.003616293977914138,0.7717589336878848,0.06043124086366955,0.3141890499446517,0.2143899982645507,0.24515687803030461,0.003745915260597093,0.028868841082581538,0.0022206800832755033,0.014647887323943662,0.0011267605633802818,0.9904761904761905,0.0761904761904762,0.7936051347681216,0.5040728235585983,0.5581010170427788,0.005370340926588133,,,,,,,-0.02853211979469794,-0.026851336234490875,-0.04953374679988354,0.0015635765906429865,,,,,,,-0.0035311022269841064,-0.008210790926165085,-0.015827784402924816,-0.0005639044442299185,
nano,finetuning,military_aircraft,stage_2,nano:finetuning:military_aircraft:stage_2,44,experiments/suites/thesis_l40_main/extend/model_nano/seed_44/finetuning/military_aircraft/stage_2,0.07711588646678699,0.008324582209219921,0.06854044903911728,0.006859371131633198,0.7897305100132498,0.07288063933688604,0.3898385697689666,0.26541485012273003,0.31353674131830656,0.00826887988801324,0.028868841082581538,0.0016655100624566274,0.014647887323943662,0.0008450704225352113,0.9904761904761905,0.05714285714285714,0.7791751692584495,0.4769594412165567,0.5971687448346192,0.004319604280937268,,,,,,,-0.01405155194141039,-0.01049564367978667,0.014608693845878706,0.00312332065952906,,,,,,,0.006419894753534827,0.004398624122633754,0.007633252567546156,-2.627431374200087e-05,
nano,finetuning,military_helicopter,stage_1,nano:finetuning:military_helicopter:stage_1,42,experiments/suites/thesis_l40_main/extend/model_nano/seed_42/finetuning/military_helicopter/stage_1,0.05808237636731864,0.0017178547801102557,0.07561551454302083,0.0015247096224122,0.5451276525057543,0.01874758381708162,0.25603962724766,0.16343530247456042,0.1868273971582678,0.00035260994470912455,0.0250022646978893,0.0007247033245765015,0.012660550458715596,0.0003669724770642202,0.9928057553956835,0.02877697841726619,0.7707713748282004,0.418765821063252,0.4365635505713296,0.00021302827294771508,,,,,,,0.18669572744170904,0.09180224935797832,0.07393634100784008,6.439157675586061e-05,,,,,,,-0.0012870007104534564,-0.013430253582339846,-0.010278525318767606,-0.026076834893187406,
nano,finetuning,military_helicopter,stage_1,nano:finetuning:military_helicopter:stage_1,43,experiments/suites/thesis_l40_main/extend/model_nano/seed_43/finetuning/military_helicopter/stage_1,0.10921361975196126,0.008979993526578467,0.10492530000215856,0.00837388408085354,0.5898720594548856,0.055627147775928566,0.2889237316998141,0.20031149133186374,0.24045996776538572,0.003056121098938245,0.024821088866745177,0.0016305824802971285,0.012568807339449541,0.0008256880733944954,0.9856115107913669,0.06474820143884892,0.7864065050396096,0.4337047781638277,0.4587378472509811,0.0016597353705339552,,,,,,,0.27111891482917516,0.14258357920237935,0.14012387899703643,0.0001391299751944946,,,,,,,0.07353511819111125,0.04111542668616042,0.050931070635448494,-0.0023955632053281337,
nano,finetuning,military_helicopter,stage_1,nano:finetuning:military_helicopter:stage_1,44,experiments/suites/thesis_l40_main/extend/model_nano/seed_44/finetuning/military_helicopter/stage_1,0.05737345903815625,0.00938947337095557,0.10535265386642152,0.012293634129623768,0.5265171502352509,0.05077266683399253,0.30415493678183053,0.21320716102484716,0.2588745962307019,0.010517413900860183,0.0250022646978893,0.001449406649153003,0.012660550458715596,0.0007339449541284404,0.9928057553956835,0.05755395683453238,0.852062841347405,0.49775874534839637,0.5627416801774037,0.002878488482941314,,,,,,,0.14785249215668528,0.05814130854652849,0.05089935855540084,-0.0019807917483785848,,,,,,,-0.009547198999687034,-0.006074328784745786,0.004690207125766399,0.0058678067153311725,
nano,finetuning,military_helicopter,stage_2,nano:finetuning:military_helicopter:stage_2,42,experiments/suites/thesis_l40_main/extend/model_nano/seed_42/finetuning/military_helicopter/stage_2,0.05823004436478122,0.002211671164857649,0.10759005936527555,0.010000575571112905,0.5388091272915023,0.02978979998379802,0.25352641193532316,0.15840007360542077,0.17298978373621735,0.0016691806519039812,0.024821088866745177,0.0012682308180088776,0.012568807339449541,0.0006422018348623853,0.9856115107913669,0.050359712230215826,0.8140557720311425,0.44224244381199745,0.44922762239171765,0.00385335135617377,,,,,,,0.04328439720294219,0.023476622748745457,0.012664071820388034,0.0036403230832260545,,,,,,,-0.002513215312336836,-0.005035228869139652,-0.013837613422050449,0.0013165707071948567,
nano,finetuning,military_helicopter,stage_2,nano:finetuning:military_helicopter:stage_2,43,experiments/suites/thesis_l40_main/extend/model_nano/seed_43/finetuning/military_helicopter/stage_2,0.10504582050791687,0.006974814075496892,0.13218216813407846,0.009397339207741549,0.5850772811376711,0.031022899744572507,0.3233357291797937,0.20257500620262225,0.2351865320415265,0.002892722240148887,0.024821088866745177,0.001449406649153003,0.012568807339449541,0.0007339449541284404,0.9856115107913669,0.05755395683453238,0.8219165125300346,0.42379203882761,0.3690321780338258,0.012908680929380611,,,,,,,0.03551000749042499,-0.009912739336217669,-0.08970566921715528,0.011248945558846656,,,,,,,0.034411997479979584,0.002263514870758515,-0.0052734357238592156,-0.00016339885878935813,
nano,finetuning,military_helicopter,stage_2,nano:finetuning:military_helicopter:stage_2,44,experiments/suites/thesis_l40_main/extend/model_nano/seed_44/finetuning/military_helicopter/stage_2,0.08144236509101457,0.00261163583030489,0.19242711518640468,0.02118957276342288,0.547736015060991,0.030569758541223926,0.3155286169479562,0.21445656321949036,0.24495506447397167,0.0024521045107591816,0.024821088866745177,0.0016305824802971285,0.012568807339449541,0.0008256880733944954,0.9856115107913669,0.06474820143884892,0.8070539698180369,0.46378438227425633,0.5006816331467531,0.0012782423293757688,,,,,,,-0.045008871529368055,-0.033974363074140035,-0.0620600470306506,-0.001600246153565545,,,,,,,0.011373680166125666,0.001249402194643201,-0.013919531756730247,-0.008065309390101002,
nano,finetuning,military_tank,stage_1,nano:finetuning:military_tank:stage_1,42,experiments/suites/thesis_l40_main/extend/model_nano/seed_42/finetuning/military_tank/stage_1,0.0845840862802395,0.003692462674215475,0.04675196969796791,0.002031140403991765,0.9249341286551505,0.04752167254542441,0.35782430799177717,0.24068445403732128,0.2817204769744714,0.0032426551165987416,0.029291674063554058,0.0012426770814841115,0.014864864864864866,0.0006306306306306306,0.9939759036144579,0.04216867469879518,0.821587629012153,0.5392480948776732,0.6222602773723075,0.001039064065643767,,,,,,,0.5823743709388237,0.418581128111005,0.519228203165693,0.0010194484339468679,,,,,,,0.10049768003366372,0.06381889798042101,0.08461455449743599,-0.023186789721297788,
nano,finetuning,military_tank,stage_1,nano:finetuning:military_tank:stage_1,43,experiments/suites/thesis_l40_main/extend/model_nano/seed_43/finetuning/military_tank/stage_1,0.12732589384114884,0.006597826212565146,0.08503496449109584,0.004586969890323362,0.8344793695066848,0.05787295740725407,0.34089472732197673,0.22691345184060516,0.2616476638431798,0.0036749876847880576,0.029291674063554058,0.002485354162968223,0.014864864864864866,0.0012612612612612612,0.9939759036144579,0.08433734939759036,0.7863530283215983,0.5001793593865215,0.557675345429978,0.001098193435850449,,,,,,,0.621578397816974,0.4194644888843677,0.4796771024380993,0.000533914496923711,,,,,,,0.12550611381327387,0.06771738719490183,0.07211876671324255,-0.001776696619478321,
nano,finetuning,military_tank,stage_1,nano:finetuning:military_tank:stage_1,44,experiments/suites/thesis_l40_main/extend/model_nano/seed_44/finetuning/military_tank/stage_1,0.13907578574379184,0.006828719179127245,0.08599698980888128,0.003960782596979319,0.9026953617384251,0.050274555515337715,0.44349723955550396,0.2982290506021347,0.3483571823405025,0.002128526231776697,0.029469199360908926,0.0019527782709036037,0.014954954954954955,0.000990990990990991,1.0,0.06626506024096386,0.8040109550437196,0.5119127753989193,0.5937581282049772,0.0019795030158064175,,,,,,,0.28356536113923325,0.19949275526647292,0.27866478761936764,0.000765554294230581,,,,,,,0.1297951037739864,0.07894756079254178,0.09417279323556699,-0.0025210809537523134,
nano,finetuning,military_tank,stage_2,nano:finetuning:military_tank:stage_2,42,experiments/suites/thesis_l40_main/extend/model_nano/seed_42/finetuning/military_tank/stage_2,0.10833736391136407,0.004187463404640703,0.06264287363841471,0.002382456742716009,0.8917625162460161,0.047000690325829764,0.35945743797706814,0.23525592449274865,0.2705680370034976,0.0018257112889466804,0.029114148766199183,0.0007101011894194923,0.014774774774774775,0.00036036036036036037,0.9879518072289156,0.024096385542168676,0.6951535626836277,0.4392962972822671,0.5132207350127519,0.0014921145022569798,,,,,,,-0.12643406632852527,-0.09995179759540612,-0.1090395423595556,0.0004530504366132128,,,,,,,0.0016331299852909709,-0.0054285295445726245,-0.011152439970973815,-0.0014169438276520612,
nano,finetuning,military_tank,stage_2,nano:finetuning:military_tank:stage_2,43,experiments/suites/thesis_l40_main/extend/model_nano/seed_43/finetuning/military_tank/stage_2,0.13607284398624872,0.004487769946417727,0.09069639286889758,0.0031186717778082618,0.8341062686289428,0.047112480009061534,0.33139016998918863,0.2231111564036501,0.2619010411207205,0.0038809326180692977,0.029291674063554058,0.0023078288656133497,0.014864864864864866,0.0011711711711711711,0.9939759036144579,0.0783132530120482,0.7931902994284589,0.518063473016763,0.600776946153419,0.0038783797518517475,,,,,,,0.00683727110686061,0.01788411363024156,0.04310160072344105,0.0027801863160012985,,,,,,,-0.0095045573327881,-0.0038022954369550666,0.0002533772775407117,0.00020594493328124006,
nano,finetuning,military_tank,stage_2,nano:finetuning:military_tank:stage_2,44,experiments/suites/thesis_l40_main/extend/model_nano/seed_44/finetuning/military_tank/stage_2,0.13198285212280683,0.008050484795758789,0.08143191267309234,0.004923710070997132,0.8908393997859148,0.06129782618213625,0.41453792769163145,0.28132979104837313,0.3260388004088423,0.004262625019024514,0.029469199360908926,0.0012426770814841115,0.014954954954954955,0.0006306306306306306,1.0,0.04216867469879518,0.8308553342114524,0.5386137836234144,0.6013253831557368,0.003969938693318584,,,,,,,0.026844379167732857,0.02670100822449506,0.007567254950759605,0.0019904356775121666,,,,,,,-0.028959311863872517,-0.016899259553761592,-0.02231838193166019,0.0021340987872478165,
nano,replay,military_aircraft,stage_1,nano:replay:military_aircraft:stage_1,42,experiments/suites/thesis_l40_main/extend/model_nano/seed_42/replay/military_aircraft/stage_1,0.08491759248953516,0.009280875798734496,0.04581609670316595,0.004970312008607037,0.9495479310262063,0.13451425581942636,0.7304110577780962,0.5272773886815084,0.6187822706751596,0.0440050292538662,0.029146426092990976,0.004718945176960444,0.014788732394366197,0.0023943661971830986,1.0,0.1619047619047619,0.7617967237281331,0.5615750755565844,0.65061704395513,0.10844964097684963,,,,,,,0.15499900085128349,0.14889329973325593,0.19172652702091053,0.09778163542305687,,,,,,,0.016783505110368413,0.013281901236890103,0.02106758151710264,0.02220912992140834,
nano,replay,military_aircraft,stage_1,nano:replay:military_aircraft:stage_1,43,experiments/suites/thesis_l40_main/extend/model_nano/seed_43/replay/military_aircraft/stage_1,0.03510432200651874,0.004385804754714292,0.017979628475841652,0.0022446056014184283,0.9740213399527168,0.1284771184904218,0.6725851579827191,0.4693582156395637,0.536163029492341,0.026535759216291168,0.028591256072172104,0.004718945176960444,0.014507042253521127,0.0023943661971830986,0.9809523809523809,0.1619047619047619,0.7570038590665793,0.5105751518528721,0.61800701713361,0.0156033107724875,,,,,,,-0.016530589231826487,0.027293602299010122,0.06033284888004897,0.012554741563135643,,,,,,,0.012398539687917487,0.017250092677049078,0.003757323974274529,0.018547827641843255,
nano,replay,military_aircraft,stage_1,nano:replay:military_aircraft:stage_1,44,experiments/suites/thesis_l40_main/extend/model_nano/seed_44/replay/military_aircraft/stage_1,0.08681121660771174,0.008298907724389659,0.048290181513216825,0.004559265295626349,0.960315719647865,0.11595705429070502,0.6841513951239112,0.47754859910743336,0.5548773739782493,0.023677584271768498,0.029146426092990976,0.0027758501040943792,0.014788732394366197,0.0014084507042253522,1.0,0.09523809523809523,0.7550579631656168,0.5016892440808394,0.5945905179486614,0.02006519552396772,,,,,,,0.12692491920415616,0.0734468994479579,0.09144452634389244,0.019829457664467486,,,,,,,0.026036661065500066,0.018927222024587076,0.01943195674060505,0.009788042302468393,
nano,replay,military_aircraft,stage_2,nano:replay:military_aircraft:stage_2,42,experiments/suites/thesis_l40_main/extend/model_nano/seed_42/replay/military_aircraft/stage_2,0.0757497910987492,0.009982243878747604,0.040436161728134655,0.005296299571503109,0.9544530678256199,0.15403314483147815,0.7293622521851589,0.5166904001432815,0.5862569548842731,0.04619628461661026,0.028868841082581538,0.006939625260235947,0.014647887323943662,0.0035211267605633804,0.9904761904761905,0.23809523809523808,0.7672298269789869,0.5604651819905344,0.6324149078937839,0.11558650689031173,,,,,,,0.005433103250853777,-0.0011098935660499576,-0.01820213606134613,0.007136865913462104,,,,,,,-0.0010488055929372964,-0.010586988538226927,-0.032525315790886467,0.00219125536274406,
nano,replay,military_aircraft,stage_2,nano:replay:military_aircraft:stage_2,43,experiments/suites/thesis_l40_main/extend/model_nano/seed_43/replay/military_aircraft/stage_2,0.03665879897338005,0.0035554451888226758,0.018796365892677417,0.0018213777376831317,0.9757065119130187,0.10686820425842357,0.6691846817360078,0.46387471151998705,0.5305959941528119,0.019815141549564336,0.028868841082581538,0.0033310201249132547,0.014647887323943662,0.0016901408450704226,0.9904761904761905,0.11428571428571428,0.7775598795340445,0.5324106974531422,0.6496532291814823,0.005214303357060549,,,,,,,0.020556020467465186,0.021835545600270123,0.031646212047872324,-0.010389007415426952,,,,,,,-0.003400476246711359,-0.005483504119576654,-0.0055670353395290695,-0.006720617666726832,
nano,replay,military_aircraft,stage_2,nano:replay:military_aircraft:stage_2,44,experiments/suites/thesis_l40_main/extend/model_nano/seed_44/replay/military_aircraft/stage_2,0.07228953605839149,0.006334891743055987,0.03935533794307802,0.003406275849857247,0.959311703583608,0.11370234504853212,0.6793379097752208,0.46962109127061974,0.5325412290002451,0.02458549970210212,0.028868841082581538,0.0033310201249132547,0.014647887323943662,0.0016901408450704226,0.9904761904761905,0.11428571428571428,0.7609362663263207,0.5029753135847895,0.5645333381145032,0.020686780000693065,,,,,,,0.005878303160703924,0.0012860695039501602,-0.03005717983415812,0.0006215844767253446,,,,,,,-0.004813485348690416,-0.007927507836813619,-0.02233614497800418,0.0009079154303336216,
nano,replay,military_helicopter,stage_1,nano:replay:military_helicopter:stage_1,42,experiments/suites/thesis_l40_main/extend/model_nano/seed_42/replay/military_helicopter/stage_1,0.078411514439677,0.007897353848234251,0.04200679090524271,0.004197900322149816,0.9494816263313153,0.12730682656307227,0.7275976494007487,0.517981645319903,0.6070635988373895,0.027445107024395066,0.0250022646978893,0.003079989129450131,0.012660550458715596,0.0015596330275229357,0.9928057553956835,0.1223021582733813,0.8847143074990088,0.5982814509203471,0.7075055064430572,0.016618364670345397,,,,,,,0.02867173656264399,0.0010942428359045353,0.026239294682562586,0.005502659050306762,,,,,,,0.013970096733020854,0.003986157875284668,0.009348909679332551,0.005649207691937205,
nano,replay,military_helicopter,stage_1,nano:replay:military_helicopter:stage_1,43,experiments/suites/thesis_l40_main/extend/model_nano/seed_43/replay/military_helicopter/stage_1,0.035693587201226375,0.003019175519686987,0.018295286364205014,0.001544723852395298,0.9709600319687327,0.093150660318219,0.6695984340124568,0.46653555972392136,0.5346172328660221,0.017231594448442872,0.024821088866745177,0.00235528580487363,0.012568807339449541,0.0011926605504587156,0.9856115107913669,0.09352517985611511,0.7637981001682901,0.46920111354980065,0.522916702374081,0.006342394604475051,,,,,,,0.008522523232832757,0.03286043755592882,0.03729495619754025,0.005878233607124214,,,,,,,0.009411815717655148,0.014427436761406731,0.0022115273479557107,0.009243662873994961,
nano,replay,military_helicopter,stage_1,nano:replay:military_helicopter:stage_1,44,experiments/suites/thesis_l40_main/extend/model_nano/seed_44/replay/military_helicopter/stage_1,0.10780118046295105,0.011191178302960833,0.060723103637496695,0.006258055602567487,0.9457084530711389,0.1158889610094714,0.6844453971395142,0.4848807916098618,0.5648742582031748,0.020183668141991448,0.0250022646978893,0.001811758311441254,0.012660550458715596,0.0009174311926605505,0.9928057553956835,0.07194244604316546,0.8431907006104961,0.5391473470227226,0.6414486418861508,0.015813763959963197,,,,,,,0.017451672166674648,-0.0022993705737766046,0.001495698427013914,0.0018022422935710086,,,,,,,0.0263306630811031,0.026259414527015523,0.029428840965530556,0.006294126172691343,
nano,replay,military_helicopter,stage_2,nano:replay:military_helicopter:stage_2,42,experiments/suites/thesis_l40_main/extend/model_nano/seed_42/replay/military_helicopter/stage_2,0.07115993838342095,0.00945696967667072,0.03786218358093518,0.005017592543532437,0.9460479630541769,0.1356893012867316,0.7188254036497262,0.5054823578043428,0.5860564738225532,0.04005869875032712,0.0250022646978893,0.003079989129450131,0.012660550458715596,0.0015596330275229357,0.9928057553956835,0.1223021582733813,0.8994260194937113,0.5815187861343318,0.6550713647400972,0.015109083989527344,,,,,,,0.014711711994702448,-0.01676266478601529,-0.05243414170296001,-0.001509280680818053,,,,,,,-0.008772245751022423,-0.012499287515560176,-0.02100712501483626,0.012613591725932051,
nano,replay,military_helicopter,stage_2,nano:replay:military_helicopter:stage_2,43,experiments/suites/thesis_l40_main/extend/model_nano/seed_43/replay/military_helicopter/stage_2,0.038294470489281265,0.003882006264345843,0.019692317391271273,0.0019937709975526275,0.970264816507366,0.10967173177187965,0.6744407127461036,0.46571368708708666,0.5356161504443119,0.01652349103943072,0.024821088866745177,0.003623516622882508,0.012568807339449541,0.001834862385321101,0.9856115107913669,0.14388489208633093,0.7671692319538205,0.4649672048880823,0.5211552610586396,0.010741609053504186,,,,,,,0.00337113178553039,-0.004233908661718355,-0.0017614413154414255,0.004399214449029135,,,,,,,0.004842278733646843,-0.0008218726368346974,0.0009989175782897375,-0.0007081034090121521,
nano,replay,military_helicopter,stage_2,nano:replay:military_helicopter:stage_2,44,experiments/suites/thesis_l40_main/extend/model_nano/seed_44/replay/military_helicopter/stage_2,0.07563418062591985,0.007896079032792505,0.04103179214488125,0.004286593772562504,0.954453952368775,0.11719497797626242,0.6775073965727393,0.4736698725977713,0.5390040982575826,0.01908844140760449,0.024821088866745177,0.001992934142585379,0.012568807339449541,0.0010091743119266055,0.9856115107913669,0.07913669064748201,0.8389217782524454,0.5243182817254703,0.6033700831348056,0.009550351561043951,,,,,,,-0.004268922358050653,-0.014829065297252253,-0.03807855875134525,-0.006263412398919246,,,,,,,-0.00693800056677496,-0.011210919012090481,-0.025870159945592275,-0.0010952267343869587,
nano,replay,military_tank,stage_1,nano:replay:military_tank:stage_1,42,experiments/suites/thesis_l40_main/extend/model_nano/seed_42/replay/military_tank/stage_1,0.07597394985028778,0.0107112675910693,0.04057678441588478,0.005731867354416828,0.9587102627383505,0.1405298099676998,0.7328404967246877,0.5286939514165594,0.6185789625911056,0.04821205618478874,0.029469199360908926,0.0017752529735487307,0.014954954954954955,0.0009009009009009009,1.0,0.060240963855421686,0.7692260004979459,0.5000454872523845,0.5829701623299907,0.010141184733541394,,,,,,,0.06613651050317315,0.027790114180557657,0.03548707546961094,-0.011745621054068263,,,,,,,0.019212944056959835,0.014698463971941078,0.02086427343304864,0.026416156852330883,
nano,replay,military_tank,stage_1,nano:replay:military_tank:stage_1,43,experiments/suites/thesis_l40_main/extend/model_nano/seed_43/replay/military_tank/stage_1,0.03360162811839087,0.003567009941212156,0.0171873205895691,0.0018219218122290225,0.9690319407663859,0.11646185834553945,0.6590969807433139,0.4552828912938332,0.5244244745027479,0.018652413283104838,0.029469199360908926,0.004615657731226699,0.014954954954954955,0.0023423423423423423,1.0,0.1566265060240964,0.753831797298909,0.5104234953872194,0.5974995760948275,0.0063844431183922865,,,,,,,0.029051888458508368,-0.002220371767347795,-0.002530981431055457,0.0039608885471102764,,,,,,,-0.001089637551487721,0.003174768331318578,-0.007981231015318557,0.010664481708656927,
nano,replay,military_tank,stage_1,nano:replay:military_tank:stage_1,44,experiments/suites/thesis_l40_main/extend/model_nano/seed_44/replay/military_tank/stage_1,0.06652946278170935,0.007013645082394391,0.03525786522434139,0.0037178820181920226,0.9532869006135436,0.10662983492128301,0.6689005564881868,0.4741645883102275,0.5575240614965268,0.01912017983836781,0.029469199360908926,0.0030179300550328423,0.014954954954954955,0.0015315315315315315,1.0,0.10240963855421686,0.7596971498591596,0.5080956931553007,0.6065116904825496,0.014283249831866202,,,,,,,0.04831038850101754,0.04473511811526054,0.07535630467324539,0.010014557285449276,,,,,,,0.01078582242977566,0.015543211227381226,0.022078644258882507,0.005230637869067705,
nano,replay,military_tank,stage_2,nano:replay:military_tank:stage_2,42,experiments/suites/thesis_l40_main/extend/model_nano/seed_42/replay/military_tank/stage_2,0.07252674185496849,0.009874557975225224,0.03881590998605241,0.005291107277767435,0.9585977118357958,0.13301270519517097,0.7238740933939143,0.5149429079410927,0.5927566265679846,0.048529445520632125,0.029291674063554058,0.0015977276761938576,0.014864864864864866,0.0008108108108108108,0.9939759036144579,0.05421686746987952,0.7589670230919305,0.4936030814361853,0.560528154361411,0.011685957328127178,,,,,,,-0.010258977406015335,-0.006442405816199204,-0.022442007968579647,0.001544772594585785,,,,,,,-0.008966403330773365,-0.01375104347546674,-0.025822336023121006,0.00031738933584338214,
nano,replay,military_tank,stage_2,nano:replay:military_tank:stage_2,43,experiments/suites/thesis_l40_main/extend/model_nano/seed_43/replay/military_tank/stage_2,0.036376647779288625,0.0030205711400809257,0.018668628650434175,0.0015481401222539905,0.9696152262894305,0.09138742420715674,0.6552109399737747,0.45304078683166904,0.5250224764932457,0.015136601690756639,0.029469199360908926,0.0033729806497425885,0.014954954954954955,0.0017117117117117118,1.0,0.1144578313253012,0.7635406959549591,0.5203218605892802,0.5988529490971759,0.0037540641332759945,,,,,,,0.009708898656050069,0.009898365202060777,0.0013533730023483903,-0.002630378985116292,,,,,,,-0.003886040769539245,-0.002242104462164163,0.0005980019904978651,-0.003515811592348199,
nano,replay,military_tank,stage_2,nano:replay:military_tank:stage_2,44,experiments/suites/thesis_l40_main/extend/model_nano/seed_44/replay/military_tank/stage_2,0.0540388705410015,0.005081260199073199,0.028227498554675528,0.002653077742844251,0.963328426508411,0.10710893982527346,0.6699424063261663,0.4705452678242616,0.5472958406999627,0.024376259423884425,0.029469199360908926,0.0019527782709036037,0.014954954954954955,0.000990990990990991,1.0,0.06626506024096386,0.8077463866289758,0.5407752367586858,0.635678116896609,0.01954453197895189,,,,,,,0.048049236769816206,0.0326795436033851,0.02916642641405942,0.0052612821470856865,,,,,,,0.0010418498379795027,-0.0036193204859659156,-0.010228220796564047,0.005256079585516615,
small,det_lora_grow_freeze,military_aircraft,stage_1,small:det_lora_grow_freeze:military_aircraft:stage_1,42,experiments/suites/thesis_l40_main/extend/model_small/seed_42/det_lora_grow_freeze/military_aircraft/stage_1,0.16240907501383095,0.019168796115126705,0.10832269044042074,0.013432210958952757,0.8748466032578891,0.10351599872877465,0.6164550357209173,0.40605875638737304,0.4496675318971648,0.017211906141939477,0.02831367106176266,0.0027758501040943792,0.01436619718309859,0.0014084507042253522,0.9714285714285714,0.09523809523809523,0.7783954876120264,0.4791225019416297,0.540988072585419,0.021678790003259864,0.0,0.0008327550312283141,0.0,0.00042253521126760576,0.0,0.028571428571428567,-0.005482501606294821,-0.02034692178479336,-0.04995109924085461,0.00865184821133631,0.12344160306827756,0.015533449936931478,0.08827417863772215,0.011569665820655625,-0.09651694584809456,-0.007190590556501952,-0.014050196080928279,-0.02131660073607805,-0.027719226981947787,-0.0032802659810418147,
small,det_lora_grow_freeze,military_aircraft,stage_1,small:det_lora_grow_freeze:military_aircraft:stage_1,43,experiments/suites/thesis_l40_main/extend/model_small/seed_43/det_lora_grow_freeze/military_aircraft/stage_1,0.06079816096773553,0.006116204617010201,0.033495983946205066,0.0033461439388400515,0.9360841027851275,0.11183686935849387,0.6357258972283143,0.4258784703204708,0.4753105302883336,0.01906064980757958,0.028868841082581538,0.0033310201249132547,0.014647887323943662,0.0016901408450704226,0.9904761904761905,0.11428571428571428,0.7970385487485385,0.5008676708729786,0.5881640245607737,0.020988112062660692,0.0,0.0,0.0,0.0,0.0,0.0,1.6150528278857657e-05,-0.004935897981178439,0.0010771364128835392,-0.0004056462530286284,0.023437952698440415,0.002409961971995489,0.014279618848247914,0.0014490104059294805,-0.03696285794000842,-0.00017959988551012607,0.028352154207075153,0.010764105091402021,0.015203772259557546,0.0024174620817787908,
small,det_lora_grow_freeze,military_aircraft,stage_1,small:det_lora_grow_freeze:military_aircraft:stage_1,44,experiments/suites/thesis_l40_main/extend/model_small/seed_44/det_lora_grow_freeze/military_aircraft/stage_1,0.07786503281828012,0.006407206489254506,0.04421469602206565,0.0036255561947174616,0.9497411476429599,0.09692794233328562,0.642532170872096,0.4328293246106865,0.4833158147333932,0.016876164181074415,0.028036086051353225,0.0022206800832755033,0.014225352112676056,0.0011267605633802818,0.9619047619047619,0.0761904761904762,0.7919055763511009,0.5212769698919268,0.6269764516170026,0.02481248124812481,-0.00027758501040943406,-0.0005551700208188759,-0.00014084507042253468,-0.00028169014084507044,-0.00952380952380949,-0.019047619047619035,-0.015399556119018665,-0.008545568202876108,-0.006471075616342414,-0.003975624480988177,0.03142429504133011,0.003003098950896641,0.020027976126097437,0.0018675484387023988,-0.02414920300603396,-0.003174603174603191,0.0008214203408851706,-0.007877948840250448,-0.010973936939820628,-0.002234622157675982,
small,det_lora_grow_freeze,military_aircraft,stage_2,small:det_lora_grow_freeze:military_aircraft:stage_2,42,experiments/suites/thesis_l40_main/extend/model_small/seed_42/det_lora_grow_freeze/military_aircraft/stage_2,0.18503466359041085,0.022497826567561278,0.12957721616340706,0.01667474647270264,0.8708594510495055,0.10548854755244243,0.6026145126808764,0.39666529569742065,0.4404378940920149,0.016998430315551583,0.02831367106176266,0.002498265093684941,0.01436619718309859,0.0012676056338028169,0.9714285714285714,0.08571428571428572,0.7714880636500672,0.46965274918425504,0.5222542836543737,0.019051118148380817,0.0,-0.0002775850104094384,0.0,-0.00014084507042253533,0.0,-0.009523809523809518,-0.006907423961959203,-0.009469752757374661,-0.01873378893104538,-0.0026276718548790476,0.14420775567975316,0.018459767094503483,0.10854269749140023,0.014601909440951934,-0.10256138997620523,-0.006905482988620745,-0.024152421669555224,-0.023411161816006998,-0.023412980123627802,-0.002480931961629497,
small,det_lora_grow_freeze,military_aircraft,stage_2,small:det_lora_grow_freeze:military_aircraft:stage_2,43,experiments/suites/thesis_l40_main/extend/model_small/seed_43/det_lora_grow_freeze/military_aircraft/stage_2,0.08665980618065668,0.009338234663541204,0.0497786675052784,0.005381599336780723,0.9139710362882264,0.10876240585237568,0.6210522911580868,0.4166826889374145,0.4682667297014502,0.017467439959324416,0.028591256072172104,0.0033310201249132547,0.014507042253521127,0.0016901408450704226,0.9809523809523809,0.11428571428571428,0.7824827998979172,0.4841451965924056,0.5662526903372922,0.019136290008256583,-0.00027758501040943406,0.0,-0.00014084507042253468,0.0,-0.009523809523809601,0.0,-0.014555748850621275,-0.01672247428057294,-0.02191133422348146,-0.0018518220544041092,0.04569827914485073,0.005140194918713922,0.028689889477588233,0.003229389413576947,-0.0559013212623064,-0.005390815528380458,0.0194799727920979,0.00476717525709669,0.009647728700975078,7.554510225647043e-05,
small,det_lora_grow_freeze,military_aircraft,stage_2,small:det_lora_grow_freeze:military_aircraft:stage_2,44,experiments/suites/thesis_l40_main/extend/model_small/seed_44/det_lora_grow_freeze/military_aircraft/stage_2,0.08038552501171575,0.007221181896795313,0.044390342260759504,0.003955327855625429,0.951457564327352,0.10645175185709516,0.6523527343606155,0.43684489460188997,0.49056125002424283,0.017061377852182893,0.02831367106176266,0.0038861901457321302,0.01436619718309859,0.001971830985915493,0.9714285714285714,0.13333333333333333,0.7771489670568745,0.5017275441956135,0.5972959833946783,0.04898797366290721,0.00027758501040943406,0.001665510062456627,0.00014084507042253468,0.0008450704225352111,0.00952380952380949,0.057142857142857134,-0.014756609294226397,-0.01954942569631335,-0.029680468222324285,0.024175492414782403,0.033143240909990455,0.003774267810120866,0.019774549571313797,0.002173462460767611,-0.019841468670083517,0.009523809523809532,0.010065995365984182,-0.005938594343194659,-0.006320879846081984,-0.0017221290252273092,
small,det_lora_grow_freeze,military_helicopter,stage_1,small:det_lora_grow_freeze:military_helicopter:stage_1,42,experiments/suites/thesis_l40_main/extend/model_small/seed_42/det_lora_grow_freeze/military_helicopter/stage_1,0.14350740789294622,0.017316734595548423,0.10125494664617714,0.013209353227888075,0.887072861448714,0.0994304759382159,0.6100110177227961,0.4022212062305162,0.44969600309827396,0.01767153681147754,0.0250022646978893,0.0010870549868647525,0.012660550458715596,0.0005504587155963303,0.9928057553956835,0.04316546762589928,0.7809748207624381,0.39861056549370893,0.36970369604473113,0.0017893355600620304,0.0,-0.0001811758311441251,0.0,-9.174311926605496e-05,0.0,-0.007194244604316544,-0.04065326487048371,-0.06562544444608581,-0.1078088580737378,-0.0018886198196366147,0.10453993594739283,0.013681388417353196,0.08120643484347854,0.011346808089590942,-0.08429068765726966,-0.011276113347060704,-0.0204942140790495,-0.02515415089293488,-0.027690755780838627,-0.0028206353115037518,
small,det_lora_grow_freeze,military_helicopter,stage_1,small:det_lora_grow_freeze:military_helicopter:stage_1,43,experiments/suites/thesis_l40_main/extend/model_small/seed_43/det_lora_grow_freeze/military_helicopter/stage_1,0.11172464420954108,0.01272886843975615,0.06882842373051133,0.00770138579634408,0.9048317167029879,0.1063643243176035,0.6116849860652717,0.4010040060257838,0.4423951525360748,0.016026341560611612,0.024821088866745177,0.0012682308180088776,0.012568807339449541,0.0006422018348623853,0.9856115107913669,0.050359712230215826,0.7737003757020163,0.39141921873586805,0.36795858211179155,0.001965885364046609,0.0005435274934323803,-0.0001811758311441253,0.00027522935779816446,-9.174311926605507e-05,0.021582733812949617,-0.007194244604316551,-0.02105563045607728,-0.07219199415461952,-0.1208436681281641,-0.0009444466527616293,0.07436443594024597,0.009022625794741439,0.049612058632554176,0.005804252263433509,-0.06821524402214807,-0.005652144926400496,0.00431124304403252,-0.014110359203285017,-0.017711605492701232,-0.0006168461651891756,
small,det_lora_grow_freeze,military_helicopter,stage_1,small:det_lora_grow_freeze:military_helicopter:stage_1,44,experiments/suites/thesis_l40_main/extend/model_small/seed_44/det_lora_grow_freeze/military_helicopter/stage_1,0.054220772344315764,0.004866284825321142,0.02939930776066882,0.002614972035140452,0.9615983540927098,0.10010254550788882,0.6487222082359788,0.43403317716495465,0.48432287001643565,0.016532459170886117,0.024821088866745177,0.0010870549868647525,0.012568807339449541,0.0005504587155963303,0.9856115107913669,0.04316546762589928,0.8012411291111151,0.44052409643130563,0.4416364565013161,0.001187734961051785,-0.00018117583114412444,0.0,-9.17431192660554e-05,0.0,-0.007194244604316613,0.0,-0.04487141022184926,-0.049717231182753396,-0.06451808035864515,-0.0003443731369760627,0.00778003456736575,0.0014621772869632772,0.005212587864700604,0.000856964279125389,-0.012291996556284102,0.0,0.007011457704767965,-0.006674096285982312,-0.00996688165677817,-0.00257832716786428,
small,det_lora_grow_freeze,military_helicopter,stage_2,small:det_lora_grow_freeze:military_helicopter:stage_2,42,experiments/suites/thesis_l40_main/extend/model_small/seed_42/det_lora_grow_freeze/military_helicopter/stage_2,0.1401740607932784,0.017779241094714553,0.10300608806304969,0.014138005049989246,0.8862137257532181,0.10043449200247294,0.6078017299611622,0.39906614967131676,0.4459404665654236,0.01729858472100805,0.0250022646978893,0.000905879155720627,0.012660550458715596,0.00045871559633027525,0.9928057553956835,0.03597122302158273,0.7920742612128259,0.3906360963816903,0.36124536007993824,0.0011251125112511251,0.0,-0.00018117583114412553,0.0,-9.174311926605507e-05,0.0,-0.007194244604316551,0.011099440450387799,-0.007974469112018656,-0.008458335964792896,-0.0006642230488109052,0.10091659716141549,0.013675298770283093,0.08277798843496666,0.012028258749373381,-0.09002771593481995,-0.009073056515417566,-0.01360102166658994,-0.014844759113987138,-0.010592144380498492,-0.0027697997538501454,
small,det_lora_grow_freeze,military_helicopter,stage_2,small:det_lora_grow_freeze:military_helicopter:stage_2,43,experiments/suites/thesis_l40_main/extend/model_small/seed_43/det_lora_grow_freeze/military_helicopter/stage_2,0.09445200478574185,0.010349164884374694,0.05695209292649051,0.0061448866835936864,0.9214143831915121,0.10516528355021741,0.6230592859111522,0.40591263690249163,0.4452153565648338,0.016727308135292634,0.02463991303560105,0.0010870549868647525,0.012477064220183486,0.0005504587155963303,0.9784172661870504,0.04316546762589928,0.7659775782151601,0.37798413879291426,0.3535363163939138,0.0013625215732582434,-0.0001811758311441279,-0.0001811758311441251,-9.17431192660554e-05,-9.174311926605496e-05,-0.007194244604316502,-0.007194244604316544,-0.0077227974868562255,-0.013435079942953787,-0.014422265717877747,-0.0006033637907883656,0.060504734463534875,0.006540961706093629,0.039585893663073024,0.0041991914925941076,-0.057239520550638856,-0.005652144926400496,0.021457410821393186,0.005249515295648821,0.007245518138450147,0.00029727085419890484,
small,det_lora_grow_freeze,military_helicopter,stage_2,small:det_lora_grow_freeze:military_helicopter:stage_2,44,experiments/suites/thesis_l40_main/extend/model_small/seed_44/det_lora_grow_freeze/military_helicopter/stage_2,0.07384954117588843,0.006402614477604377,0.04297981368677836,0.003689191872410843,0.9522697095271196,0.0989035047405027,0.6429036044354762,0.4277233774405714,0.47499018416456723,0.01778681364348901,0.024821088866745177,0.000905879155720627,0.012568807339449541,0.00045871559633027525,0.9856115107913669,0.03597122302158273,0.774371411466575,0.40855982249159994,0.3862735931108906,0.000702365318499063,0.0,-0.00018117583114412553,0.0,-9.174311926605507e-05,0.0,-0.007194244604316551,-0.02686971764454016,-0.03196427393970569,-0.05536286339042551,-0.000485369642552722,0.03962408934563289,0.0033531080345827707,0.02542923535994066,0.002129141510268242,-0.021815665825003272,-0.0011990407673861114,0.005136177034599454,-0.006446514687402427,-0.01097810538971572,-0.001283077231824862,
small,det_lora_grow_freeze,military_tank,stage_1,small:det_lora_grow_freeze:military_tank:stage_1,42,experiments/suites/thesis_l40_main/extend/model_small/seed_42/det_lora_grow_freeze/military_tank/stage_1,0.13645297577519852,0.01566569761241352,0.094934643352792,0.01172116701026777,0.8799947449196374,0.10067397432692297,0.6144959552183639,0.41122813579597733,0.4643857043934252,0.018437131826826884,0.029469199360908926,0.0019527782709036037,0.014954954954954955,0.000990990990990991,1.0,0.06626506024096386,0.8957172666906799,0.5685578547514386,0.6080408302285676,0.009553030377987833,0.0,0.0,0.0,0.0,0.0,0.0,-0.004673649427389126,-0.004652724576947764,-0.011817473244091548,0.0,0.09748550382964513,0.012030351434218291,0.07488613155009341,0.009858621871970638,-0.0913688041863463,-0.010032614958353628,-0.016009276583481724,-0.01614722132747376,-0.013001054485687391,-0.0020550402961544076,
small,det_lora_grow_freeze,military_tank,stage_1,small:det_lora_grow_freeze:military_tank:stage_1,43,experiments/suites/thesis_l40_main/extend/model_small/seed_43/det_lora_grow_freeze/military_tank/stage_1,0.057887735447421824,0.007007397324196178,0.032650656543500946,0.003977980174730261,0.9224378120849522,0.10767666027560874,0.6236064471365003,0.4155251388685253,0.46471412402430623,0.01632902185784113,0.029114148766199183,0.002662879460323096,0.014774774774774775,0.0013513513513513514,0.9879518072289156,0.09036144578313253,0.9094667018670044,0.592404726492646,0.6455394459707531,0.012655557135202803,-0.00017752529735487466,0.0,-9.00900900900909e-05,0.0,-0.006024096385542244,0.0,-0.009937183937323457,-0.004838659742822937,-0.0021488359951244984,-3.470823317513333e-05,0.02052752717812671,0.003301154679181466,0.013434291445543794,0.00208084664181969,-0.05060914864018373,-0.004339808968395253,0.01623270411526112,0.0004107736394565187,0.004607365995530188,-0.0003141658679596572,
small,det_lora_grow_freeze,military_tank,stage_1,small:det_lora_grow_freeze:military_tank:stage_1,44,experiments/suites/thesis_l40_main/extend/model_small/seed_44/det_lora_grow_freeze/military_tank/stage_1,0.04475886067404642,0.003395449616279822,0.02331203870354563,0.0017536939108121344,0.9627617713001592,0.10010254550788882,0.6607769739016239,0.44543873242375326,0.5017196110630948,0.018578070876084304,0.029469199360908926,0.002130303568258477,0.014954954954954955,0.001081081081081081,1.0,0.07228915662650602,0.8877104230967406,0.5762109266245344,0.6259353663123912,0.008232316499703827,0.0003550505947097424,0.0,0.00018018018018018007,0.0,0.012048192771084376,0.0,-0.004566460645710979,-0.0030882426948407593,0.0006102600347472897,0.0,-0.0016818771029035937,-8.657922078043282e-06,-0.0008746811924225835,-4.313845202928409e-06,-0.01112857934883471,0.0,0.019066223370413082,0.004731458972816294,0.0074298593898809995,-0.0005327154626660925,
small,det_lora_grow_freeze,military_tank,stage_2,small:det_lora_grow_freeze:military_tank:stage_2,42,experiments/suites/thesis_l40_main/extend/model_small/seed_42/det_lora_grow_freeze/military_tank/stage_2,0.14821137558570938,0.01702444331101462,0.10393625124708054,0.01274545348115273,0.8788914649848897,0.09853722219017085,0.6146031016686262,0.4101840371707392,0.46074571847980667,0.017879392388695264,0.029469199360908926,0.0019527782709036037,0.014954954954954955,0.000990990990990991,1.0,0.06626506024096386,0.8916588326616186,0.5606860002245139,0.5991323616462099,0.009408130707567684,0.0,0.0,0.0,0.0,0.0,0.0,-0.004058434029061253,-0.007871854526924738,-0.00890846858235772,-0.00014489967042014863,0.10568896843654582,0.012782096407353831,0.0819914920944578,0.010560042758838241,-0.09588781795139956,-0.011014783949040652,-0.016229053182632014,-0.01821649779788903,-0.018430929384361694,-0.0022135300222399755,
small,det_lora_grow_freeze,military_tank,stage_2,small:det_lora_grow_freeze:military_tank:stage_2,43,experiments/suites/thesis_l40_main/extend/model_small/seed_43/det_lora_grow_freeze/military_tank/stage_2,0.032170721618451116,0.0035182852136598232,0.016430933165167017,0.0017957027662346095,0.9440509426573778,0.10767666027560874,0.6288987491037358,0.4221262202463545,0.4693467768884048,0.01657991298591508,0.029291674063554058,0.002485354162968223,0.014864864864864866,0.0012612612612612612,0.9939759036144579,0.08433734939759036,0.9064827275592073,0.5908572308901372,0.645376574866284,0.011790368744268764,0.00017752529735487466,-0.00017752529735487292,9.00900900900909e-05,-9.009009009009025e-05,0.006024096385542244,-0.006024096385542174,-0.002983974307797066,-0.001547495602508775,-0.0001628711044691089,-0.0008651883909340397,-0.11157042339116782,-0.01309576294325072,-0.06446752264830458,-0.007577934705193349,-0.01986046936386432,-0.004453104159014412,0.023067436649284456,0.008414504165069392,0.010292466921644983,-0.00015616372928166714,
small,det_lora_grow_freeze,military_tank,stage_2,small:det_lora_grow_freeze:military_tank:stage_2,44,experiments/suites/thesis_l40_main/extend/model_small/seed_44/det_lora_grow_freeze/military_tank/stage_2,0.03473347104932608,0.002719057330054586,0.017782147359666954,0.0013867691517381936,0.973968643243909,0.09619889189832494,0.6624171832751502,0.4480563443589885,0.5052236812960208,0.017656246440947394,0.029469199360908926,0.0019527782709036037,0.014954954954954955,0.000990990990990991,1.0,0.06626506024096386,0.887418371096404,0.574545639812994,0.6195350460407689,0.007155366699460643,0.0,-0.00017752529735487314,0.0,-9.009009009009004e-05,0.0,-0.00602409638554216,-0.00029205200033666223,-0.001665286811540434,-0.006400320271622295,-0.001076949800243184,-0.03368303209293284,-0.0028126969472937777,-0.018612337421553896,-0.001533254912374142,-0.00200968045976635,-0.0039036536095638785,0.020092951262988934,0.00577060559364484,0.010087345890386457,-0.0037637270122061195,
small,det_lora_warm_start,military_aircraft,stage_1,small:det_lora_warm_start:military_aircraft:stage_1,42,experiments/suites/thesis_l40_main/extend/model_small/seed_42/det_lora_warm_start/military_aircraft/stage_1,0.10363821181743742,0.01340382892182225,0.063746784080088,0.008475832535137874,0.8808537949948434,0.1252685875184438,0.5728873957297705,0.39519480837262866,0.45902537082273137,0.02137909749696652,0.027758501040943788,0.0030534351145038168,0.014084507042253521,0.0015492957746478873,0.9523809523809523,0.10476190476190476,0.6947277303848871,0.4403962738582722,0.5409713789874124,0.011387960993517266,-0.0005551700208188716,0.00027758501040943753,-0.00028169014084506935,0.0001408450704225351,-0.01904761904761909,0.009523809523809532,-0.08118465918217155,-0.056981387457187116,-0.05309873997824721,-0.0019471621648978702,0.07083701334582579,0.009375667336970782,0.04698922709823572,0.006423293107604124,-0.0979108710635197,-0.018903820680678307,-0.04263179138944739,-0.032863029452684656,-0.029058395505412726,-0.0001529560616333643,
small,det_lora_warm_start,military_aircraft,stage_1,small:det_lora_warm_start:military_aircraft:stage_1,43,experiments/suites/thesis_l40_main/extend/model_small/seed_43/det_lora_warm_start/military_aircraft/stage_1,0.03216177688021322,0.004825845711121836,0.01644114748596436,0.002464451964880246,0.9391769677020605,0.15308272302891449,0.5955373480505916,0.40931510738584914,0.46648897569904624,0.017848108290603317,0.02831367106176266,0.004163775156141568,0.01436619718309859,0.002112676056338028,0.9714285714285714,0.14285714285714285,0.6606399653969718,0.38883585502006557,0.458603757727288,0.01216840845208474,-0.0005551700208188785,0.0005551700208188759,-0.0002816901408450711,0.0002816901408450702,-0.01904761904761909,0.019047619047619035,-0.11660865224302408,-0.11791831317657808,-0.14336846783824686,-0.00923665972405947,0.0019128873742429511,0.0002714616029121297,0.0010411057330704555,0.00014817425227440454,-0.03351255359320471,-0.0025553536375702013,0.007254825806288778,-0.0036136681824393557,-0.0011195659712097683,0.00018360774895411977,
small,det_lora_warm_start,military_aircraft,stage_1,small:det_lora_warm_start:military_aircraft:stage_1,44,experiments/suites/thesis_l40_main/extend/model_small/seed_44/det_lora_warm_start/military_aircraft/stage_1,0.10037021743615061,0.014838604277875608,0.06820600242466628,0.01026732449915199,0.9156808072947706,0.13355398390239345,0.6026644941085252,0.4150533469714343,0.47205432573046435,0.01827198889524943,0.02831367106176266,0.0033310201249132547,0.01436619718309859,0.0016901408450704226,0.9714285714285714,0.11428571428571428,0.6878565019900347,0.42859675664718927,0.49664442401830294,0.02839392288556091,0.0,0.00027758501040943797,0.0,0.00014084507042253533,0.0,0.009523809523809518,-0.10592067930745741,-0.10234087049571455,-0.14368420497280449,-0.0003399448303266425,0.06439782506233961,0.010792862252173685,0.04977998336901758,0.008198272428628096,-0.06366714428663689,0.009068019011796352,-0.02387999180755751,-0.02377695188835227,-0.02725680531840685,-0.0009567065623222043,
small,det_lora_warm_start,military_aircraft,stage_2,small:det_lora_warm_start:military_aircraft:stage_2,42,experiments/suites/thesis_l40_main/extend/model_small/seed_42/det_lora_warm_start/military_aircraft/stage_2,0.11062939757555341,0.014104459209102417,0.06941702058061694,0.009148792660801252,0.8818269896690558,0.12795479020464648,0.5746143278345407,0.39730428235125,0.45927171932828514,0.020130984829095894,0.028036086051353225,0.0022206800832755033,0.014225352112676056,0.0011267605633802818,0.9619047619047619,0.0761904761904762,0.7120647735184737,0.4497757255868208,0.536383641625134,0.007964081075548876,0.0005551700208188716,-0.0008327550312283135,0.00028169014084506935,-0.00042253521126760555,0.01904761904761909,-0.028571428571428567,-0.010398095331055512,-0.005937002709071493,-0.013372817423587868,-0.008085685512370629,0.07758723381482241,0.010014789756725042,0.05254587819871504,0.007064978033461155,-0.09058847004010095,-0.014469126677639,-0.0360529282453248,-0.02477405620268197,-0.020585288517554756,-0.002175494814530776,
small,det_lora_warm_start,military_aircraft,stage_2,small:det_lora_warm_start:military_aircraft:stage_2,43,experiments/suites/thesis_l40_main/extend/model_small/seed_43/det_lora_warm_start/military_aircraft/stage_2,0.044544487836663205,0.00623859264032457,0.02308363393385493,0.0032289763249764326,0.9316907320648022,0.15003683986254943,0.5905316843803354,0.40530702826087833,0.4617040007005777,0.02008917345618264,0.028591256072172104,0.0038861901457321302,0.014507042253521127,0.001971830985915493,0.9809523809523809,0.13333333333333333,0.6894350478408773,0.4088773443470094,0.4707302152642095,0.027174819185372165,0.00027758501040944447,-0.00027758501040943797,0.0001408450704225364,-0.0001408450704225351,0.00952380952380949,-0.009523809523809518,-0.06962983191199079,-0.06846008861983893,-0.09279254737209014,0.002345723525340883,0.014924807942801585,0.0018114364607820085,0.0080186988523065,0.0009790764654672131,-0.0374359252359443,-0.005636720108781579,0.0008321147679478669,-0.006469927870479397,-0.003276448388095321,0.001704219777458535,
small,det_lora_warm_start,military_aircraft,stage_2,small:det_lora_warm_start:military_aircraft:stage_2,44,experiments/suites/thesis_l40_main/extend/model_small/seed_44/det_lora_warm_start/military_aircraft/stage_2,0.10418725152475776,0.015679119480114353,0.0718190930608722,0.011088377527855397,0.9099148864686087,0.12594468672475093,0.5977433139267452,0.4126650225388378,0.4683326128607843,0.018026765677698512,0.02831367106176266,0.0038861901457321302,0.01436619718309859,0.001971830985915493,0.9714285714285714,0.13333333333333333,0.6997772396706254,0.4387573216394913,0.5073720356104922,0.035828378490781285,-0.00027758501040944447,0.0005551700208188755,-0.0001408450704225364,0.0002816901408450702,-0.00952380952380949,0.01904761904761905,-0.07287651491216096,-0.05928214982030955,-0.08155592486778118,-0.002676758598555984,0.06768560701529797,0.011423723158177773,0.053141957298434,0.008913572608398958,-0.06269559794367707,-0.005989385613953624,-0.024820836893638676,-0.02189547561277394,-0.0246270424818143,-0.0012148789432764248,
small,det_lora_warm_start,military_helicopter,stage_1,small:det_lora_warm_start:military_helicopter:stage_1,42,experiments/suites/thesis_l40_main/extend/model_small/seed_42/det_lora_warm_start/military_helicopter/stage_1,0.08124117624144138,0.011170855624993833,0.04607326876207646,0.006427217056445406,0.9043933138035628,0.13694929054622665,0.5969730350389982,0.40810699947179385,0.46537065195597993,0.019509112629420164,0.024277561373312797,0.002898813298306006,0.012293577981651376,0.0014678899082568807,0.9640287769784173,0.11510791366906475,0.6701827382938152,0.3777159630699317,0.37854949278051386,0.002035283422155891,-0.0007247033245765047,0.0003623516622882506,-0.00036697247706421986,0.00018348623853211015,-0.02877697841726623,0.014388489208633101,-0.07938036944518578,-0.07187397538191947,-0.11585974198633969,-0.0014588523427681802,0.048439977769829744,0.007142694040142366,0.02931571178022417,0.004374677628911656,-0.0743713522548003,-0.007223117652895461,-0.018546152080219702,-0.019950838353519462,-0.022713114372164167,-0.00202294092917972,
small,det_lora_warm_start,military_helicopter,stage_1,small:det_lora_warm_start:military_helicopter:stage_1,43,experiments/suites/thesis_l40_main/extend/model_small/seed_43/det_lora_warm_start/military_helicopter/stage_1,0.0456598105929053,0.0069204890975954605,0.023791188520072133,0.003597501431085554,0.9262008785413114,0.138633154629328,0.5965465608616388,0.4052024539087637,0.4570369518637751,0.018386720235715897,0.024277561373312797,0.001811758311441254,0.012293577981651376,0.0009174311926605505,0.9640287769784173,0.07194244604316546,0.6110972137426517,0.3340826548166242,0.34926806586486525,0.0013624166412605867,0.0,-0.0007247033245765012,0.0,-0.0003669724770642201,0.0,-0.02877697841726619,-0.08040019013465916,-0.08947102826702419,-0.12422503026823628,-0.0015570567285780094,0.015410921086935037,0.002366104989385754,0.00839114676717823,0.0012812237184797125,-0.04648864275395381,-0.0170049220371567,0.008264038617336045,-0.007726321659524804,-0.01057158980648093,0.0007222196940666996,
small,det_lora_warm_start,military_helicopter,stage_1,small:det_lora_warm_start:military_helicopter:stage_1,44,experiments/suites/thesis_l40_main/extend/model_small/seed_44/det_lora_warm_start/military_helicopter/stage_1,0.043381063583095736,0.0051220108971071696,0.02288070712320389,0.002689136470037471,0.953309208896223,0.1300604381863151,0.6130192953792989,0.4189863316078208,0.4780027495065247,0.01746268565957705,0.024458737204456925,0.002898813298306006,0.012385321100917432,0.0014678899082568807,0.9712230215827338,0.11510791366906475,0.6545495737265945,0.3590027035952646,0.37813470637071245,0.0022447510452935702,-0.00018117583114412444,0.0003623516622882506,-9.174311926605366e-05,0.00018348623853211015,-0.007194244604316613,0.014388489208633101,-0.12022155774617183,-0.11111029370993492,-0.12762440030065747,0.0007467986746587194,0.007408671209284734,0.0010762688714052457,0.004454688067555199,0.0006200843995135766,-0.02603874268518458,0.005574473295718002,-0.013525190536783804,-0.0198439672519658,-0.02130838154234649,-0.0017660097979945825,
small,det_lora_warm_start,military_helicopter,stage_2,small:det_lora_warm_start:military_helicopter:stage_2,42,experiments/suites/thesis_l40_main/extend/model_small/seed_42/det_lora_warm_start/military_helicopter/stage_2,0.10795206216101554,0.013686333931259792,0.06683346764933477,0.008687568752620197,0.8804505988116116,0.1276684576395586,0.5932059258915879,0.4052780701333995,0.4627542046011745,0.020159044083561357,0.023734033879880424,0.0025364616360177552,0.01201834862385321,0.0012844036697247706,0.9424460431654677,0.10071942446043165,0.6616878733293694,0.3676735137672263,0.3669298730100492,0.0030590921516111414,-0.0010870549868647536,-0.0003623516622882506,-0.0005504587155963307,-0.00018348623853211015,-0.043165467625899234,-0.014388489208633101,-0.05484122589687257,-0.04386831237621269,-0.05215681661104299,0.0008904643155569214,0.07435878095483303,0.00917639647501237,0.04966089834495166,0.006387324719644875,-0.09591598571197923,-0.025834947300632183,-0.014392107774855778,-0.014443550074217937,-0.01130434197082053,-0.0009455636703762649,
small,det_lora_warm_start,military_helicopter,stage_2,small:det_lora_warm_start:military_helicopter:stage_2,43,experiments/suites/thesis_l40_main/extend/model_small/seed_43/det_lora_warm_start/military_helicopter/stage_2,0.0387070247608234,0.005957151938998584,0.0202588902104302,0.0031194397024209837,0.9288356290159457,0.14162724513007294,0.5925856035076512,0.40136326288592206,0.44780323407510575,0.01801764206727482,0.02391520971102455,0.001811758311441254,0.012110091743119266,0.0009174311926605505,0.9496402877697842,0.07194244604316546,0.6099919718193035,0.3250837448251772,0.3051856445280145,0.001943777783236223,-0.0003623516622882454,0.0,-0.0001834862385321108,0.0,-0.014388489208633115,0.0,-0.08040035231041531,-0.06875431264153764,-0.1272291252889226,0.00019036535708237177,0.00925374321406958,0.0016904342633344257,0.005273320384940135,0.0009519796663174924,-0.04385389227931946,-0.014944513269143589,0.007927682821601612,-0.004071481631605034,-0.010587728920074202,0.0005849036289501952,
small,det_lora_warm_start,military_helicopter,stage_2,small:det_lora_warm_start:military_helicopter:stage_2,44,experiments/suites/thesis_l40_main/extend/model_small/seed_44/det_lora_warm_start/military_helicopter/stage_2,0.042821921422416497,0.004842485580118455,0.022233258083631347,0.0025066602301497694,0.9480105770277959,0.11875387903802932,0.6071610850050846,0.41160878142180085,0.46582568884914105,0.015831438134179417,0.024096385542168672,0.002174109973729505,0.012201834862385321,0.0011009174311926607,0.9568345323741008,0.08633093525179857,0.6477035484109978,0.3445310432479957,0.34177019005163894,0.0009580103361953635,-0.0009058791557206292,-0.0007247033245765008,-0.00045871559633027525,-0.0003669724770642201,-0.03597122302158273,-0.02877697841726619,-0.10795125289963214,-0.09363404824754346,-0.14094259644112972,-0.0025164904502141166,0.00993181699704259,0.0010402733748940836,0.0054408344928340985,0.0005676276174020804,-0.030138333786225546,-0.006931126619953862,-0.01634367015817939,-0.021878422430782363,-0.029557595570423367,-0.0036585163165438472,
small,det_lora_warm_start,military_tank,stage_1,small:det_lora_warm_start:military_tank:stage_1,42,experiments/suites/thesis_l40_main/extend/model_small/seed_42/det_lora_warm_start/military_tank/stage_1,0.0794108721873704,0.010692900953338328,0.04674062677274759,0.006428624391849494,0.9016220119325139,0.13075666938685027,0.5716884785535856,0.39399664038239807,0.4537663441586055,0.018612524358519605,0.029469199360908926,0.0028404047576779693,0.014954954954954955,0.0014414414414414415,1.0,0.0963855421686747,0.6361490557370686,0.4001095824646084,0.4261619018903815,0.005315946444082323,0.0,0.0,0.0,0.0,0.0,0.0,-0.2194373341836222,-0.17261072615247336,-0.216187749338989,-0.006389885596931899,0.04660967371575877,0.006664739368486861,0.0299830697908953,0.004376084964315742,-0.0771426541258492,-0.013415738812271844,-0.043830708565632315,-0.03406119744291525,-0.03431742216953859,-0.0029195292000802793,
small,det_lora_warm_start,military_tank,stage_1,small:det_lora_warm_start:military_tank:stage_1,43,experiments/suites/thesis_l40_main/extend/model_small/seed_43/det_lora_warm_start/military_tank/stage_1,0.033933063335094,0.0053579926640284145,0.01750566545085049,0.002768962174743362,0.9269443289956459,0.14419385143867933,0.5796255308697857,0.39686126749047834,0.44614989433693714,0.01601208319710132,0.029469199360908926,0.0035505059470974615,0.014954954954954955,0.0018018018018018018,1.0,0.12048192771084337,0.796346326540242,0.5238669646163944,0.5716525488880876,0.004662799581324446,0.00017752529735486772,-0.0005325758920646192,9.009009009008917e-05,-0.00027027027027027033,0.0060240963855421326,-0.01807228915662651,-0.09935120996783942,-0.08290921993030886,-0.10869974170428487,-0.009324083604680233,0.003684173829123734,0.0008036085558187078,0.002105623697956586,0.0004526844621375206,-0.045745192299619264,-0.01144422522780536,-0.008656991374517031,-0.016067508077810155,-0.02145864733331887,-0.0016524173445478761,
small,det_lora_warm_start,military_tank,stage_1,small:det_lora_warm_start:military_tank:stage_1,44,experiments/suites/thesis_l40_main/extend/model_small/seed_44/det_lora_warm_start/military_tank/stage_1,0.040917659471781664,0.004538414600220218,0.021373588444283054,0.0023567636875205487,0.963298206582566,0.13125391299571187,0.5924937483767639,0.40423775188734323,0.4580222284315348,0.01693620300492543,0.029291674063554058,0.002662879460323096,0.014864864864864866,0.0013513513513513514,0.9939759036144579,0.09036144578313253,0.7046159984171275,0.43986461853698844,0.49360910471947894,0.005070019286244395,-0.00017752529735486772,-0.0012426770814841113,-9.009009009008917e-05,-0.0006306306306306307,-0.0060240963855421326,-0.04216867469879519,-0.15746437096382715,-0.13998890143166032,-0.15176326186585676,-0.004008175497843535,0.0049452670979706626,0.0004926725745182945,0.0029475693886343614,0.00028771161699665425,-0.016049744998841486,0.006767948105114774,-0.034050737539318754,-0.03459254697244335,-0.04128890261733642,-0.0022924924526462054,
small,det_lora_warm_start,military_tank,stage_2,small:det_lora_warm_start:military_tank:stage_2,42,experiments/suites/thesis_l40_main/extend/model_small/seed_42/det_lora_warm_start/military_tank/stage_2,0.12191319640439453,0.015104839747960034,0.07831747176617118,0.010163139514103664,0.8624582700811851,0.12908359733646968,0.5536400717205563,0.38206405771575863,0.4404226903127762,0.018481764223289055,0.029291674063554058,0.002662879460323096,0.014864864864864866,0.0013513513513513514,0.9939759036144579,0.09036144578313253,0.598912035078849,0.37253646242665256,0.3899739343621373,0.003089599487270024,-0.00017752529735486772,-0.00017752529735487335,-9.009009009008917e-05,-9.009009009009004e-05,-0.0060240963855421326,-0.006024096385542174,-0.1608532395496156,-0.09872156414149319,-0.10973114445619475,-0.0012019840071806152,0.09020236743679878,0.011293224469753754,0.06215539988375092,0.008223598475970206,-0.11978931904552914,-0.011473390414416279,-0.042128495891952444,-0.02929771854436969,-0.02657323831570263,-0.0019323305595170676,
small,det_lora_warm_start,military_tank,stage_2,small:det_lora_warm_start:military_tank:stage_2,43,experiments/suites/thesis_l40_main/extend/model_small/seed_43/det_lora_warm_start/military_tank/stage_2,0.041124000352991,0.006740482364040769,0.021566100002565567,0.003551988118144499,0.9274117864536642,0.14443586663753658,0.5758235120718297,0.3948924822725157,0.4442967570889577,0.01600655637624156,0.029469199360908926,0.003195455352387715,0.014954954954954955,0.0016216216216216215,1.0,0.10843373493975904,0.783591347358762,0.515215623401113,0.5686539947282566,0.0052142737890584386,0.0,-0.0003550505947097463,0.0,-0.0001801801801801803,0.0,-0.012048192771084335,-0.05688390208131344,-0.024383348882168754,-0.018034708161011048,-9.520717880758412e-05,0.009360833649496192,0.0021131872540433487,0.005372280689029042,0.0011933452672749012,-0.04906809326054573,-0.007370811406244543,-0.005212828526199087,-0.010517825313348883,-0.011569102941802245,-0.0011144422204930685,
small,det_lora_warm_start,military_tank,stage_2,small:det_lora_warm_start:military_tank:stage_2,44,experiments/suites/thesis_l40_main/extend/model_small/seed_44/det_lora_warm_start/military_tank/stage_2,0.032658551062780254,0.0040580930861481455,0.016668510629248682,0.002070809070905144,0.969825507309895,0.13013899436015253,0.6122016177717017,0.41685774681668003,0.47215132051271697,0.01803807191562029,0.029291674063554058,0.0028404047576779693,0.014864864864864866,0.0014414414414414415,0.9939759036144579,0.0963855421686747,0.7662339212693883,0.48236014399926674,0.5373285628052391,0.00307332821266518,0.0,0.00017752529735487335,0.0,9.009009009009004e-05,0.0,0.006024096385542174,-0.03981386992029978,-0.025287764059172657,-0.02352799861597321,-0.0032111700039360626,-0.005935687899689124,-0.0005990227157440728,-0.0031512225265887053,-0.0003222529956868978,-0.010446519409602395,0.00027914683495580683,-0.0023223875882001366,-0.011590924733317298,-0.014471915553545656,-0.003145387234527241,
small,ewc,military_aircraft,stage_1,small:ewc:military_aircraft:stage_1,42,experiments/suites/thesis_l40_main/extend/model_small/seed_42/ewc/military_aircraft/stage_1,0.09096073535632149,0.007830684124955732,0.05032426226043521,0.004268540106796044,0.962067224548251,0.11369931196494998,0.48440399711036597,0.33130581801940656,0.37762649618234106,0.011683389685607193,0.029146426092990976,0.0022206800832755033,0.014788732394366197,0.0011267605633802818,1.0,0.0761904761904762,0.7843509533139161,0.494758281842772,0.5779506350598208,0.010698445439403865,,,,,,,0.3067000613118918,0.20021442715101767,0.26688278497964135,0.006575135734568037,,,,,,,0.07217534772188022,0.04432191879628644,0.049719984851127,-0.0003397153679654246,
small,ewc,military_aircraft,stage_1,small:ewc:military_aircraft:stage_1,43,experiments/suites/thesis_l40_main/extend/model_small/seed_43/ewc/military_aircraft/stage_1,0.09612827028907224,0.005976203709327139,0.05979473606958743,0.0036334761843902683,0.92487023542265,0.09338756556268585,0.4471119817623382,0.3030505880324308,0.35274215884471255,0.005980951790014007,0.029146426092990976,0.002498265093684941,0.014788732394366197,0.0012676056338028169,1.0,0.08571428571428572,0.8499920523227479,0.5578272401650378,0.6804223416442609,0.008602489895310012,,,,,,,0.0704366286319279,0.04613897166834868,0.088646736376643,-0.00362332183701013,,,,,,,-0.01442280144496888,-0.016976369743727515,-0.019523147550546405,-0.006969699214273348,
small,ewc,military_aircraft,stage_1,small:ewc:military_aircraft:stage_1,44,experiments/suites/thesis_l40_main/extend/model_small/seed_44/ewc/military_aircraft/stage_1,0.08153092202676705,0.007177807345438495,0.057011827865620646,0.004882602944479971,0.8667054517270681,0.09121366260371873,0.44707327219649096,0.2937688292674487,0.3337306811725309,0.010600469602796777,0.029146426092990976,0.0022206800832755033,0.014788732394366197,0.0011267605633802818,1.0,0.0761904761904762,0.8802017933989631,0.5638340626780189,0.664992714148752,0.008956202253516966,,,,,,,0.09140641756908219,0.06278668963523071,0.09697266406409777,0.003105042757776696,,,,,,,0.023154204670237155,0.012851033595921713,0.017612207848543893,-0.0010611721729849172,
small,ewc,military_aircraft,stage_2,small:ewc:military_aircraft:stage_2,42,experiments/suites/thesis_l40_main/extend/model_small/seed_42/ewc/military_aircraft/stage_2,0.0731091265283244,0.005136450885887811,0.03950963024464619,0.0027395951702028193,0.9722237573449508,0.08295954913283947,0.4822975426614238,0.3255672862753041,0.3718273165402041,0.008650153510699974,0.028591256072172104,0.0022206800832755033,0.014507042253521127,0.0011267605633802818,0.9809523809523809,0.0761904761904762,0.7920821458871041,0.49325146466415726,0.5633077818085016,0.006815300282302634,,,,,,,0.007731192573187995,-0.0015068171786147277,-0.014642853251319199,-0.0038831451571012306,,,,,,,-0.0021064544489421966,-0.0057385317441024375,-0.005799179642136942,-0.003033236174907219,
small,ewc,military_aircraft,stage_2,small:ewc:military_aircraft:stage_2,43,experiments/suites/thesis_l40_main/extend/model_small/seed_43/ewc/military_aircraft/stage_2,0.09038724089564314,0.00656818011735549,0.053844159151802705,0.0038637071586535565,0.9515904083376743,0.08923259329767319,0.45596747146755306,0.3097422370782375,0.35809087355947894,0.005494424311097722,0.029146426092990976,0.0013879250520471896,0.014788732394366197,0.0007042253521126761,1.0,0.047619047619047616,0.8459040824610407,0.5433600855272406,0.6531804081635985,0.001175008437924576,,,,,,,-0.00408796986170723,-0.014467154637797242,-0.027241933480662395,-0.007427481457385436,,,,,,,0.00885548970521488,0.0066916490458067135,0.005348714714766389,-0.0004865274789162856,
small,ewc,military_aircraft,stage_2,small:ewc:military_aircraft:stage_2,44,experiments/suites/thesis_l40_main/extend/model_small/seed_44/ewc/military_aircraft/stage_2,0.07400423071056575,0.0044704678585748185,0.04732210110604582,0.002794143630087802,0.9007207970828869,0.070263021954994,0.46281446267106413,0.3077272185936948,0.36085526067025664,0.007069790454962589,0.029146426092990976,0.0019430950728660651,0.014788732394366197,0.0009859154929577464,1.0,0.06666666666666667,0.8785885126708529,0.5619163312283331,0.6767712603811772,0.010939149175473449,,,,,,,-0.001613280728110178,-0.0019177314496858777,0.011778546232425136,0.0019829469219564827,,,,,,,0.015741190474573175,0.013958389326246101,0.02712457949772573,-0.0035306791478341886,
small,ewc,military_helicopter,stage_1,small:ewc:military_helicopter:stage_1,42,experiments/suites/thesis_l40_main/extend/model_small/seed_42/ewc/military_helicopter/stage_1,0.13547458185385838,0.011102606843799953,0.08349569869978445,0.0067818826285105695,0.8884224556874484,0.07900421486755267,0.4413185060991888,0.2978687428546771,0.3368061667494095,0.00475666551747884,0.02463991303560105,0.001449406649153003,0.012477064220183486,0.0007339449541284404,0.9784172661870504,0.05755395683453238,0.810335037714655,0.4581877443515995,0.47516325463474524,0.004553550789109045,,,,,,,0.04084954763242887,-0.017265571373191735,-0.02979552015097392,-0.004551177931642317,,,,,,,0.029089856710703077,0.010884843631557006,0.008899655418195429,-0.007266439536093777,
small,ewc,military_helicopter,stage_1,small:ewc:military_helicopter:stage_1,43,experiments/suites/thesis_l40_main/extend/model_small/seed_43/ewc/military_helicopter/stage_1,0.14695972460212756,0.00850863796604742,0.1028232812482106,0.006229745527919511,0.8065357807832635,0.056843394075094665,0.40761151483331587,0.28294261748973815,0.33188010998130596,0.002118353311865918,0.02463991303560105,0.00235528580487363,0.012477064220183486,0.0011926605504587156,0.9784172661870504,0.09352517985611511,0.7976538809049875,0.46375401066254784,0.4992186122570608,0.0064249690833190634,,,,,,,0.046780228326715134,0.029139977961310626,0.02213976940481094,0.004383675259014147,,,,,,,-0.053923268373991196,-0.03708434028642016,-0.040385196413952995,-0.010832297692421437,
small,ewc,military_helicopter,stage_1,small:ewc:military_helicopter:stage_1,44,experiments/suites/thesis_l40_main/extend/model_small/seed_44/ewc/military_helicopter/stage_1,0.08744643735494301,0.003902765086121492,0.06623407339352398,0.0023989340236830435,0.8353556806894117,0.0879551171115072,0.4228240230459033,0.30015904933506543,0.34615879131837857,0.010770123016891483,0.024096385542168672,0.0016305824802971285,0.012201834862385321,0.0008256880733944954,0.9568345323741008,0.06474820143884892,0.7735703070922595,0.4663878715964926,0.5414852471084781,0.004774939416923251,,,,,,,0.1151785444299891,0.11293966414002848,0.1926799487334122,0.004016540152024478,,,,,,,-0.0010950444803505266,0.01924125366353846,0.030040317994391552,-0.000891518758890212,
small,ewc,military_helicopter,stage_2,small:ewc:military_helicopter:stage_2,42,experiments/suites/thesis_l40_main/extend/model_small/seed_42/ewc/military_helicopter/stage_2,0.12021270631893588,0.011242666612988499,0.0703165276323718,0.00656201757028872,0.9084387415731827,0.08402037756210079,0.44868065946016644,0.2982790264076168,0.33965671464460306,0.006524303636297298,0.024821088866745177,0.0007247033245765015,0.012568807339449541,0.0003669724770642202,0.9856115107913669,0.02877697841726619,0.8537387813577367,0.4600785053672346,0.4515137579115549,0.0006963940993213485,,,,,,,0.04340374364308175,0.0018907610156351229,-0.023649496723190333,-0.003857156689787697,,,,,,,0.007362153360977619,0.0004102835529396498,0.002850547895193567,0.0017676381188184579,
small,ewc,military_helicopter,stage_2,small:ewc:military_helicopter:stage_2,43,experiments/suites/thesis_l40_main/extend/model_small/seed_43/ewc/military_helicopter/stage_2,0.12608716207470194,0.010468082594401303,0.07655777340735091,0.00615487443033702,0.851951771570668,0.09224336649315346,0.4319809839646127,0.2877670975913835,0.3317708409807555,0.005021886846091745,0.02463991303560105,0.003442340791738382,0.012477064220183486,0.0017431192660550458,0.9784172661870504,0.1366906474820144,0.8053478706085735,0.4501864031678856,0.4545200690183186,0.00543756171768555,,,,,,,0.007693989703586035,-0.013567607494662237,-0.04469854323874223,-0.000987407365633513,,,,,,,0.02436946913129684,0.004824480101645379,-0.0001092690005504715,0.002903533534225827,
small,ewc,military_helicopter,stage_2,small:ewc:military_helicopter:stage_2,44,experiments/suites/thesis_l40_main/extend/model_small/seed_44/ewc/military_helicopter/stage_2,0.08715378434224279,0.0026455046889404935,0.0653981649099087,0.0016810565649294405,0.8604481766575361,0.04803261576552328,0.42159778808641524,0.28022178344748866,0.31934651215301757,0.004047097470161837,0.024277561373312797,0.0010870549868647525,0.012293577981651376,0.0005504587155963303,0.9640287769784173,0.04316546762589928,0.7232286595025219,0.40681119732621757,0.40661435687435216,0.0050666856480155766,,,,,,,-0.05034164758973758,-0.05957667427027502,-0.13487089023412596,0.0002917462310923257,,,,,,,-0.0012262349594880373,-0.01993726588757677,-0.026812279165360997,-0.006723025546729646,
small,ewc,military_tank,stage_1,small:ewc:military_tank:stage_1,42,experiments/suites/thesis_l40_main/extend/model_small/seed_42/ewc/military_tank/stage_1,0.08682917127283196,0.00455466268189485,0.04860468105122872,0.0025078183666429406,0.9287814196233631,0.0708130361053119,0.48569525857309753,0.3347482744995454,0.3801552109201931,0.006297984215263004,0.029469199360908926,0.0019527782709036037,0.014954954954954955,0.000990990990990991,1.0,0.06626506024096386,0.8837653067391911,0.5953394959563648,0.6790307625295408,0.003873804235361925,,,,,,,0.09936896643588244,0.07731615668310543,0.08357620150088796,-0.011968782059121864,,,,,,,0.07346660918461179,0.0477643752764253,0.05224869958897904,-0.005725120838309614,
small,ewc,military_tank,stage_1,small:ewc:military_tank:stage_1,43,experiments/suites/thesis_l40_main/extend/model_small/seed_43/ewc/military_tank/stage_1,0.09131261287897081,0.008798702354174274,0.05223492776984102,0.005075860095947525,0.9218652088666929,0.0842936110954408,0.44620103276219836,0.2998864778762635,0.345627756712313,0.0061449961256552455,0.029469199360908926,0.0019527782709036037,0.014954954954954955,0.000990990990990991,1.0,0.06626506024096386,0.8885289831458986,0.5744075782624272,0.645000308090278,0.0031759140229852623,,,,,,,0.08046980417149852,0.05048167702256101,0.05562703155853799,-0.01430412814249208,,,,,,,-0.015333750445108707,-0.020140479899894814,-0.02663754968294596,-0.00680565487863211,
small,ewc,military_tank,stage_1,small:ewc:military_tank:stage_1,44,experiments/suites/thesis_l40_main/extend/model_small/seed_44/ewc/military_tank/stage_1,0.059952083289609596,0.004666758446446849,0.03140035868333156,0.002434175391893127,0.9606380539304836,0.09141080728816546,0.4583247755542373,0.3132708528951518,0.3563978937846523,0.010358533844244218,0.029469199360908926,0.0014202023788389847,0.014954954954954955,0.0007207207207207207,1.0,0.04819277108433735,0.8404888104773275,0.5345215558226227,0.583094103136867,0.0015575606229785498,,,,,,,0.19246197628289907,0.14027800496812765,0.16979458874180614,-0.004559747259954812,,,,,,,0.034405708027983484,0.032353057223624804,0.040279420460665294,-0.001303107931537477,
small,ewc,military_tank,stage_2,small:ewc:military_tank:stage_2,42,experiments/suites/thesis_l40_main/extend/model_small/seed_42/ewc/military_tank/stage_2,0.14871771474671527,0.010781657484308212,0.09233249903590972,0.006778000328450107,0.8909560267738064,0.06484601783319847,0.469932133344708,0.32106690504374485,0.36314941204194223,0.003969709503623857,0.029469199360908926,0.0017752529735487307,0.014954954954954955,0.0009009009009009009,1.0,0.060240963855421686,0.8757988899456743,0.5810812807262281,0.6559284364648259,0.0041565786629361974,,,,,,,-0.007966416793516728,-0.014258215230136706,-0.02310232606471485,0.0002827744275742724,,,,,,,-0.01576312522838952,-0.013681369455800563,-0.017005798878250877,-0.002328274711639147,
small,ewc,military_tank,stage_2,small:ewc:military_tank:stage_2,43,experiments/suites/thesis_l40_main/extend/model_small/seed_43/ewc/military_tank/stage_2,0.08472536944627397,0.00964808967380967,0.04760509004963143,0.0054593612036319406,0.9306915336336511,0.09347972746774826,0.4458905519913578,0.30389651889109276,0.35254920538727447,0.00666277576621459,0.029469199360908926,0.0010651517841292384,0.014954954954954955,0.0005405405405405405,1.0,0.03614457831325301,0.8988769604203737,0.5834475184387914,0.6598254217977784,0.0008490706480020424,,,,,,,0.010347977274475118,0.009039940176364225,0.014825113707500392,-0.00232684337498322,,,,,,,-0.0003104807708405599,0.004010041014829269,0.006921448674961472,0.0005177796405593446,
small,ewc,military_tank,stage_2,small:ewc:military_tank:stage_2,44,experiments/suites/thesis_l40_main/extend/model_small/seed_44/ewc/military_tank/stage_2,0.11258733116786573,0.009124327155836066,0.06294367850192636,0.005080959603084868,0.9424769199160424,0.0812965556410827,0.43808994238746557,0.2980072281711984,0.3397378431480347,0.010511455987432939,0.029291674063554058,0.0019527782709036037,0.014864864864864866,0.000990990990990991,0.9939759036144579,0.06626506024096386,0.8741974256750839,0.5836115733070382,0.6772911726624735,0.002682061319065629,,,,,,,0.033708615197756364,0.04909001748441544,0.09419706952560647,0.001124500696087079,,,,,,,-0.020234833166771715,-0.015263624723953373,-0.01666005063661763,0.00015292214318872108,
small,finetuning,military_aircraft,stage_1,small:finetuning:military_aircraft:stage_1,42,experiments/suites/thesis_l40_main/extend/model_small/seed_42/finetuning/military_aircraft/stage_1,0.12705318825234163,0.011447617948662161,0.09237548505991178,0.010563371579240144,0.7210445584345732,0.06083013339038875,0.3623755117413621,0.2479689287851794,0.29173283394706,0.00532328652672755,0.029146426092990976,0.0013879250520471896,0.014788732394366197,0.0007042253521126761,1.0,0.047619047619047616,0.79270949230329,0.48748640740434734,0.5567105023758813,0.0056488128597226295,,,,,,,0.4689471499147248,0.3086727984914703,0.370166590538327,0.004686977828938535,,,,,,,0.03343591521073097,0.020091261717485348,0.03548812785564259,-0.013405148677428862,
small,finetuning,military_aircraft,stage_1,small:finetuning:military_aircraft:stage_1,43,experiments/suites/thesis_l40_main/extend/model_small/seed_43/finetuning/military_aircraft/stage_1,0.04866716672991597,0.0016649697897049137,0.03421218966691537,0.0009028456784731399,0.6478117006466654,0.03956624735419175,0.3047784010343642,0.204665823649537,0.2349124604389922,0.0017764035051456453,0.028591256072172104,0.0013879250520471896,0.014507042253521127,0.0007042253521126761,0.9809523809523809,0.047619047619047616,0.7977151799103784,0.5095411444449391,0.6057385086574856,0.0002971495213256703,,,,,,,0.45879943768995296,0.3500230492635008,0.47749838423449736,-0.0022034969646446126,,,,,,,-0.0005113241353511544,-0.009456703137253997,-0.004132189788203261,-0.004579952518856762,
small,finetuning,military_aircraft,stage_1,small:finetuning:military_aircraft:stage_1,44,experiments/suites/thesis_l40_main/extend/model_small/seed_44/finetuning/military_aircraft/stage_1,0.11367824151446698,0.012938517818018342,0.16761302507379947,0.04739002852964839,0.7757216355634643,0.06776240813241996,0.404213433542918,0.2704609089412546,0.31819822058823,0.009791324948923201,0.028868841082581538,0.0013879250520471896,0.014647887323943662,0.0007042253521126761,0.9904761904761905,0.047619047619047616,0.7829334756315255,0.48943046578064503,0.5917193162294361,0.005344008772814748,,,,,,,0.22480098507523372,0.15865463377179795,0.20950487878620672,0.00437593525778554,,,,,,,0.049013808099391876,0.027817047115020616,0.035444350495091814,0.004549803106317572,
small,finetuning,military_aircraft,stage_2,small:finetuning:military_aircraft:stage_2,42,experiments/suites/thesis_l40_main/extend/model_small/seed_42/finetuning/military_aircraft/stage_2,0.11031164747450733,0.0050886001033290055,0.07554702698797598,0.0030323812420374493,0.7770602104406162,0.034331036411240606,0.3568080299902716,0.2419429528225235,0.2788157503262718,0.002625367187351566,0.029146426092990976,0.0008327550312283137,0.014788732394366197,0.00042253521126760566,1.0,0.02857142857142857,0.7966361330522832,0.4873386838449666,0.5676457444811928,0.0049812817102605775,,,,,,,0.003926640748993182,-0.00014772355938075243,0.010935242105311493,-0.000667531149462052,,,,,,,-0.005567481751090508,-0.006025975962655888,-0.012917083620788194,-0.0026979193393759835,
small,finetuning,military_aircraft,stage_2,small:finetuning:military_aircraft:stage_2,43,experiments/suites/thesis_l40_main/extend/model_small/seed_43/finetuning/military_aircraft/stage_2,0.04048711233338796,0.002906079311586901,0.036930952901443624,0.012450377551413474,0.655298359617969,0.05662053213338188,0.291813030930184,0.1954914150733036,0.23129257659153848,0.004718956997601389,0.029146426092990976,0.002498265093684941,0.014788732394366197,0.0012676056338028169,1.0,0.08571428571428572,0.7981837899607725,0.49811364206122644,0.5855471846285529,0.0023196369469598503,,,,,,,0.00046861005039411374,-0.011427502383712707,-0.020191324028932645,0.00202248742563418,,,,,,,-0.012965370104180196,-0.009174408576233417,-0.0036198838474537087,0.0029425534924557442,
small,finetuning,military_aircraft,stage_2,small:finetuning:military_aircraft:stage_2,44,experiments/suites/thesis_l40_main/extend/model_small/seed_44/finetuning/military_aircraft/stage_2,0.09263610742252852,0.007883935906829013,0.09101400979681884,0.004689623116464923,0.808780980148999,0.05619448908606283,0.38363568817152577,0.2586468259770757,0.31129670937964127,0.005047989552617406,0.029146426092990976,0.0013879250520471896,0.014788732394366197,0.0007042253521126761,1.0,0.047619047619047616,0.7979669593350185,0.4948042280475914,0.581779913526185,0.008389494411626036,,,,,,,0.015033483703493,0.005373762266946358,-0.00993940270325111,0.0030454856388112883,,,,,,,-0.02057774537139223,-0.011814082964178851,-0.006901511208588729,-0.004743335396305795,
small,finetuning,military_helicopter,stage_1,small:finetuning:military_helicopter:stage_1,42,experiments/suites/thesis_l40_main/extend/model_small/seed_42/finetuning/military_helicopter/stage_1,0.08934348927397821,0.0011391736033096167,0.1451790893091783,0.0006440892318659367,0.6062649841193147,0.03694512436567336,0.32775559472029375,0.22075373176137533,0.25681327854651,0.0023043263568597754,0.0250022646978893,0.001449406649153003,0.012660550458715596,0.0007339449541284404,0.9928057553956835,0.05755395683453238,0.8312158013090848,0.47188499458018,0.4860758097060501,0.006429919492041828,,,,,,,0.01522777747248838,-0.02142206028380561,-0.05359175745474515,-0.002461011129259505,,,,,,,-0.0011840018103373984,-0.007123935306318718,0.0005685724550925642,-0.016424108847296635,
small,finetuning,military_helicopter,stage_1,small:finetuning:military_helicopter:stage_1,43,experiments/suites/thesis_l40_main/extend/model_small/seed_43/finetuning/military_helicopter/stage_1,0.05146626577500898,0.003979021399175743,0.05479797967508987,0.004314088392985578,0.5299324607315108,0.03409713923089631,0.28078720270882185,0.19077297189439935,0.22182844006486432,0.0011978804299057069,0.02463991303560105,0.001992934142585379,0.012477064220183486,0.0010091743119266055,0.9784172661870504,0.07913669064748201,0.8496417582448299,0.4940065345343509,0.48488855294554684,0.004050249236927402,,,,,,,0.06908440048589437,0.012639794901677048,-0.013006900960645329,-0.0016674994982961147,,,,,,,-0.024502522460893517,-0.023349554892391655,-0.01721621016233113,-0.005158475594096701,
small,finetuning,military_helicopter,stage_1,small:finetuning:military_helicopter:stage_1,44,experiments/suites/thesis_l40_main/extend/model_small/seed_44/finetuning/military_helicopter/stage_1,0.10509301715762688,0.003965762627466718,0.13903455223726283,0.004153551688216148,0.5706491337373132,0.027525100372065518,0.31918395842350566,0.2162111470082594,0.260593164671243,0.0012946291376255694,0.0250022646978893,0.0010870549868647525,0.012660550458715596,0.0005504587155963303,0.9928057553956835,0.04316546762589928,0.8716494705543633,0.5265519987438998,0.5668114849707204,0.0027090996747719353,,,,,,,0.0721578436293574,0.03657645904878931,0.017927370373348128,0.0015736256785644604,,,,,,,-0.03601566702002046,-0.026432714817974545,-0.022160705421895188,-0.00394689270498006,
small,finetuning,military_helicopter,stage_2,small:finetuning:military_helicopter:stage_2,42,experiments/suites/thesis_l40_main/extend/model_small/seed_42/finetuning/military_helicopter/stage_2,0.08778274012852753,0.002664405461557946,0.1097962635003928,0.011553608848390566,0.6163895279038597,0.0415382034588202,0.33482767414123477,0.22465724533523868,0.26210736429697157,0.003296101791343328,0.024821088866745177,0.0007247033245765015,0.012568807339449541,0.0003669724770642202,0.9856115107913669,0.02877697841726619,0.8592176188991111,0.48891589548924974,0.5143736400249257,0.0008495200665104678,,,,,,,0.02800181759002629,0.017030900909069724,0.028297830318875616,-0.005580399425531361,,,,,,,0.007072079420941013,0.003903513573863343,0.005294085750461586,0.0009917754344835527,
small,finetuning,military_helicopter,stage_2,small:finetuning:military_helicopter:stage_2,43,experiments/suites/thesis_l40_main/extend/model_small/seed_43/finetuning/military_helicopter/stage_2,0.03731703458602222,0.002680519621963253,0.0567045967276423,0.0042654050020805665,0.5096858009165057,0.03376708427347528,0.2822351195708362,0.1765689869617951,0.19470224998776495,0.0010417512130801037,0.024277561373312797,0.0016305824802971285,0.012293577981651376,0.0008256880733944954,0.9640287769784173,0.06474820143884892,0.8745292732554697,0.458427913507618,0.4169488211234716,0.0012812181086210832,,,,,,,0.024887515010639794,-0.03557862102673287,-0.06793973182207524,-0.0027690311283063186,,,,,,,0.0014479168620143423,-0.014203984932604247,-0.027126190077099377,-0.00015612921682560312,
small,finetuning,military_helicopter,stage_2,small:finetuning:military_helicopter:stage_2,44,experiments/suites/thesis_l40_main/extend/model_small/seed_44/finetuning/military_helicopter/stage_2,0.1146775076350811,0.007885530935430337,0.1052364290485324,0.007265998861369264,0.6081261238708281,0.02260931267973169,0.32988717264594497,0.21127852521463586,0.25068949099225424,0.0021509319049948816,0.0250022646978893,0.0010870549868647525,0.012660550458715596,0.0005504587155963303,0.9928057553956835,0.04316546762589928,0.8279118370604502,0.458512611273138,0.4547967307753879,0.001971053376576459,,,,,,,-0.04373763349391302,-0.06803938747076177,-0.11201475419533252,-0.0007380462981954761,,,,,,,0.010703214222439306,-0.004932621793623554,-0.009903673678988756,0.0008563027673693122,
small,finetuning,military_tank,stage_1,small:finetuning:military_tank:stage_1,42,experiments/suites/thesis_l40_main/extend/model_small/seed_42/finetuning/military_tank/stage_1,0.10085238866255404,0.0035337220237996922,0.05869478390918719,0.001991329174692298,0.9424311321771922,0.049187378737538194,0.4328635610502192,0.28801699050874224,0.33382853911544186,0.004383438257577417,0.029291674063554058,0.0008876264867743654,0.014864864864864866,0.00045045045045045046,0.9939759036144579,0.030120481927710843,0.837409630639318,0.5354181352694751,0.6166824682532092,0.0037361123034098994,,,,,,,0.28583651413535827,0.20381890993017787,0.23811007838809772,-0.006619335875684151,,,,,,,0.10392396451958807,0.06013932344104819,0.07758383302402444,-0.014344996946578994,
small,finetuning,military_tank,stage_1,small:finetuning:military_tank:stage_1,43,experiments/suites/thesis_l40_main/extend/model_small/seed_43/finetuning/military_tank/stage_1,0.06446992130190289,0.003204651693098874,0.07140893590252556,0.013249608036988762,0.7153708767733123,0.02459205207192049,0.3431751347739785,0.2242210855512612,0.2518026212024947,0.0014792054092573788,0.029469199360908926,0.0019527782709036037,0.014954954954954955,0.000990990990990991,1.0,0.06626506024096386,0.8190019431645157,0.506970870466158,0.5464456643093332,0.0060282292024716475,,,,,,,0.6083984307416219,0.38887723241674527,0.4302225625636107,0.0059787036163157,,,,,,,0.03788540960426312,0.010098558764470189,0.012757970975299238,-0.0048771506147450286,
small,finetuning,military_tank,stage_1,small:finetuning:military_tank:stage_1,44,experiments/suites/thesis_l40_main/extend/model_small/seed_44/finetuning/military_tank/stage_1,0.1059138348910899,0.006381124422597022,0.05984290131541662,0.0036466856922553292,0.9342210433637178,0.054500674204261364,0.4619144275914822,0.3075041461272731,0.3520453474905701,0.003624151983187856,0.029469199360908926,0.0008876264867743654,0.014954954954954955,0.00045045045045045046,1.0,0.030120481927710843,0.8056633498218301,0.5035291708770616,0.5350195493675286,0.0008951225848690003,,,,,,,0.09448144178117468,0.07833316271131174,0.07132542343226317,-0.0073304553192656465,,,,,,,0.10671480214795609,0.06486028430103916,0.06929147739743191,-0.001617369859417773,
small,finetuning,military_tank,stage_2,small:finetuning:military_tank:stage_2,42,experiments/suites/thesis_l40_main/extend/model_small/seed_42/finetuning/military_tank/stage_2,0.1545804864580654,0.006423475858003573,0.09809466897863107,0.003803900366055822,0.8362833049439097,0.06305742085584198,0.4286267758236055,0.2832409130110195,0.31413756671688864,0.009649589315309093,0.029114148766199183,0.0014202023788389847,0.014774774774774775,0.0007207207207207207,0.9879518072289156,0.04819277108433735,0.8081272400850806,0.5071926960413073,0.5539355011085785,0.003166191870696124,,,,,,,-0.029282390554237314,-0.02822543922816778,-0.06274696714463068,-0.0005699204327137752,,,,,,,-0.0042367852266137485,-0.004776077497722742,-0.01969097239855322,0.005266151057731676,
small,finetuning,military_tank,stage_2,small:finetuning:military_tank:stage_2,43,experiments/suites/thesis_l40_main/extend/model_small/seed_43/finetuning/military_tank/stage_2,0.08313765466909685,0.0022334343723439776,0.07843783540207416,0.001201011981089564,0.7484884450255791,0.033288460078626965,0.34911509807576585,0.2298194689642883,0.26752223813366405,0.002306213201746499,0.029291674063554058,0.0010651517841292384,0.014864864864864866,0.0005405405405405405,0.9939759036144579,0.03614457831325301,0.7982506671810947,0.49790714089594434,0.556335123890929,0.010412792776283616,,,,,,,-0.02075127598342097,-0.009063729570213619,0.009889459581595816,0.004384563573811969,,,,,,,0.005939963301787365,0.005598383413027097,0.015719616931169356,0.0008270077924891202,
small,finetuning,military_tank,stage_2,small:finetuning:military_tank:stage_2,44,experiments/suites/thesis_l40_main/extend/model_small/seed_44/finetuning/military_tank/stage_2,0.13159688310959447,0.010576525150630922,0.07771434302392947,0.00632202870785568,0.9296995249694509,0.0768125814620874,0.47310084049572837,0.31600485601920186,0.3601568027125385,0.010855100771777456,0.029469199360908926,0.0007101011894194923,0.014954954954954955,0.00036036036036036037,1.0,0.024096385542168676,0.8543048806843424,0.543776051386187,0.5859249130228161,0.0027501919595421093,,,,,,,0.04864153086251233,0.04024688050912539,0.05090536365528753,0.001855069374673109,,,,,,,0.011186412904246157,0.008500709891928748,0.008111455221968433,0.007230948788589599,
small,replay,military_aircraft,stage_1,small:replay:military_aircraft:stage_1,42,experiments/suites/thesis_l40_main/extend/model_small/seed_42/replay/military_aircraft/stage_1,0.10224478483472728,0.011077737689517924,0.05685628262851065,0.0060695299807532075,0.9779712397699442,0.1432479074721286,0.7749443059285964,0.5575428747798411,0.6437905300697931,0.052026275945870525,0.029146426092990976,0.005274115197779319,0.014788732394366197,0.002676056338028169,1.0,0.18095238095238095,0.797262729453091,0.5691100627038819,0.6493416460360546,0.09047311578944608,,,,,,,0.0984784308878599,0.059252266332010084,0.051073054819252284,0.06815246267150271,,,,,,,0.035518320574852824,0.026635771471936076,0.022187995486125267,0.028969927482144223,
small,replay,military_aircraft,stage_1,small:replay:military_aircraft:stage_1,43,experiments/suites/thesis_l40_main/extend/model_small/seed_43/replay/military_aircraft/stage_1,0.09626241169516069,0.011017032485142304,0.052477740531063355,0.006009338385880934,0.9592781039437431,0.12847233325178808,0.7338106353753643,0.5300674848627879,0.6021833492797037,0.030742289282126616,0.029146426092990976,0.0038861901457321302,0.014788732394366197,0.001971830985915493,1.0,0.13333333333333333,0.7795190036686419,0.5396528723765447,0.6303977696614886,0.024032445883012017,,,,,,,0.05625483834500322,0.060557006821634674,0.08071383936680554,0.01983601998714748,,,,,,,0.03630191741003941,0.030149074027633838,0.015337494679393271,0.005349944699927639,
small,replay,military_aircraft,stage_1,small:replay:military_aircraft:stage_1,44,experiments/suites/thesis_l40_main/extend/model_small/seed_44/replay/military_aircraft/stage_1,0.1179426706201389,0.009563507379318997,0.06671799906376893,0.0053615048997497855,0.9688889892390579,0.10092811799481095,0.697405438805356,0.4793561375934674,0.5479445045919312,0.023850194771838695,0.029146426092990976,0.0019430950728660651,0.014788732394366197,0.0009859154929577464,1.0,0.06666666666666667,0.815321026345264,0.5353805931492247,0.6203763569121643,0.009160652373553785,,,,,,,0.13231372402571617,0.05486121159872481,0.05584842536564061,-0.005275591749108242,,,,,,,0.016691716346926566,0.005657444412971835,0.003657299114002477,0.009304833750545518,
small,replay,military_aircraft,stage_2,small:replay:military_aircraft:stage_2,42,experiments/suites/thesis_l40_main/extend/model_small/seed_42/replay/military_aircraft/stage_2,0.08969041450096212,0.007659421326454397,0.04913814498897345,0.004122011864528353,0.9824572943593978,0.1292048584794074,0.7661489742575331,0.5503361396459981,0.6405171883741082,0.04909120620943549,0.029146426092990976,0.0055517002081887585,0.014788732394366197,0.0028169014084507044,1.0,0.19047619047619047,0.7983111829623025,0.5753501877769766,0.6699457979595449,0.11682934199894175,,,,,,,0.0010484535092115665,0.006240125073094682,0.0206041519234903,0.026356226209495667,,,,,,,-0.008795331671063278,-0.007206735133842956,-0.0032733416956849393,-0.0029350697364350364,
small,replay,military_aircraft,stage_2,small:replay:military_aircraft:stage_2,43,experiments/suites/thesis_l40_main/extend/model_small/seed_43/replay/military_aircraft/stage_2,0.07799732935097634,0.010159959821269807,0.041760300078914646,0.005461343218197394,0.9592781039437431,0.12185987772220545,0.7272106938551749,0.5240890961484167,0.598731402388437,0.028907721676875026,0.02831367106176266,0.0030534351145038168,0.01436619718309859,0.0015492957746478873,0.9714285714285714,0.10476190476190476,0.7906607132002397,0.557006445046255,0.6553020538379656,0.02254872526396166,,,,,,,0.011141709531597765,0.01735357266971027,0.024904284176476943,-0.001483720619050357,,,,,,,-0.00659994152018939,-0.0059783887143711745,-0.0034519468912667106,-0.0018345676052515907,
small,replay,military_aircraft,stage_2,small:replay:military_aircraft:stage_2,44,experiments/suites/thesis_l40_main/extend/model_small/seed_44/replay/military_aircraft/stage_2,0.07577567331365098,0.006906939372994488,0.04042775383062541,0.003654581674880232,0.9767260930499849,0.1125719178306498,0.6961954775070448,0.4741077704370574,0.5368128641985026,0.02779588016955185,0.029146426092990976,0.0030534351145038168,0.014788732394366197,0.0015492957746478873,1.0,0.10476190476190476,0.8109211946720198,0.5353768674267204,0.6238241258008925,0.022904231879446835,,,,,,,-0.004399831673244203,-3.7257225042885977e-06,0.00344776888872822,0.01374357950589305,,,,,,,-0.0012099612983111907,-0.005248367156410028,-0.011131640393428621,0.003945685397713155,
small,replay,military_helicopter,stage_1,small:replay:military_helicopter:stage_1,42,experiments/suites/thesis_l40_main/extend/model_small/seed_42/replay/military_helicopter/stage_1,0.09637167478260851,0.009167284554332382,0.05284450167099706,0.004904825655165358,0.965047121233448,0.13559417185928155,0.7644691844560197,0.5477761981394508,0.6419113372753437,0.04682818271226017,0.0250022646978893,0.0025364616360177552,0.012660550458715596,0.0012844036697247706,0.9928057553956835,0.10071942446043165,0.9129516968792347,0.6186556731230713,0.7439991595877812,0.02090555180971873,,,,,,,0.024620699035466154,0.007905448086317102,0.019694562099111135,0.013206762387638762,,,,,,,0.025043199102276148,0.01686909483154575,0.020308802691675787,0.02377183424853387,
small,replay,military_helicopter,stage_1,small:replay:military_helicopter:stage_1,43,experiments/suites/thesis_l40_main/extend/model_small/seed_43/replay/military_helicopter/stage_1,0.09043873758719136,0.011387742264329077,0.049187402974247396,0.00618278291933395,0.9608808303486637,0.12995250963943403,0.733006339972362,0.5323618145964768,0.6202835338050283,0.027163147683076802,0.02463991303560105,0.003442340791738382,0.012477064220183486,0.0017431192660550458,0.9784172661870504,0.1366906474820144,0.8807844658854905,0.6205049417478206,0.7323949111706176,0.03073641982953479,,,,,,,0.02263543422580294,0.03042947501138138,0.008640993592054502,0.020488535218275004,,,,,,,0.0354976220070371,0.032443403761322764,0.03343767920471785,0.0017708031008778248,
small,replay,military_helicopter,stage_1,small:replay:military_helicopter:stage_1,44,experiments/suites/thesis_l40_main/extend/model_small/seed_44/replay/military_helicopter/stage_1,0.11717749100525428,0.008115582208824731,0.06634315852250948,0.004510863422272789,0.9524018664529527,0.09403023362941176,0.6940559968997441,0.48224774101519,0.5567275919789108,0.027534232196666942,0.0250022646978893,0.001992934142585379,0.012660550458715596,0.0010091743119266055,0.9928057553956835,0.07913669064748201,0.8995011817745511,0.5746604536216313,0.6591830278842332,0.01152322214634576,,,,,,,0.015347390065603816,0.0060825510198618815,0.01885026602182227,0.008815511969359724,,,,,,,0.013342274441314639,0.008549047834694457,0.012440386500982004,0.012988871175373765,
small,replay,military_helicopter,stage_2,small:replay:military_helicopter:stage_2,42,experiments/suites/thesis_l40_main/extend/model_small/seed_42/replay/military_helicopter/stage_2,0.0719615621581573,0.007002798595782699,0.039141258273818334,0.0037146012575393268,0.9771288941443643,0.13633519100814984,0.7614273475422922,0.5453712827159422,0.6189696329892005,0.05439421802033373,0.0250022646978893,0.0027176374671618805,0.012660550458715596,0.0013761467889908258,0.9928057553956835,0.1079136690647482,0.9114442170512009,0.6064156187528084,0.7153231822926154,0.028467378757580188,,,,,,,-0.0015074798280337864,-0.012240054370262987,-0.0286759772951658,0.007561826947861457,,,,,,,-0.0030418369137275025,-0.0024049154235086245,-0.022941704286143172,0.0075660353080735585,
small,replay,military_helicopter,stage_2,small:replay:military_helicopter:stage_2,43,experiments/suites/thesis_l40_main/extend/model_small/seed_43/replay/military_helicopter/stage_2,0.07042417868677833,0.008492274599027816,0.03752827307179082,0.004523074935204231,0.9584357583181634,0.12878204921180103,0.7335913248068365,0.5339674353040081,0.6130301446255558,0.029730125580386093,0.024821088866745177,0.002898813298306006,0.012568807339449541,0.0014678899082568807,0.9856115107913669,0.11510791366906475,0.8861570335545718,0.606285603270138,0.7033322877793329,0.027005680482435873,,,,,,,0.00537256766908123,-0.01421933847768253,-0.029062623391284736,-0.003730739347098916,,,,,,,0.0005849848344745556,0.0016056207075313411,-0.007253389179472491,0.002566977897309291,
small,replay,military_helicopter,stage_2,small:replay:military_helicopter:stage_2,44,experiments/suites/thesis_l40_main/extend/model_small/seed_44/replay/military_helicopter/stage_2,0.08818743641935113,0.006388688772450979,0.048296385740478176,0.003440590865156506,0.9688220548347739,0.10036025728938532,0.6948958548021538,0.4687501809386187,0.5324478547643168,0.02000484549954001,0.0250022646978893,0.0025364616360177552,0.012660550458715596,0.0012844036697247706,0.9928057553956835,0.10071942446043165,0.8743114526600236,0.5220232737525098,0.5627016901879,0.014679088087968254,,,,,,,-0.025189729114527437,-0.05263717986912153,-0.09648133769633327,0.0031558659416224943,,,,,,,0.0008398579024097019,-0.013497560076571324,-0.024279737214593977,-0.007529386697126932,
small,replay,military_tank,stage_1,small:replay:military_tank:stage_1,42,experiments/suites/thesis_l40_main/extend/model_small/seed_42/replay/military_tank/stage_1,0.0773035253780655,0.008668418114697147,0.04148407520957385,0.004638055573473791,0.9769170793713194,0.14273992920564288,0.754743829303708,0.5491970012152233,0.6319882843079249,0.05759560246686546,0.029469199360908926,0.0012426770814841115,0.014954954954954955,0.0006306306306306306,1.0,0.04216867469879518,0.8040491623872061,0.525158156813333,0.5908444259381741,0.007134825919906868,,,,,,,-0.00024444369060372395,-0.0006643702273373409,0.0011235873600382584,-0.0008456116598975086,,,,,,,0.015317843949964383,0.018289897907318275,0.010385749724256987,0.03453925400313916,
small,replay,military_tank,stage_1,small:replay:military_tank:stage_1,43,experiments/suites/thesis_l40_main/extend/model_small/seed_43/replay/military_tank/stage_1,0.09519255184692603,0.011319878086677261,0.05190561669997367,0.0061503480392902585,0.955956851314069,0.12747299860236547,0.7289840780044249,0.526375479282074,0.6003961674319177,0.026625481728457915,0.029469199360908926,0.002662879460323096,0.014954954954954955,0.0013513513513513514,1.0,0.09036144578313253,0.8339209051338323,0.5624719091366892,0.6088542649586824,0.01532335583639033,,,,,,,0.12122637746866083,0.07802365849991533,0.06251479527975912,0.007570528588856777,,,,,,,0.03147536003910001,0.026457068446919918,0.013550312831607236,0.0012331371462589377,
small,replay,military_tank,stage_1,small:replay:military_tank:stage_1,44,experiments/suites/thesis_l40_main/extend/model_small/seed_44/replay/military_tank/stage_1,0.09658428457679212,0.009119465944867856,0.052381120050571356,0.004952114872116792,0.9592982453109644,0.1063348108047593,0.6763343208619644,0.47170589876595886,0.5420353528915213,0.027480448211874453,0.029469199360908926,0.0023078288656133497,0.014954954954954955,0.0011711711711711711,1.0,0.0783132530120482,0.8086230169622719,0.5345285829346085,0.6283522401124197,0.015941200724569726,,,,,,,0.042880079588452635,0.039792902297660526,0.0785131135350261,0.007839774999891058,,,,,,,-0.0043794015964649935,-0.0019927944145367027,-0.0022518525864074768,0.012935087190581276,
small,replay,military_tank,stage_2,small:replay:military_tank:stage_2,42,experiments/suites/thesis_l40_main/extend/model_small/seed_42/replay/military_tank/stage_2,0.0748174055182096,0.010840521385195553,0.04048015848962169,0.0058273731909749445,0.9649759509887043,0.13887309590802918,0.7472327762170364,0.5394750293636393,0.6232012179777032,0.05584923937114536,0.029469199360908926,0.0012426770814841115,0.014954954954954955,0.0006306306306306306,1.0,0.04216867469879518,0.7913178594253821,0.514649457175427,0.5930151712952985,0.0034024243882433006,,,,,,,-0.01273130296182401,-0.010508699637906016,0.0021707453571243596,-0.003732401531663567,,,,,,,-0.007511053086671549,-0.009721971851583966,-0.008787066330221638,-0.0017463630957200993,
small,replay,military_tank,stage_2,small:replay:military_tank:stage_2,43,experiments/suites/thesis_l40_main/extend/model_small/seed_43/replay/military_tank/stage_2,0.08154879797566665,0.009169992417215627,0.044039415527531295,0.004979376391066044,0.9628221539482741,0.1101294511253258,0.7195309979316488,0.5177658532177167,0.5912779210098115,0.02670708933430645,0.029469199360908926,0.0017752529735487307,0.014954954954954955,0.0009009009009009009,1.0,0.060240963855421686,0.8412592799390836,0.5686949901784101,0.6327648554034014,0.010586949348448133,,,,,,,0.007338374805251235,0.006223081041720868,0.023910590444718993,-0.004736406487942197,,,,,,,-0.009453080072776121,-0.008609626064357223,-0.009118246422106235,8.160760584853544e-05,
small,replay,military_tank,stage_2,small:replay:military_tank:stage_2,44,experiments/suites/thesis_l40_main/extend/model_small/seed_44/replay/military_tank/stage_2,0.08344088747508109,0.008661688630165393,0.04481044015195978,0.004644477729939406,0.9635568054759919,0.11271614642121086,0.6764786417960668,0.468799800727703,0.5387406060104823,0.025985232701457025,0.029469199360908926,0.0017752529735487307,0.014954954954954955,0.0009009009009009009,1.0,0.060240963855421686,0.8347698047443627,0.5529515308926701,0.6580511690020063,0.019503833393526668,,,,,,,0.026146787782090786,0.018422947958061653,0.029698928889586584,0.0035626326689569415,,,,,,,0.0001443209341023266,-0.0029060980382558665,-0.0032947468810389235,-0.0014952155104174282,
